nohup: ignoring input

Epoch 1/150:   0%|          | 0/300 [00:00<?, ?it/s]
Epoch 1/150:   0%|          | 1/300 [00:00<02:17,  2.18it/s]
Epoch 1/150:   7%|▋         | 22/300 [00:00<00:05, 50.97it/s]
Epoch 1/150:  14%|█▍        | 43/300 [00:00<00:02, 90.72it/s]
Epoch 1/150:  23%|██▎       | 69/300 [00:00<00:01, 134.50it/s]
Epoch 1/150:  30%|██▉       | 89/300 [00:00<00:01, 147.99it/s]
Epoch 1/150:  37%|███▋      | 111/300 [00:00<00:01, 167.10it/s]
Epoch 1/150:  44%|████▎     | 131/300 [00:01<00:00, 172.36it/s]
Epoch 1/150:  50%|█████     | 151/300 [00:01<00:00, 177.51it/s]
Epoch 1/150:  58%|█████▊    | 174/300 [00:01<00:00, 191.19it/s]
Epoch 1/150:  65%|██████▌   | 195/300 [00:01<00:00, 186.11it/s]
Epoch 1/150:  73%|███████▎  | 219/300 [00:01<00:00, 200.91it/s]
Epoch 1/150:  80%|████████  | 240/300 [00:01<00:00, 197.56it/s]
Epoch 1/150:  88%|████████▊ | 264/300 [00:01<00:00, 207.95it/s]
Epoch 1/150:  95%|█████████▌| 286/300 [00:01<00:00, 202.98it/s]
Epoch 1/150: 100%|██████████| 300/300 [00:01<00:00, 153.86it/s]

Epoch 2/150:   0%|          | 0/300 [00:00<?, ?it/s]
Epoch 2/150:   1%|          | 3/300 [00:00<00:09, 29.94it/s]
Epoch 2/150:   8%|▊         | 23/300 [00:00<00:02, 127.43it/s]
Epoch 2/150:  16%|█▌        | 47/300 [00:00<00:01, 177.94it/s]
Epoch 2/150:  22%|██▏       | 65/300 [00:00<00:01, 174.73it/s]
Epoch 2/150:  29%|██▊       | 86/300 [00:00<00:01, 185.72it/s]
Epoch 2/150:  36%|███▋      | 109/300 [00:00<00:00, 199.74it/s]
Epoch 2/150:  43%|████▎     | 129/300 [00:00<00:00, 192.17it/s]
Epoch 2/150:  51%|█████▏    | 154/300 [00:00<00:00, 208.50it/s]
Epoch 2/150:  58%|█████▊    | 175/300 [00:00<00:00, 201.91it/s]
Epoch 2/150:  66%|██████▌   | 198/300 [00:01<00:00, 209.24it/s]
Epoch 2/150:  73%|███████▎  | 220/300 [00:01<00:00, 202.14it/s]
Epoch 2/150:  81%|████████  | 242/300 [00:01<00:00, 205.42it/s]
Epoch 2/150:  88%|████████▊ | 263/300 [00:01<00:00, 201.27it/s]
Epoch 2/150:  95%|█████████▍| 284/300 [00:01<00:00, 197.48it/s]
Epoch 2/150: 100%|██████████| 300/300 [00:01<00:00, 190.05it/s]

Epoch 3/150:   0%|          | 0/300 [00:00<?, ?it/s]
Epoch 3/150:   1%|          | 3/300 [00:00<00:10, 28.59it/s]
Epoch 3/150:   9%|▉         | 27/300 [00:00<00:01, 147.64it/s]
Epoch 3/150:  16%|█▌        | 48/300 [00:00<00:01, 168.83it/s]
Epoch 3/150:  22%|██▏       | 67/300 [00:00<00:01, 175.65it/s]
Epoch 3/150:  31%|███       | 92/300 [00:00<00:01, 200.97it/s]
Epoch 3/150:  38%|███▊      | 113/300 [00:00<00:00, 189.59it/s]
Epoch 3/150:  46%|████▌     | 138/300 [00:00<00:00, 205.70it/s]
Epoch 3/150:  53%|█████▎    | 159/300 [00:00<00:00, 200.82it/s]
Epoch 3/150:  60%|██████    | 181/300 [00:00<00:00, 205.65it/s]
Epoch 3/150:  67%|██████▋   | 202/300 [00:01<00:00, 201.64it/s]
Epoch 3/150:  75%|███████▌  | 225/300 [00:01<00:00, 207.76it/s]
Epoch 3/150:  82%|████████▏ | 247/300 [00:01<00:00, 205.33it/s]
Epoch 3/150:  89%|████████▉ | 268/300 [00:01<00:00, 201.92it/s]
Epoch 3/150:  97%|█████████▋| 292/300 [00:01<00:00, 211.49it/s]
Epoch 3/150: 100%|██████████| 300/300 [00:01<00:00, 189.73it/s]

Epoch 4/150:   0%|          | 0/300 [00:00<?, ?it/s]
Epoch 4/150:   1%|▏         | 4/300 [00:00<00:07, 39.94it/s]
Epoch 4/150:   9%|▉         | 28/300 [00:00<00:01, 154.55it/s]
Epoch 4/150:  15%|█▌        | 46/300 [00:00<00:01, 164.27it/s]
Epoch 4/150:  23%|██▎       | 69/300 [00:00<00:01, 187.38it/s]
Epoch 4/150:  29%|██▉       | 88/300 [00:00<00:01, 184.79it/s]
Epoch 4/150:  36%|███▌      | 108/300 [00:00<00:01, 188.99it/s]
Epoch 4/150:  43%|████▎     | 130/300 [00:00<00:00, 191.38it/s]
Epoch 4/150:  50%|█████     | 151/300 [00:00<00:00, 196.85it/s]
Epoch 4/150:  59%|█████▊    | 176/300 [00:00<00:00, 210.97it/s]
Epoch 4/150:  66%|██████▌   | 198/300 [00:01<00:00, 202.70it/s]
Epoch 4/150:  73%|███████▎  | 220/300 [00:01<00:00, 206.70it/s]
Epoch 4/150:  80%|████████  | 241/300 [00:01<00:00, 200.95it/s]
Epoch 4/150:  87%|████████▋ | 262/300 [00:01<00:00, 200.08it/s]
Epoch 4/150:  95%|█████████▍| 284/300 [00:01<00:00, 199.45it/s]
Epoch 4/150: 100%|██████████| 300/300 [00:01<00:00, 187.93it/s]

Epoch 5/150:   0%|          | 0/300 [00:00<?, ?it/s]
Epoch 5/150:   1%|▏         | 4/300 [00:00<00:07, 39.20it/s]
Epoch 5/150:   8%|▊         | 25/300 [00:00<00:02, 134.95it/s]
Epoch 5/150:  16%|█▋        | 49/300 [00:00<00:01, 179.67it/s]
Epoch 5/150:  23%|██▎       | 69/300 [00:00<00:01, 185.41it/s]
Epoch 5/150:  29%|██▉       | 88/300 [00:00<00:01, 185.46it/s]
Epoch 5/150:  37%|███▋      | 111/300 [00:00<00:00, 197.43it/s]
Epoch 5/150:  44%|████▎     | 131/300 [00:00<00:00, 188.59it/s]
Epoch 5/150:  52%|█████▏    | 156/300 [00:00<00:00, 205.25it/s]
Epoch 5/150:  59%|█████▉    | 177/300 [00:00<00:00, 200.22it/s]
Epoch 5/150:  67%|██████▋   | 200/300 [00:01<00:00, 208.46it/s]
Epoch 5/150:  74%|███████▎  | 221/300 [00:01<00:00, 204.01it/s]
Epoch 5/150:  81%|████████  | 242/300 [00:01<00:00, 203.06it/s]
Epoch 5/150:  88%|████████▊ | 265/300 [00:01<00:00, 207.70it/s]
Epoch 5/150:  95%|█████████▌| 286/300 [00:01<00:00, 196.81it/s]
Epoch 5/150: 100%|██████████| 300/300 [00:01<00:00, 189.29it/s]

Epoch 6/150:   0%|          | 0/300 [00:00<?, ?it/s]
Epoch 6/150:   1%|▏         | 4/300 [00:00<00:07, 39.18it/s]
Epoch 6/150:   9%|▉         | 28/300 [00:00<00:01, 155.38it/s]
Epoch 6/150:  17%|█▋        | 52/300 [00:00<00:01, 188.46it/s]
Epoch 6/150:  24%|██▎       | 71/300 [00:00<00:01, 181.40it/s]
Epoch 6/150:  32%|███▏      | 95/300 [00:00<00:01, 201.61it/s]
Epoch 6/150:  39%|███▊      | 116/300 [00:00<00:00, 192.31it/s]
Epoch 6/150:  46%|████▌     | 138/300 [00:00<00:00, 198.31it/s]
Epoch 6/150:  53%|█████▎    | 158/300 [00:00<00:00, 194.47it/s]
Epoch 6/150:  60%|█████▉    | 179/300 [00:00<00:00, 198.95it/s]
Epoch 6/150:  68%|██████▊   | 203/300 [00:01<00:00, 210.01it/s]
Epoch 6/150:  75%|███████▌  | 225/300 [00:01<00:00, 203.37it/s]
Epoch 6/150:  83%|████████▎ | 250/300 [00:01<00:00, 215.44it/s]
Epoch 6/150:  91%|█████████ | 272/300 [00:01<00:00, 197.02it/s]
Epoch 6/150:  99%|█████████▊| 296/300 [00:01<00:00, 208.68it/s]
Epoch 6/150: 100%|██████████| 300/300 [00:01<00:00, 191.57it/s]

Epoch 7/150:   0%|          | 0/300 [00:00<?, ?it/s]
Epoch 7/150:   1%|▏         | 4/300 [00:00<00:07, 37.21it/s]
Epoch 7/150:  10%|█         | 30/300 [00:00<00:01, 162.20it/s]
Epoch 7/150:  16%|█▌        | 47/300 [00:00<00:01, 163.95it/s]
Epoch 7/150:  23%|██▎       | 68/300 [00:00<00:01, 180.26it/s]
Epoch 7/150:  29%|██▉       | 88/300 [00:00<00:01, 185.41it/s]
Epoch 7/150:  36%|███▌      | 107/300 [00:00<00:01, 185.49it/s]
Epoch 7/150:  43%|████▎     | 130/300 [00:00<00:00, 197.95it/s]
Epoch 7/150:  50%|█████     | 150/300 [00:00<00:00, 184.37it/s]
Epoch 7/150:  58%|█████▊    | 174/300 [00:00<00:00, 199.55it/s]
Epoch 7/150:  65%|██████▌   | 195/300 [00:01<00:00, 190.23it/s]
Epoch 7/150:  72%|███████▏  | 217/300 [00:01<00:00, 197.55it/s]
Epoch 7/150:  79%|███████▉  | 237/300 [00:01<00:00, 191.34it/s]
Epoch 7/150:  86%|████████▌ | 258/300 [00:01<00:00, 196.40it/s]
Epoch 7/150:  94%|█████████▎| 281/300 [00:01<00:00, 204.72it/s]
Epoch 7/150: 100%|██████████| 300/300 [00:01<00:00, 183.99it/s]

Epoch 8/150:   0%|          | 0/300 [00:00<?, ?it/s]
Epoch 8/150:   1%|          | 3/300 [00:00<00:09, 29.84it/s]
Epoch 8/150:   8%|▊         | 23/300 [00:00<00:02, 126.93it/s]
Epoch 8/150:  16%|█▌        | 48/300 [00:00<00:01, 181.11it/s]
Epoch 8/150:  23%|██▎       | 68/300 [00:00<00:01, 184.97it/s]
Epoch 8/150:  29%|██▉       | 87/300 [00:00<00:01, 186.53it/s]
Epoch 8/150:  37%|███▋      | 110/300 [00:00<00:00, 200.53it/s]
Epoch 8/150:  44%|████▎     | 131/300 [00:00<00:00, 197.21it/s]
Epoch 8/150:  53%|█████▎    | 158/300 [00:00<00:00, 217.15it/s]
Epoch 8/150:  60%|██████    | 180/300 [00:00<00:00, 206.36it/s]
Epoch 8/150:  67%|██████▋   | 202/300 [00:01<00:00, 208.60it/s]
Epoch 8/150:  74%|███████▍  | 223/300 [00:01<00:00, 206.02it/s]
Epoch 8/150:  82%|████████▏ | 245/300 [00:01<00:00, 209.82it/s]
Epoch 8/150:  90%|████████▉ | 269/300 [00:01<00:00, 217.27it/s]
Epoch 8/150:  97%|█████████▋| 291/300 [00:01<00:00, 201.73it/s]
Epoch 8/150: 100%|██████████| 300/300 [00:01<00:00, 192.33it/s]

Epoch 9/150:   0%|          | 0/300 [00:00<?, ?it/s]
Epoch 9/150:   1%|          | 3/300 [00:00<00:10, 29.65it/s]
Epoch 9/150:   8%|▊         | 25/300 [00:00<00:02, 134.54it/s]
Epoch 9/150:  17%|█▋        | 51/300 [00:00<00:01, 189.98it/s]
Epoch 9/150:  23%|██▎       | 70/300 [00:00<00:01, 183.45it/s]
Epoch 9/150:  31%|███       | 92/300 [00:00<00:01, 195.40it/s]
Epoch 9/150:  37%|███▋      | 112/300 [00:00<00:00, 196.50it/s]
Epoch 9/150:  44%|████▍     | 132/300 [00:00<00:00, 196.33it/s]
Epoch 9/150:  52%|█████▏    | 156/300 [00:00<00:00, 208.36it/s]
Epoch 9/150:  59%|█████▉    | 177/300 [00:00<00:00, 193.48it/s]
Epoch 9/150:  67%|██████▋   | 201/300 [00:01<00:00, 206.66it/s]
Epoch 9/150:  74%|███████▍  | 222/300 [00:01<00:00, 197.19it/s]
Epoch 9/150:  82%|████████▏ | 246/300 [00:01<00:00, 208.44it/s]
Epoch 9/150:  89%|████████▉ | 268/300 [00:01<00:00, 196.22it/s]
Epoch 9/150:  97%|█████████▋| 290/300 [00:01<00:00, 202.41it/s]
Epoch 9/150: 100%|██████████| 300/300 [00:01<00:00, 172.80it/s]

Epoch 10/150:   0%|          | 0/300 [00:00<?, ?it/s]
Epoch 10/150:   1%|          | 3/300 [00:00<00:10, 28.91it/s]
Epoch 10/150:   8%|▊         | 24/300 [00:00<00:02, 129.35it/s]
Epoch 10/150:  17%|█▋        | 50/300 [00:00<00:01, 187.31it/s]
Epoch 10/150:  23%|██▎       | 69/300 [00:00<00:01, 184.08it/s]
Epoch 10/150:  30%|███       | 90/300 [00:00<00:01, 193.05it/s]
Epoch 10/150:  37%|███▋      | 110/300 [00:00<00:00, 193.42it/s]
Epoch 10/150:  43%|████▎     | 130/300 [00:00<00:00, 192.57it/s]
Epoch 10/150:  51%|█████     | 153/300 [00:00<00:00, 203.78it/s]
Epoch 10/150:  58%|█████▊    | 174/300 [00:00<00:00, 188.17it/s]
Epoch 10/150:  66%|██████▌   | 198/300 [00:01<00:00, 200.60it/s]
Epoch 10/150:  73%|███████▎  | 219/300 [00:01<00:00, 195.61it/s]
Epoch 10/150:  81%|████████  | 242/300 [00:01<00:00, 203.63it/s]
Epoch 10/150:  88%|████████▊ | 263/300 [00:01<00:00, 200.49it/s]
Epoch 10/150:  95%|█████████▍| 284/300 [00:01<00:00, 201.88it/s]
Epoch 10/150: 100%|██████████| 300/300 [00:01<00:00, 188.31it/s]

Epoch 11/150:   0%|          | 0/300 [00:00<?, ?it/s]
Epoch 11/150:   1%|▏         | 4/300 [00:00<00:07, 39.25it/s]
Epoch 11/150:   9%|▉         | 28/300 [00:00<00:01, 153.77it/s]
Epoch 11/150:  16%|█▌        | 47/300 [00:00<00:01, 167.91it/s]
Epoch 11/150:  23%|██▎       | 69/300 [00:00<00:01, 187.10it/s]
Epoch 11/150:  31%|███       | 92/300 [00:00<00:01, 201.33it/s]
Epoch 11/150:  38%|███▊      | 113/300 [00:00<00:00, 193.25it/s]
Epoch 11/150:  46%|████▌     | 137/300 [00:00<00:00, 206.18it/s]
Epoch 11/150:  53%|█████▎    | 158/300 [00:00<00:00, 194.59it/s]
Epoch 11/150:  60%|██████    | 181/300 [00:00<00:00, 202.70it/s]
Epoch 11/150:  67%|██████▋   | 202/300 [00:01<00:00, 193.72it/s]
Epoch 11/150:  74%|███████▍  | 223/300 [00:01<00:00, 196.44it/s]
Epoch 11/150:  81%|████████▏ | 244/300 [00:01<00:00, 198.26it/s]
Epoch 11/150:  88%|████████▊ | 264/300 [00:01<00:00, 194.46it/s]
Epoch 11/150:  96%|█████████▌| 288/300 [00:01<00:00, 206.47it/s]
Epoch 11/150: 100%|██████████| 300/300 [00:01<00:00, 187.70it/s]

Epoch 12/150:   0%|          | 0/300 [00:00<?, ?it/s]
Epoch 12/150:   1%|          | 3/300 [00:00<00:10, 29.58it/s]
Epoch 12/150:   9%|▊         | 26/300 [00:00<00:01, 139.15it/s]
Epoch 12/150:  16%|█▋        | 49/300 [00:00<00:01, 178.58it/s]
Epoch 12/150:  25%|██▌       | 75/300 [00:00<00:01, 206.46it/s]
Epoch 12/150:  32%|███▏      | 96/300 [00:00<00:01, 187.76it/s]
Epoch 12/150:  41%|████      | 122/300 [00:00<00:00, 208.62it/s]
Epoch 12/150:  48%|████▊     | 144/300 [00:00<00:00, 199.07it/s]
Epoch 12/150:  56%|█████▌    | 167/300 [00:00<00:00, 206.35it/s]
Epoch 12/150:  63%|██████▎   | 188/300 [00:00<00:00, 196.17it/s]
Epoch 12/150:  70%|███████   | 210/300 [00:01<00:00, 202.02it/s]
Epoch 12/150:  77%|███████▋  | 231/300 [00:01<00:00, 201.10it/s]
Epoch 12/150:  85%|████████▌ | 255/300 [00:01<00:00, 211.40it/s]
Epoch 12/150:  93%|█████████▎| 279/300 [00:01<00:00, 218.19it/s]
Epoch 12/150: 100%|██████████| 300/300 [00:01<00:00, 192.74it/s]

Epoch 13/150:   0%|          | 0/300 [00:00<?, ?it/s]
Epoch 13/150:   1%|▏         | 4/300 [00:00<00:07, 38.86it/s]
Epoch 13/150:   8%|▊         | 24/300 [00:00<00:02, 131.09it/s]
Epoch 13/150:  16%|█▌        | 47/300 [00:00<00:01, 173.40it/s]
Epoch 13/150:  23%|██▎       | 70/300 [00:00<00:01, 194.60it/s]
Epoch 13/150:  30%|███       | 90/300 [00:00<00:01, 187.62it/s]
Epoch 13/150:  38%|███▊      | 113/300 [00:00<00:00, 200.93it/s]
Epoch 13/150:  45%|████▍     | 134/300 [00:00<00:00, 195.63it/s]
Epoch 13/150:  52%|█████▏    | 157/300 [00:00<00:00, 205.43it/s]
Epoch 13/150:  59%|█████▉    | 178/300 [00:00<00:00, 202.00it/s]
Epoch 13/150:  67%|██████▋   | 200/300 [00:01<00:00, 206.08it/s]
Epoch 13/150:  74%|███████▍  | 223/300 [00:01<00:00, 208.66it/s]
Epoch 13/150:  81%|████████▏ | 244/300 [00:01<00:00, 201.38it/s]
Epoch 13/150:  90%|████████▉ | 269/300 [00:01<00:00, 213.76it/s]
Epoch 13/150:  97%|█████████▋| 291/300 [00:01<00:00, 194.10it/s]
Epoch 13/150: 100%|██████████| 300/300 [00:01<00:00, 188.14it/s]

Epoch 14/150:   0%|          | 0/300 [00:00<?, ?it/s]
Epoch 14/150:   1%|          | 2/300 [00:00<00:15, 19.18it/s]
Epoch 14/150:   8%|▊         | 24/300 [00:00<00:02, 132.73it/s]
Epoch 14/150:  16%|█▌        | 48/300 [00:00<00:01, 177.86it/s]
Epoch 14/150:  22%|██▏       | 66/300 [00:00<00:01, 177.53it/s]
Epoch 14/150:  29%|██▉       | 87/300 [00:00<00:01, 187.00it/s]
Epoch 14/150:  36%|███▌      | 107/300 [00:00<00:01, 188.73it/s]
Epoch 14/150:  42%|████▏     | 127/300 [00:00<00:00, 190.22it/s]
Epoch 14/150:  50%|█████     | 150/300 [00:00<00:00, 200.57it/s]
Epoch 14/150:  57%|█████▋    | 171/300 [00:00<00:00, 190.17it/s]
Epoch 14/150:  65%|██████▌   | 195/300 [00:01<00:00, 203.10it/s]
Epoch 14/150:  72%|███████▏  | 216/300 [00:01<00:00, 194.08it/s]
Epoch 14/150:  79%|███████▉  | 237/300 [00:01<00:00, 198.19it/s]
Epoch 14/150:  86%|████████▌ | 257/300 [00:01<00:00, 190.17it/s]
Epoch 14/150:  93%|█████████▎| 278/300 [00:01<00:00, 195.64it/s]
Epoch 14/150:  99%|█████████▉| 298/300 [00:01<00:00, 194.69it/s]
Epoch 14/150: 100%|██████████| 300/300 [00:01<00:00, 181.57it/s]

Epoch 15/150:   0%|          | 0/300 [00:00<?, ?it/s]
Epoch 15/150:   1%|▏         | 4/300 [00:00<00:07, 38.41it/s]
Epoch 15/150:   9%|▊         | 26/300 [00:00<00:02, 134.74it/s]
Epoch 15/150:  15%|█▌        | 45/300 [00:00<00:01, 156.07it/s]
Epoch 15/150:  23%|██▎       | 69/300 [00:00<00:01, 186.40it/s]
Epoch 15/150:  30%|██▉       | 89/300 [00:00<00:01, 189.20it/s]
Epoch 15/150:  37%|███▋      | 112/300 [00:00<00:00, 201.07it/s]
Epoch 15/150:  44%|████▍     | 133/300 [00:00<00:00, 198.11it/s]
Epoch 15/150:  51%|█████▏    | 154/300 [00:00<00:00, 200.94it/s]
Epoch 15/150:  59%|█████▉    | 177/300 [00:00<00:00, 207.19it/s]
Epoch 15/150:  66%|██████▌   | 198/300 [00:01<00:00, 194.23it/s]
Epoch 15/150:  74%|███████▍  | 222/300 [00:01<00:00, 205.87it/s]
Epoch 15/150:  81%|████████  | 243/300 [00:01<00:00, 191.70it/s]
Epoch 15/150:  89%|████████▉ | 268/300 [00:01<00:00, 205.40it/s]
Epoch 15/150:  96%|█████████▋| 289/300 [00:01<00:00, 196.83it/s]
Epoch 15/150: 100%|██████████| 300/300 [00:01<00:00, 186.57it/s]

Epoch 16/150:   0%|          | 0/300 [00:00<?, ?it/s]
Epoch 16/150:   1%|          | 2/300 [00:00<00:14, 19.97it/s]
Epoch 16/150:   7%|▋         | 21/300 [00:00<00:02, 116.93it/s]
Epoch 16/150:  15%|█▌        | 46/300 [00:00<00:01, 176.25it/s]
Epoch 16/150:  21%|██▏       | 64/300 [00:00<00:01, 173.00it/s]
Epoch 16/150:  29%|██▊       | 86/300 [00:00<00:01, 188.18it/s]
Epoch 16/150:  35%|███▌      | 106/300 [00:00<00:01, 188.93it/s]
Epoch 16/150:  42%|████▏     | 127/300 [00:00<00:00, 194.11it/s]
Epoch 16/150:  50%|█████     | 150/300 [00:00<00:00, 204.11it/s]
Epoch 16/150:  57%|█████▋    | 171/300 [00:00<00:00, 193.09it/s]
Epoch 16/150:  65%|██████▌   | 196/300 [00:01<00:00, 207.60it/s]
Epoch 16/150:  72%|███████▏  | 217/300 [00:01<00:00, 203.08it/s]
Epoch 16/150:  80%|████████  | 240/300 [00:01<00:00, 208.96it/s]
Epoch 16/150:  87%|████████▋ | 261/300 [00:01<00:00, 198.81it/s]
Epoch 16/150:  94%|█████████▍| 283/300 [00:01<00:00, 203.43it/s]
Epoch 16/150: 100%|██████████| 300/300 [00:01<00:00, 188.20it/s]

Epoch 17/150:   0%|          | 0/300 [00:00<?, ?it/s]
Epoch 17/150:   1%|          | 3/300 [00:00<00:10, 29.27it/s]
Epoch 17/150:  10%|▉         | 29/300 [00:00<00:01, 161.25it/s]
Epoch 17/150:  16%|█▌        | 48/300 [00:00<00:01, 172.80it/s]
Epoch 17/150:  23%|██▎       | 68/300 [00:00<00:01, 183.06it/s]
Epoch 17/150:  29%|██▉       | 88/300 [00:00<00:01, 188.58it/s]
Epoch 17/150:  36%|███▌      | 107/300 [00:00<00:01, 185.85it/s]
Epoch 17/150:  43%|████▎     | 129/300 [00:00<00:00, 195.54it/s]
Epoch 17/150:  50%|████▉     | 149/300 [00:00<00:00, 189.29it/s]
Epoch 17/150:  58%|█████▊    | 173/300 [00:00<00:00, 203.01it/s]
Epoch 17/150:  65%|██████▍   | 194/300 [00:01<00:00, 194.42it/s]
Epoch 17/150:  72%|███████▏  | 217/300 [00:01<00:00, 203.15it/s]
Epoch 17/150:  79%|███████▉  | 238/300 [00:01<00:00, 194.82it/s]
Epoch 17/150:  87%|████████▋ | 261/300 [00:01<00:00, 203.86it/s]
Epoch 17/150:  94%|█████████▍| 282/300 [00:01<00:00, 201.08it/s]
Epoch 17/150: 100%|██████████| 300/300 [00:01<00:00, 185.17it/s]

Epoch 18/150:   0%|          | 0/300 [00:00<?, ?it/s]
Epoch 18/150:   1%|          | 2/300 [00:00<00:15, 19.54it/s]
Epoch 18/150:   7%|▋         | 21/300 [00:00<00:02, 116.91it/s]
Epoch 18/150:  15%|█▌        | 46/300 [00:00<00:01, 176.43it/s]
Epoch 18/150:  22%|██▏       | 66/300 [00:00<00:01, 182.87it/s]
Epoch 18/150:  29%|██▉       | 88/300 [00:00<00:01, 194.92it/s]
Epoch 18/150:  37%|███▋      | 110/300 [00:00<00:00, 197.58it/s]
Epoch 18/150:  44%|████▍     | 132/300 [00:00<00:00, 202.48it/s]
Epoch 18/150:  53%|█████▎    | 158/300 [00:00<00:00, 217.19it/s]
Epoch 18/150:  60%|██████    | 180/300 [00:00<00:00, 204.51it/s]
Epoch 18/150:  68%|██████▊   | 205/300 [00:01<00:00, 217.40it/s]
Epoch 18/150:  76%|███████▌  | 227/300 [00:01<00:00, 207.63it/s]
Epoch 18/150:  83%|████████▎ | 249/300 [00:01<00:00, 208.87it/s]
Epoch 18/150:  90%|█████████ | 271/300 [00:01<00:00, 204.02it/s]
Epoch 18/150:  97%|█████████▋| 292/300 [00:01<00:00, 203.66it/s]
Epoch 18/150: 100%|██████████| 300/300 [00:01<00:00, 193.31it/s]

Epoch 19/150:   0%|          | 0/300 [00:00<?, ?it/s]
Epoch 19/150:   1%|          | 3/300 [00:00<00:10, 28.29it/s]
Epoch 19/150:   8%|▊         | 24/300 [00:00<00:02, 131.94it/s]
Epoch 19/150:  17%|█▋        | 50/300 [00:00<00:01, 186.30it/s]
Epoch 19/150:  23%|██▎       | 69/300 [00:00<00:01, 180.06it/s]
Epoch 19/150:  30%|███       | 91/300 [00:00<00:01, 193.88it/s]
Epoch 19/150:  37%|███▋      | 111/300 [00:00<00:00, 193.23it/s]
Epoch 19/150:  44%|████▍     | 132/300 [00:00<00:00, 197.71it/s]
Epoch 19/150:  52%|█████▏    | 156/300 [00:00<00:00, 208.33it/s]
Epoch 19/150:  59%|█████▉    | 177/300 [00:00<00:00, 195.22it/s]
Epoch 19/150:  67%|██████▋   | 202/300 [00:01<00:00, 209.64it/s]
Epoch 19/150:  75%|███████▍  | 224/300 [00:01<00:00, 207.15it/s]
Epoch 19/150:  83%|████████▎ | 248/300 [00:01<00:00, 216.58it/s]
Epoch 19/150:  90%|█████████ | 270/300 [00:01<00:00, 203.57it/s]
Epoch 19/150:  97%|█████████▋| 291/300 [00:01<00:00, 203.91it/s]
Epoch 19/150: 100%|██████████| 300/300 [00:01<00:00, 191.89it/s]

Epoch 20/150:   0%|          | 0/300 [00:00<?, ?it/s]
Epoch 20/150:   1%|          | 3/300 [00:00<00:10, 29.69it/s]
Epoch 20/150:   8%|▊         | 24/300 [00:00<00:02, 134.53it/s]
Epoch 20/150:  16%|█▌        | 47/300 [00:00<00:01, 175.45it/s]
Epoch 20/150:  22%|██▏       | 65/300 [00:00<00:01, 171.31it/s]
Epoch 20/150:  30%|███       | 90/300 [00:00<00:01, 195.93it/s]
Epoch 20/150:  37%|███▋      | 110/300 [00:00<00:01, 185.89it/s]
Epoch 20/150:  44%|████▍     | 133/300 [00:00<00:00, 197.71it/s]
Epoch 20/150:  51%|█████     | 153/300 [00:00<00:00, 190.69it/s]
Epoch 20/150:  58%|█████▊    | 175/300 [00:00<00:00, 198.23it/s]
Epoch 20/150:  65%|██████▌   | 195/300 [00:01<00:00, 193.89it/s]
Epoch 20/150:  72%|███████▏  | 215/300 [00:01<00:00, 193.56it/s]
Epoch 20/150:  80%|███████▉  | 239/300 [00:01<00:00, 205.20it/s]
Epoch 20/150:  87%|████████▋ | 260/300 [00:01<00:00, 190.96it/s]
Epoch 20/150:  95%|█████████▌| 285/300 [00:01<00:00, 207.04it/s]
Epoch 20/150: 100%|██████████| 300/300 [00:01<00:00, 184.17it/s]

Epoch 21/150:   0%|          | 0/300 [00:00<?, ?it/s]
Epoch 21/150:   1%|          | 3/300 [00:00<00:09, 29.99it/s]
Epoch 21/150:   9%|▉         | 27/300 [00:00<00:01, 150.02it/s]
Epoch 21/150:  15%|█▌        | 45/300 [00:00<00:01, 160.67it/s]
Epoch 21/150:  23%|██▎       | 70/300 [00:00<00:01, 192.50it/s]
Epoch 21/150:  30%|███       | 90/300 [00:00<00:01, 191.67it/s]
Epoch 21/150:  38%|███▊      | 113/300 [00:00<00:00, 203.08it/s]
Epoch 21/150:  46%|████▌     | 137/300 [00:00<00:00, 207.84it/s]
Epoch 21/150:  53%|█████▎    | 160/300 [00:00<00:00, 213.98it/s]
Epoch 21/150:  62%|██████▏   | 185/300 [00:00<00:00, 222.73it/s]
Epoch 21/150:  69%|██████▉   | 208/300 [00:01<00:00, 206.28it/s]
Epoch 21/150:  78%|███████▊  | 234/300 [00:01<00:00, 220.51it/s]
Epoch 21/150:  86%|████████▌ | 257/300 [00:01<00:00, 207.75it/s]
Epoch 21/150:  93%|█████████▎| 280/300 [00:01<00:00, 212.96it/s]
Epoch 21/150: 100%|██████████| 300/300 [00:01<00:00, 195.19it/s]

Epoch 22/150:   0%|          | 0/300 [00:00<?, ?it/s]
Epoch 22/150:   1%|▏         | 4/300 [00:00<00:07, 39.21it/s]
Epoch 22/150:   9%|▉         | 28/300 [00:00<00:01, 149.27it/s]
Epoch 22/150:  15%|█▌        | 46/300 [00:00<00:01, 160.29it/s]
Epoch 22/150:  23%|██▎       | 70/300 [00:00<00:01, 189.67it/s]
Epoch 22/150:  30%|██▉       | 89/300 [00:00<00:01, 186.56it/s]
Epoch 22/150:  37%|███▋      | 111/300 [00:00<00:00, 195.71it/s]
Epoch 22/150:  44%|████▍     | 132/300 [00:00<00:00, 198.48it/s]
Epoch 22/150:  51%|█████▏    | 154/300 [00:00<00:00, 205.15it/s]
Epoch 22/150:  59%|█████▉    | 178/300 [00:00<00:00, 215.68it/s]
Epoch 22/150:  67%|██████▋   | 200/300 [00:01<00:00, 201.06it/s]
Epoch 22/150:  75%|███████▍  | 224/300 [00:01<00:00, 211.33it/s]
Epoch 22/150:  82%|████████▏ | 246/300 [00:01<00:00, 204.51it/s]
Epoch 22/150:  90%|█████████ | 271/300 [00:01<00:00, 216.38it/s]
Epoch 22/150:  98%|█████████▊| 293/300 [00:01<00:00, 205.72it/s]
Epoch 22/150: 100%|██████████| 300/300 [00:01<00:00, 192.04it/s]

Epoch 23/150:   0%|          | 0/300 [00:00<?, ?it/s]
Epoch 23/150:   1%|▏         | 4/300 [00:00<00:07, 38.55it/s]
Epoch 23/150:   8%|▊         | 25/300 [00:00<00:02, 135.40it/s]
Epoch 23/150:  16%|█▋        | 49/300 [00:00<00:01, 181.02it/s]
Epoch 23/150:  24%|██▍       | 72/300 [00:00<00:01, 191.69it/s]
Epoch 23/150:  31%|███       | 92/300 [00:00<00:01, 187.19it/s]
Epoch 23/150:  39%|███▊      | 116/300 [00:00<00:00, 203.48it/s]
Epoch 23/150:  46%|████▌     | 137/300 [00:00<00:00, 191.96it/s]
Epoch 23/150:  54%|█████▎    | 161/300 [00:00<00:00, 205.94it/s]
Epoch 23/150:  61%|██████    | 182/300 [00:00<00:00, 196.15it/s]
Epoch 23/150:  69%|██████▊   | 206/300 [00:01<00:00, 206.84it/s]
Epoch 23/150:  76%|███████▌  | 227/300 [00:01<00:00, 201.79it/s]
Epoch 23/150:  83%|████████▎ | 248/300 [00:01<00:00, 202.09it/s]
Epoch 23/150:  90%|█████████ | 271/300 [00:01<00:00, 209.81it/s]
Epoch 23/150:  98%|█████████▊| 293/300 [00:01<00:00, 201.68it/s]
Epoch 23/150: 100%|██████████| 300/300 [00:01<00:00, 189.91it/s]

Epoch 24/150:   0%|          | 0/300 [00:00<?, ?it/s]
Epoch 24/150:   1%|          | 2/300 [00:00<00:15, 19.46it/s]
Epoch 24/150:   8%|▊         | 24/300 [00:00<00:02, 134.49it/s]
Epoch 24/150:  16%|█▋        | 49/300 [00:00<00:01, 182.74it/s]
Epoch 24/150:  23%|██▎       | 68/300 [00:00<00:01, 178.70it/s]
Epoch 24/150:  30%|███       | 90/300 [00:00<00:01, 190.95it/s]
Epoch 24/150:  37%|███▋      | 110/300 [00:00<00:01, 183.40it/s]
Epoch 24/150:  44%|████▎     | 131/300 [00:00<00:00, 190.57it/s]
Epoch 24/150:  50%|█████     | 151/300 [00:00<00:00, 190.32it/s]
Epoch 24/150:  57%|█████▋    | 171/300 [00:00<00:00, 191.75it/s]
Epoch 24/150:  65%|██████▌   | 195/300 [00:01<00:00, 203.90it/s]
Epoch 24/150:  72%|███████▏  | 216/300 [00:01<00:00, 196.97it/s]
Epoch 24/150:  80%|████████  | 241/300 [00:01<00:00, 211.39it/s]
Epoch 24/150:  88%|████████▊ | 263/300 [00:01<00:00, 199.78it/s]
Epoch 24/150:  95%|█████████▌| 286/300 [00:01<00:00, 206.37it/s]
Epoch 24/150: 100%|██████████| 300/300 [00:01<00:00, 188.52it/s]

Epoch 25/150:   0%|          | 0/300 [00:00<?, ?it/s]
Epoch 25/150:   1%|▏         | 4/300 [00:00<00:07, 39.68it/s]
Epoch 25/150:   9%|▉         | 27/300 [00:00<00:01, 150.49it/s]
Epoch 25/150:  15%|█▌        | 46/300 [00:00<00:01, 165.67it/s]
Epoch 25/150:  22%|██▏       | 67/300 [00:00<00:01, 182.32it/s]
Epoch 25/150:  30%|███       | 90/300 [00:00<00:01, 193.46it/s]
Epoch 25/150:  37%|███▋      | 110/300 [00:00<00:01, 182.30it/s]
Epoch 25/150:  43%|████▎     | 129/300 [00:00<00:01, 130.32it/s]
Epoch 25/150:  52%|█████▏    | 155/300 [00:00<00:00, 159.46it/s]
Epoch 25/150:  59%|█████▊    | 176/300 [00:01<00:00, 170.60it/s]
Epoch 25/150:  67%|██████▋   | 200/300 [00:01<00:00, 187.61it/s]
Epoch 25/150:  74%|███████▎  | 221/300 [00:01<00:00, 189.41it/s]
Epoch 25/150:  80%|████████  | 241/300 [00:01<00:00, 188.81it/s]
Epoch 25/150:  88%|████████▊ | 264/300 [00:01<00:00, 198.03it/s]
Epoch 25/150:  95%|█████████▌| 285/300 [00:01<00:00, 190.62it/s]
Epoch 25/150: 100%|██████████| 300/300 [00:01<00:00, 174.44it/s]

Epoch 26/150:   0%|          | 0/300 [00:00<?, ?it/s]
Epoch 26/150:   1%|          | 3/300 [00:00<00:10, 29.51it/s]
Epoch 26/150:   9%|▉         | 27/300 [00:00<00:01, 150.70it/s]
Epoch 26/150:  16%|█▋        | 49/300 [00:00<00:01, 181.98it/s]
Epoch 26/150:  23%|██▎       | 68/300 [00:00<00:01, 176.67it/s]
Epoch 26/150:  31%|███       | 93/300 [00:00<00:01, 200.36it/s]
Epoch 26/150:  38%|███▊      | 114/300 [00:00<00:00, 191.24it/s]
Epoch 26/150:  46%|████▌     | 138/300 [00:00<00:00, 203.86it/s]
Epoch 26/150:  53%|█████▎    | 159/300 [00:00<00:00, 202.13it/s]
Epoch 26/150:  60%|██████    | 181/300 [00:00<00:00, 205.14it/s]
Epoch 26/150:  67%|██████▋   | 202/300 [00:01<00:00, 206.45it/s]
Epoch 26/150:  74%|███████▍  | 223/300 [00:01<00:00, 193.93it/s]
Epoch 26/150:  83%|████████▎ | 248/300 [00:01<00:00, 208.44it/s]
Epoch 26/150:  90%|█████████ | 270/300 [00:01<00:00, 197.15it/s]
Epoch 26/150:  98%|█████████▊| 295/300 [00:01<00:00, 210.71it/s]
Epoch 26/150: 100%|██████████| 300/300 [00:01<00:00, 191.07it/s]

Epoch 27/150:   0%|          | 0/300 [00:00<?, ?it/s]
Epoch 27/150:   1%|          | 3/300 [00:00<00:10, 27.56it/s]
Epoch 27/150:   9%|▉         | 28/300 [00:00<00:01, 151.96it/s]
Epoch 27/150:  15%|█▌        | 46/300 [00:00<00:01, 164.26it/s]
Epoch 27/150:  22%|██▏       | 67/300 [00:00<00:01, 180.16it/s]
Epoch 27/150:  30%|███       | 90/300 [00:00<00:01, 187.93it/s]
Epoch 27/150:  37%|███▋      | 110/300 [00:00<00:00, 190.24it/s]
Epoch 27/150:  45%|████▍     | 134/300 [00:00<00:00, 204.01it/s]
Epoch 27/150:  52%|█████▏    | 155/300 [00:00<00:00, 187.33it/s]
Epoch 27/150:  60%|█████▉    | 179/300 [00:00<00:00, 202.23it/s]
Epoch 27/150:  67%|██████▋   | 200/300 [00:01<00:00, 196.50it/s]
Epoch 27/150:  74%|███████▍  | 223/300 [00:01<00:00, 204.56it/s]
Epoch 27/150:  81%|████████▏ | 244/300 [00:01<00:00, 199.34it/s]
Epoch 27/150:  88%|████████▊ | 265/300 [00:01<00:00, 196.97it/s]
Epoch 27/150:  96%|█████████▌| 288/300 [00:01<00:00, 205.19it/s]
Epoch 27/150: 100%|██████████| 300/300 [00:01<00:00, 186.46it/s]

Epoch 28/150:   0%|          | 0/300 [00:00<?, ?it/s]
Epoch 28/150:   1%|          | 3/300 [00:00<00:10, 29.55it/s]
Epoch 28/150:   9%|▊         | 26/300 [00:00<00:01, 143.87it/s]
Epoch 28/150:  14%|█▍        | 43/300 [00:00<00:01, 153.83it/s]
Epoch 28/150:  22%|██▏       | 67/300 [00:00<00:01, 185.74it/s]
Epoch 28/150:  29%|██▊       | 86/300 [00:00<00:01, 185.81it/s]
Epoch 28/150:  36%|███▌      | 108/300 [00:00<00:00, 197.04it/s]
Epoch 28/150:  43%|████▎     | 128/300 [00:00<00:00, 197.10it/s]
Epoch 28/150:  50%|████▉     | 149/300 [00:00<00:00, 200.59it/s]
Epoch 28/150:  58%|█████▊    | 174/300 [00:00<00:00, 213.04it/s]
Epoch 28/150:  65%|██████▌   | 196/300 [00:01<00:00, 199.09it/s]
Epoch 28/150:  73%|███████▎  | 220/300 [00:01<00:00, 209.11it/s]
Epoch 28/150:  81%|████████  | 242/300 [00:01<00:00, 197.02it/s]
Epoch 28/150:  89%|████████▊ | 266/300 [00:01<00:00, 206.48it/s]
Epoch 28/150:  96%|█████████▌| 287/300 [00:01<00:00, 198.38it/s]
Epoch 28/150: 100%|██████████| 300/300 [00:01<00:00, 186.96it/s]

Epoch 29/150:   0%|          | 0/300 [00:00<?, ?it/s]
Epoch 29/150:   1%|▏         | 4/300 [00:00<00:07, 39.12it/s]
Epoch 29/150:   8%|▊         | 23/300 [00:00<00:02, 126.48it/s]
Epoch 29/150:  16%|█▌        | 47/300 [00:00<00:01, 176.12it/s]
Epoch 29/150:  22%|██▏       | 67/300 [00:00<00:01, 184.03it/s]
Epoch 29/150:  29%|██▉       | 87/300 [00:00<00:01, 187.87it/s]
Epoch 29/150:  37%|███▋      | 111/300 [00:00<00:00, 202.17it/s]
Epoch 29/150:  44%|████▍     | 132/300 [00:00<00:00, 195.55it/s]
Epoch 29/150:  52%|█████▏    | 157/300 [00:00<00:00, 210.36it/s]
Epoch 29/150:  60%|█████▉    | 179/300 [00:00<00:00, 195.57it/s]
Epoch 29/150:  68%|██████▊   | 204/300 [00:01<00:00, 208.92it/s]
Epoch 29/150:  75%|███████▌  | 226/300 [00:01<00:00, 192.54it/s]
Epoch 29/150:  84%|████████▎ | 251/300 [00:01<00:00, 206.65it/s]
Epoch 29/150:  91%|█████████ | 273/300 [00:01<00:00, 195.22it/s]
Epoch 29/150:  99%|█████████▉| 298/300 [00:01<00:00, 209.40it/s]
Epoch 29/150: 100%|██████████| 300/300 [00:01<00:00, 190.39it/s]

Epoch 30/150:   0%|          | 0/300 [00:00<?, ?it/s]
Epoch 30/150:   1%|▏         | 4/300 [00:00<00:07, 38.99it/s]
Epoch 30/150:   9%|▉         | 27/300 [00:00<00:01, 149.10it/s]
Epoch 30/150:  15%|█▌        | 46/300 [00:00<00:01, 165.62it/s]
Epoch 30/150:  22%|██▏       | 66/300 [00:00<00:01, 176.71it/s]
Epoch 30/150:  30%|███       | 90/300 [00:00<00:01, 198.15it/s]
Epoch 30/150:  37%|███▋      | 110/300 [00:00<00:01, 184.31it/s]
Epoch 30/150:  45%|████▌     | 135/300 [00:00<00:00, 202.01it/s]
Epoch 30/150:  52%|█████▏    | 156/300 [00:00<00:00, 193.47it/s]
Epoch 30/150:  60%|█████▉    | 179/300 [00:00<00:00, 203.54it/s]
Epoch 30/150:  67%|██████▋   | 200/300 [00:01<00:00, 197.81it/s]
Epoch 30/150:  74%|███████▎  | 221/300 [00:01<00:00, 200.19it/s]
Epoch 30/150:  81%|████████  | 242/300 [00:01<00:00, 199.33it/s]
Epoch 30/150:  88%|████████▊ | 264/300 [00:01<00:00, 203.14it/s]
Epoch 30/150:  96%|█████████▌| 288/300 [00:01<00:00, 211.86it/s]
Epoch 30/150: 100%|██████████| 300/300 [00:01<00:00, 187.63it/s]

Epoch 31/150:   0%|          | 0/300 [00:00<?, ?it/s]
Epoch 31/150:   1%|▏         | 4/300 [00:00<00:07, 38.80it/s]
Epoch 31/150:   8%|▊         | 25/300 [00:00<00:02, 135.51it/s]
Epoch 31/150:  16%|█▋        | 49/300 [00:00<00:01, 180.36it/s]
Epoch 31/150:  25%|██▍       | 74/300 [00:00<00:01, 204.91it/s]
Epoch 31/150:  32%|███▏      | 95/300 [00:00<00:01, 190.79it/s]
Epoch 31/150:  40%|███▉      | 119/300 [00:00<00:00, 204.48it/s]
Epoch 31/150:  47%|████▋     | 140/300 [00:00<00:00, 194.60it/s]
Epoch 31/150:  54%|█████▍    | 162/300 [00:00<00:00, 199.78it/s]
Epoch 31/150:  61%|██████    | 183/300 [00:00<00:00, 196.35it/s]
Epoch 31/150:  68%|██████▊   | 203/300 [00:01<00:00, 196.00it/s]
Epoch 31/150:  75%|███████▌  | 226/300 [00:01<00:00, 204.17it/s]
Epoch 31/150:  82%|████████▏ | 247/300 [00:01<00:00, 193.30it/s]
Epoch 31/150:  90%|█████████ | 271/300 [00:01<00:00, 206.04it/s]
Epoch 31/150:  97%|█████████▋| 292/300 [00:01<00:00, 189.09it/s]
Epoch 31/150: 100%|██████████| 300/300 [00:01<00:00, 186.53it/s]

Epoch 32/150:   0%|          | 0/300 [00:00<?, ?it/s]
Epoch 32/150:   1%|          | 3/300 [00:00<00:10, 28.11it/s]
Epoch 32/150:   8%|▊         | 23/300 [00:00<00:02, 124.69it/s]
Epoch 32/150:  16%|█▌        | 47/300 [00:00<00:01, 173.11it/s]
Epoch 32/150:  22%|██▏       | 65/300 [00:00<00:01, 172.22it/s]
Epoch 32/150:  29%|██▉       | 87/300 [00:00<00:01, 188.91it/s]
Epoch 32/150:  36%|███▌      | 107/300 [00:00<00:01, 191.94it/s]
Epoch 32/150:  42%|████▏     | 127/300 [00:00<00:00, 193.27it/s]
Epoch 32/150:  50%|█████     | 150/300 [00:00<00:00, 203.84it/s]
Epoch 32/150:  57%|█████▋    | 171/300 [00:00<00:00, 197.22it/s]
Epoch 32/150:  65%|██████▌   | 196/300 [00:01<00:00, 212.29it/s]
Epoch 32/150:  73%|███████▎  | 218/300 [00:01<00:00, 203.62it/s]
Epoch 32/150:  80%|████████  | 241/300 [00:01<00:00, 211.14it/s]
Epoch 32/150:  88%|████████▊ | 263/300 [00:01<00:00, 203.17it/s]
Epoch 32/150:  95%|█████████▍| 284/300 [00:01<00:00, 204.47it/s]
Epoch 32/150: 100%|██████████| 300/300 [00:01<00:00, 190.15it/s]

Epoch 33/150:   0%|          | 0/300 [00:00<?, ?it/s]
Epoch 33/150:   1%|▏         | 4/300 [00:00<00:07, 38.96it/s]
Epoch 33/150:   9%|▉         | 28/300 [00:00<00:01, 152.64it/s]
Epoch 33/150:  16%|█▌        | 48/300 [00:00<00:01, 172.12it/s]
Epoch 33/150:  22%|██▏       | 67/300 [00:00<00:01, 177.75it/s]
Epoch 33/150:  30%|███       | 91/300 [00:00<00:01, 198.92it/s]
Epoch 33/150:  37%|███▋      | 111/300 [00:00<00:00, 195.52it/s]
Epoch 33/150:  45%|████▍     | 134/300 [00:00<00:00, 206.28it/s]
Epoch 33/150:  52%|█████▏    | 155/300 [00:00<00:00, 197.31it/s]
Epoch 33/150:  59%|█████▊    | 176/300 [00:00<00:00, 199.89it/s]
Epoch 33/150:  66%|██████▌   | 197/300 [00:01<00:00, 197.72it/s]
Epoch 33/150:  72%|███████▏  | 217/300 [00:01<00:00, 197.86it/s]
Epoch 33/150:  81%|████████  | 243/300 [00:01<00:00, 216.04it/s]
Epoch 33/150:  88%|████████▊ | 265/300 [00:01<00:00, 204.54it/s]
Epoch 33/150:  96%|█████████▋| 289/300 [00:01<00:00, 213.87it/s]
Epoch 33/150: 100%|██████████| 300/300 [00:01<00:00, 190.24it/s]

Epoch 34/150:   0%|          | 0/300 [00:00<?, ?it/s]
Epoch 34/150:   1%|▏         | 4/300 [00:00<00:07, 39.51it/s]
Epoch 34/150:  10%|▉         | 29/300 [00:00<00:01, 160.16it/s]
Epoch 34/150:  16%|█▌        | 47/300 [00:00<00:01, 167.60it/s]
Epoch 34/150:  24%|██▍       | 72/300 [00:00<00:01, 199.23it/s]
Epoch 34/150:  31%|███       | 92/300 [00:00<00:01, 195.04it/s]
Epoch 34/150:  38%|███▊      | 113/300 [00:00<00:00, 198.04it/s]
Epoch 34/150:  45%|████▍     | 134/300 [00:00<00:00, 198.75it/s]
Epoch 34/150:  51%|█████▏    | 154/300 [00:00<00:00, 195.04it/s]
Epoch 34/150:  59%|█████▉    | 178/300 [00:00<00:00, 204.42it/s]
Epoch 34/150:  66%|██████▋   | 199/300 [00:01<00:00, 197.78it/s]
Epoch 34/150:  74%|███████▍  | 222/300 [00:01<00:00, 206.49it/s]
Epoch 34/150:  81%|████████  | 243/300 [00:01<00:00, 196.14it/s]
Epoch 34/150:  89%|████████▉ | 267/300 [00:01<00:00, 208.46it/s]
Epoch 34/150:  96%|█████████▋| 289/300 [00:01<00:00, 201.15it/s]
Epoch 34/150: 100%|██████████| 300/300 [00:01<00:00, 189.27it/s]

Epoch 35/150:   0%|          | 0/300 [00:00<?, ?it/s]
Epoch 35/150:   1%|▏         | 4/300 [00:00<00:07, 39.51it/s]
Epoch 35/150:   8%|▊         | 23/300 [00:00<00:02, 127.47it/s]
Epoch 35/150:  16%|█▌        | 47/300 [00:00<00:01, 175.48it/s]
Epoch 35/150:  23%|██▎       | 68/300 [00:00<00:01, 186.44it/s]
Epoch 35/150:  29%|██▉       | 87/300 [00:00<00:01, 186.10it/s]
Epoch 35/150:  37%|███▋      | 112/300 [00:00<00:00, 204.20it/s]
Epoch 35/150:  44%|████▍     | 133/300 [00:00<00:00, 189.83it/s]
Epoch 35/150:  53%|█████▎    | 158/300 [00:00<00:00, 206.35it/s]
Epoch 35/150:  60%|█████▉    | 179/300 [00:00<00:00, 199.41it/s]
Epoch 35/150:  67%|██████▋   | 202/300 [00:01<00:00, 205.99it/s]
Epoch 35/150:  74%|███████▍  | 223/300 [00:01<00:00, 197.94it/s]
Epoch 35/150:  81%|████████▏ | 244/300 [00:01<00:00, 201.28it/s]
Epoch 35/150:  88%|████████▊ | 265/300 [00:01<00:00, 197.82it/s]
Epoch 35/150:  95%|█████████▌| 285/300 [00:01<00:00, 196.28it/s]
Epoch 35/150: 100%|██████████| 300/300 [00:01<00:00, 187.63it/s]

Epoch 36/150:   0%|          | 0/300 [00:00<?, ?it/s]
Epoch 36/150:   1%|▏         | 4/300 [00:00<00:07, 39.60it/s]
Epoch 36/150:  10%|▉         | 29/300 [00:00<00:01, 161.65it/s]
Epoch 36/150:  17%|█▋        | 52/300 [00:00<00:01, 183.04it/s]
Epoch 36/150:  24%|██▎       | 71/300 [00:00<00:01, 185.64it/s]
Epoch 36/150:  32%|███▏      | 96/300 [00:00<00:00, 206.65it/s]
Epoch 36/150:  39%|███▉      | 117/300 [00:00<00:00, 194.06it/s]
Epoch 36/150:  47%|████▋     | 141/300 [00:00<00:00, 207.45it/s]
Epoch 36/150:  54%|█████▍    | 162/300 [00:00<00:00, 205.02it/s]
Epoch 36/150:  62%|██████▏   | 185/300 [00:00<00:00, 210.77it/s]
Epoch 36/150:  70%|██████▉   | 209/300 [00:01<00:00, 218.03it/s]
Epoch 36/150:  77%|███████▋  | 231/300 [00:01<00:00, 210.47it/s]
Epoch 36/150:  85%|████████▌ | 255/300 [00:01<00:00, 217.66it/s]
Epoch 36/150:  92%|█████████▏| 277/300 [00:01<00:00, 211.03it/s]
Epoch 36/150: 100%|██████████| 300/300 [00:01<00:00, 216.39it/s]
Epoch 36/150: 100%|██████████| 300/300 [00:01<00:00, 198.52it/s]

Epoch 37/150:   0%|          | 0/300 [00:00<?, ?it/s]
Epoch 37/150:   0%|          | 1/300 [00:00<00:30,  9.96it/s]
Epoch 37/150:   8%|▊         | 23/300 [00:00<00:02, 130.44it/s]
Epoch 37/150:  15%|█▌        | 46/300 [00:00<00:01, 173.57it/s]
Epoch 37/150:  21%|██▏       | 64/300 [00:00<00:01, 169.62it/s]
Epoch 37/150:  29%|██▉       | 87/300 [00:00<00:01, 189.53it/s]
Epoch 37/150:  35%|███▌      | 106/300 [00:00<00:01, 184.23it/s]
Epoch 37/150:  42%|████▏     | 126/300 [00:00<00:00, 188.22it/s]
Epoch 37/150:  49%|████▉     | 148/300 [00:00<00:00, 193.81it/s]
Epoch 37/150:  57%|█████▋    | 170/300 [00:00<00:00, 199.84it/s]
Epoch 37/150:  65%|██████▍   | 194/300 [00:01<00:00, 209.83it/s]
Epoch 37/150:  72%|███████▏  | 216/300 [00:01<00:00, 194.44it/s]
Epoch 37/150:  80%|████████  | 240/300 [00:01<00:00, 205.05it/s]
Epoch 37/150:  87%|████████▋ | 261/300 [00:01<00:00, 196.26it/s]
Epoch 37/150:  95%|█████████▌| 285/300 [00:01<00:00, 206.24it/s]
Epoch 37/150: 100%|██████████| 300/300 [00:01<00:00, 184.86it/s]

Epoch 38/150:   0%|          | 0/300 [00:00<?, ?it/s]
Epoch 38/150:   1%|▏         | 4/300 [00:00<00:07, 39.89it/s]
Epoch 38/150:   9%|▉         | 28/300 [00:00<00:01, 153.81it/s]
Epoch 38/150:  15%|█▌        | 46/300 [00:00<00:01, 160.74it/s]
Epoch 38/150:  24%|██▎       | 71/300 [00:00<00:01, 193.92it/s]
Epoch 38/150:  30%|███       | 91/300 [00:00<00:01, 188.35it/s]
Epoch 38/150:  38%|███▊      | 114/300 [00:00<00:00, 200.68it/s]
Epoch 38/150:  45%|████▌     | 135/300 [00:00<00:00, 199.59it/s]
Epoch 38/150:  52%|█████▏    | 156/300 [00:00<00:00, 200.70it/s]
Epoch 38/150:  59%|█████▉    | 178/300 [00:01<00:00, 142.23it/s]
Epoch 38/150:  67%|██████▋   | 202/300 [00:01<00:00, 163.34it/s]
Epoch 38/150:  74%|███████▎  | 221/300 [00:01<00:00, 168.31it/s]
Epoch 38/150:  82%|████████▏ | 246/300 [00:01<00:00, 189.18it/s]
Epoch 38/150:  89%|████████▉ | 267/300 [00:01<00:00, 188.33it/s]
Epoch 38/150:  96%|█████████▋| 289/300 [00:01<00:00, 196.28it/s]
Epoch 38/150: 100%|██████████| 300/300 [00:01<00:00, 177.45it/s]

Epoch 39/150:   0%|          | 0/300 [00:00<?, ?it/s]
Epoch 39/150:   1%|▏         | 4/300 [00:00<00:07, 38.69it/s]
Epoch 39/150:   9%|▉         | 28/300 [00:00<00:01, 153.51it/s]
Epoch 39/150:  16%|█▋        | 49/300 [00:00<00:01, 174.91it/s]
Epoch 39/150:  23%|██▎       | 70/300 [00:00<00:01, 186.06it/s]
Epoch 39/150:  32%|███▏      | 95/300 [00:00<00:00, 206.64it/s]
Epoch 39/150:  39%|███▊      | 116/300 [00:00<00:00, 196.42it/s]
Epoch 39/150:  47%|████▋     | 140/300 [00:00<00:00, 209.44it/s]
Epoch 39/150:  54%|█████▍    | 162/300 [00:00<00:00, 200.00it/s]
Epoch 39/150:  62%|██████▏   | 185/300 [00:00<00:00, 207.96it/s]
Epoch 39/150:  69%|██████▊   | 206/300 [00:01<00:00, 203.70it/s]
Epoch 39/150:  76%|███████▌  | 227/300 [00:01<00:00, 201.05it/s]
Epoch 39/150:  83%|████████▎ | 250/300 [00:01<00:00, 203.23it/s]
Epoch 39/150:  90%|█████████ | 271/300 [00:01<00:00, 200.21it/s]
Epoch 39/150:  99%|█████████▊| 296/300 [00:01<00:00, 212.63it/s]
Epoch 39/150: 100%|██████████| 300/300 [00:01<00:00, 190.69it/s]

Epoch 40/150:   0%|          | 0/300 [00:00<?, ?it/s]
Epoch 40/150:   1%|          | 2/300 [00:00<00:14, 19.92it/s]
Epoch 40/150:   9%|▉         | 28/300 [00:00<00:01, 157.62it/s]
Epoch 40/150:  15%|█▌        | 46/300 [00:00<00:01, 164.96it/s]
Epoch 40/150:  23%|██▎       | 68/300 [00:00<00:01, 186.28it/s]
Epoch 40/150:  29%|██▉       | 87/300 [00:00<00:01, 186.94it/s]
Epoch 40/150:  36%|███▌      | 107/300 [00:00<00:01, 189.60it/s]
Epoch 40/150:  43%|████▎     | 129/300 [00:00<00:00, 198.98it/s]
Epoch 40/150:  50%|████▉     | 149/300 [00:00<00:00, 187.96it/s]
Epoch 40/150:  58%|█████▊    | 173/300 [00:00<00:00, 202.25it/s]
Epoch 40/150:  65%|██████▍   | 194/300 [00:01<00:00, 187.85it/s]
Epoch 40/150:  73%|███████▎  | 219/300 [00:01<00:00, 203.23it/s]
Epoch 40/150:  80%|████████  | 240/300 [00:01<00:00, 196.28it/s]
Epoch 40/150:  88%|████████▊ | 263/300 [00:01<00:00, 205.29it/s]
Epoch 40/150:  95%|█████████▍| 284/300 [00:01<00:00, 197.85it/s]
Epoch 40/150: 100%|██████████| 300/300 [00:01<00:00, 186.27it/s]

Epoch 41/150:   0%|          | 0/300 [00:00<?, ?it/s]
Epoch 41/150:   1%|          | 3/300 [00:00<00:10, 27.79it/s]
Epoch 41/150:   9%|▊         | 26/300 [00:00<00:01, 140.76it/s]
Epoch 41/150:  17%|█▋        | 51/300 [00:00<00:01, 188.79it/s]
Epoch 41/150:  24%|██▎       | 71/300 [00:00<00:01, 189.11it/s]
Epoch 41/150:  31%|███▏      | 94/300 [00:00<00:01, 203.31it/s]
Epoch 41/150:  38%|███▊      | 115/300 [00:00<00:00, 199.38it/s]
Epoch 41/150:  45%|████▌     | 136/300 [00:00<00:00, 195.49it/s]
Epoch 41/150:  53%|█████▎    | 159/300 [00:00<00:00, 204.59it/s]
Epoch 41/150:  60%|██████    | 180/300 [00:00<00:00, 195.11it/s]
Epoch 41/150:  68%|██████▊   | 205/300 [00:01<00:00, 209.45it/s]
Epoch 41/150:  76%|███████▌  | 227/300 [00:01<00:00, 192.35it/s]
Epoch 41/150:  84%|████████▍ | 252/300 [00:01<00:00, 206.19it/s]
Epoch 41/150:  91%|█████████ | 273/300 [00:01<00:00, 193.68it/s]
Epoch 41/150:  99%|█████████▉| 297/300 [00:01<00:00, 204.31it/s]
Epoch 41/150: 100%|██████████| 300/300 [00:01<00:00, 189.96it/s]

Epoch 42/150:   0%|          | 0/300 [00:00<?, ?it/s]
Epoch 42/150:   1%|          | 3/300 [00:00<00:10, 28.29it/s]
Epoch 42/150:   8%|▊         | 25/300 [00:00<00:01, 138.27it/s]
Epoch 42/150:  16%|█▌        | 48/300 [00:00<00:01, 176.72it/s]
Epoch 42/150:  22%|██▏       | 67/300 [00:00<00:01, 180.42it/s]
Epoch 42/150:  30%|███       | 91/300 [00:00<00:01, 200.90it/s]
Epoch 42/150:  37%|███▋      | 112/300 [00:00<00:00, 198.05it/s]
Epoch 42/150:  45%|████▍     | 134/300 [00:00<00:00, 204.21it/s]
Epoch 42/150:  52%|█████▏    | 155/300 [00:00<00:00, 201.48it/s]
Epoch 42/150:  59%|█████▊    | 176/300 [00:00<00:00, 198.50it/s]
Epoch 42/150:  66%|██████▋   | 199/300 [00:01<00:00, 207.14it/s]
Epoch 42/150:  73%|███████▎  | 220/300 [00:01<00:00, 196.57it/s]
Epoch 42/150:  81%|████████▏ | 244/300 [00:01<00:00, 208.89it/s]
Epoch 42/150:  89%|████████▊ | 266/300 [00:01<00:00, 197.92it/s]
Epoch 42/150:  97%|█████████▋| 290/300 [00:01<00:00, 208.11it/s]
Epoch 42/150: 100%|██████████| 300/300 [00:01<00:00, 188.70it/s]

Epoch 43/150:   0%|          | 0/300 [00:00<?, ?it/s]
Epoch 43/150:   1%|          | 2/300 [00:00<00:15, 19.67it/s]
Epoch 43/150:   8%|▊         | 25/300 [00:00<00:01, 139.87it/s]
Epoch 43/150:  14%|█▍        | 42/300 [00:00<00:01, 152.81it/s]
Epoch 43/150:  21%|██▏       | 64/300 [00:00<00:01, 177.64it/s]
Epoch 43/150:  27%|██▋       | 82/300 [00:00<00:01, 177.14it/s]
Epoch 43/150:  34%|███▍      | 103/300 [00:00<00:01, 186.78it/s]
Epoch 43/150:  42%|████▏     | 125/300 [00:00<00:00, 192.42it/s]
Epoch 43/150:  48%|████▊     | 145/300 [00:00<00:00, 191.99it/s]
Epoch 43/150:  56%|█████▋    | 169/300 [00:00<00:00, 205.31it/s]
Epoch 43/150:  63%|██████▎   | 190/300 [00:01<00:00, 192.25it/s]
Epoch 43/150:  72%|███████▏  | 215/300 [00:01<00:00, 206.98it/s]
Epoch 43/150:  79%|███████▊  | 236/300 [00:01<00:00, 198.14it/s]
Epoch 43/150:  86%|████████▋ | 259/300 [00:01<00:00, 205.17it/s]
Epoch 43/150:  93%|█████████▎| 280/300 [00:01<00:00, 199.89it/s]
Epoch 43/150: 100%|██████████| 300/300 [00:01<00:00, 183.60it/s]

Epoch 44/150:   0%|          | 0/300 [00:00<?, ?it/s]
Epoch 44/150:   1%|          | 3/300 [00:00<00:10, 29.61it/s]
Epoch 44/150:   8%|▊         | 24/300 [00:00<00:02, 130.46it/s]
Epoch 44/150:  17%|█▋        | 50/300 [00:00<00:01, 188.26it/s]
Epoch 44/150:  23%|██▎       | 69/300 [00:00<00:01, 186.09it/s]
Epoch 44/150:  32%|███▏      | 95/300 [00:00<00:00, 209.33it/s]
Epoch 44/150:  39%|███▉      | 118/300 [00:00<00:00, 207.81it/s]
Epoch 44/150:  46%|████▋     | 139/300 [00:00<00:00, 203.02it/s]
Epoch 44/150:  55%|█████▍    | 164/300 [00:00<00:00, 215.10it/s]
Epoch 44/150:  62%|██████▏   | 186/300 [00:00<00:00, 196.73it/s]
Epoch 44/150:  70%|███████   | 210/300 [00:01<00:00, 208.35it/s]
Epoch 44/150:  77%|███████▋  | 232/300 [00:01<00:00, 199.18it/s]
Epoch 44/150:  85%|████████▍ | 254/300 [00:01<00:00, 203.05it/s]
Epoch 44/150:  92%|█████████▏| 275/300 [00:01<00:00, 192.72it/s]
Epoch 44/150:  99%|█████████▊| 296/300 [00:01<00:00, 196.78it/s]
Epoch 44/150: 100%|██████████| 300/300 [00:01<00:00, 189.78it/s]

Epoch 45/150:   0%|          | 0/300 [00:00<?, ?it/s]
Epoch 45/150:   1%|          | 3/300 [00:00<00:10, 28.94it/s]
Epoch 45/150:   8%|▊         | 25/300 [00:00<00:02, 136.93it/s]
Epoch 45/150:  15%|█▌        | 46/300 [00:00<00:01, 166.40it/s]
Epoch 45/150:  23%|██▎       | 69/300 [00:00<00:01, 190.31it/s]
Epoch 45/150:  31%|███▏      | 94/300 [00:00<00:00, 211.08it/s]
Epoch 45/150:  39%|███▊      | 116/300 [00:00<00:00, 192.52it/s]
Epoch 45/150:  47%|████▋     | 141/300 [00:00<00:00, 208.87it/s]
Epoch 45/150:  54%|█████▍    | 163/300 [00:00<00:00, 198.69it/s]
Epoch 45/150:  62%|██████▏   | 187/300 [00:00<00:00, 209.36it/s]
Epoch 45/150:  70%|██████▉   | 209/300 [00:01<00:00, 209.14it/s]
Epoch 45/150:  77%|███████▋  | 231/300 [00:01<00:00, 211.98it/s]
Epoch 45/150:  85%|████████▌ | 255/300 [00:01<00:00, 215.60it/s]
Epoch 45/150:  92%|█████████▏| 277/300 [00:01<00:00, 202.22it/s]
Epoch 45/150: 100%|██████████| 300/300 [00:01<00:00, 194.80it/s]

Epoch 46/150:   0%|          | 0/300 [00:00<?, ?it/s]
Epoch 46/150:   1%|▏         | 4/300 [00:00<00:07, 38.29it/s]
Epoch 46/150:   9%|▉         | 28/300 [00:00<00:01, 152.31it/s]
Epoch 46/150:  16%|█▋        | 49/300 [00:00<00:01, 175.48it/s]
Epoch 46/150:  22%|██▏       | 67/300 [00:00<00:01, 176.81it/s]
Epoch 46/150:  30%|███       | 91/300 [00:00<00:01, 196.40it/s]
Epoch 46/150:  37%|███▋      | 111/300 [00:00<00:01, 182.63it/s]
Epoch 46/150:  45%|████▌     | 135/300 [00:00<00:00, 199.24it/s]
Epoch 46/150:  52%|█████▏    | 156/300 [00:00<00:00, 192.97it/s]
Epoch 46/150:  60%|██████    | 180/300 [00:00<00:00, 204.68it/s]
Epoch 46/150:  67%|██████▋   | 201/300 [00:01<00:00, 199.19it/s]
Epoch 46/150:  74%|███████▍  | 222/300 [00:01<00:00, 200.63it/s]
Epoch 46/150:  81%|████████▏ | 244/300 [00:01<00:00, 206.21it/s]
Epoch 46/150:  88%|████████▊ | 265/300 [00:01<00:00, 195.07it/s]
Epoch 46/150:  97%|█████████▋| 290/300 [00:01<00:00, 209.54it/s]
Epoch 46/150: 100%|██████████| 300/300 [00:01<00:00, 187.46it/s]

Epoch 47/150:   0%|          | 0/300 [00:00<?, ?it/s]
Epoch 47/150:   1%|          | 3/300 [00:00<00:09, 29.94it/s]
Epoch 47/150:   8%|▊         | 25/300 [00:00<00:01, 139.41it/s]
Epoch 47/150:  14%|█▍        | 43/300 [00:00<00:01, 154.39it/s]
Epoch 47/150:  23%|██▎       | 68/300 [00:00<00:01, 188.07it/s]
Epoch 47/150:  29%|██▉       | 87/300 [00:00<00:01, 181.79it/s]
Epoch 47/150:  36%|███▋      | 109/300 [00:00<00:00, 192.55it/s]
Epoch 47/150:  43%|████▎     | 129/300 [00:00<00:00, 191.76it/s]
Epoch 47/150:  50%|████▉     | 149/300 [00:00<00:00, 192.25it/s]
Epoch 47/150:  57%|█████▋    | 172/300 [00:00<00:00, 194.91it/s]
Epoch 47/150:  64%|██████▍   | 193/300 [00:01<00:00, 197.87it/s]
Epoch 47/150:  72%|███████▏  | 217/300 [00:01<00:00, 209.72it/s]
Epoch 47/150:  80%|███████▉  | 239/300 [00:01<00:00, 193.57it/s]
Epoch 47/150:  88%|████████▊ | 263/300 [00:01<00:00, 204.63it/s]
Epoch 47/150:  95%|█████████▍| 284/300 [00:01<00:00, 195.13it/s]
Epoch 47/150: 100%|██████████| 300/300 [00:01<00:00, 185.55it/s]

Epoch 48/150:   0%|          | 0/300 [00:00<?, ?it/s]
Epoch 48/150:   1%|          | 3/300 [00:00<00:10, 29.69it/s]
Epoch 48/150:   8%|▊         | 24/300 [00:00<00:02, 132.69it/s]
Epoch 48/150:  16%|█▋        | 49/300 [00:00<00:01, 184.90it/s]
Epoch 48/150:  23%|██▎       | 68/300 [00:00<00:01, 181.55it/s]
Epoch 48/150:  30%|███       | 91/300 [00:00<00:01, 196.16it/s]
Epoch 48/150:  37%|███▋      | 111/300 [00:00<00:00, 195.19it/s]
Epoch 48/150:  44%|████▎     | 131/300 [00:00<00:00, 196.36it/s]
Epoch 48/150:  51%|█████▏    | 154/300 [00:00<00:00, 206.07it/s]
Epoch 48/150:  58%|█████▊    | 175/300 [00:00<00:00, 191.71it/s]
Epoch 48/150:  67%|██████▋   | 200/300 [00:01<00:00, 207.65it/s]
Epoch 48/150:  74%|███████▎  | 221/300 [00:01<00:00, 203.81it/s]
Epoch 48/150:  82%|████████▏ | 245/300 [00:01<00:00, 212.29it/s]
Epoch 48/150:  89%|████████▉ | 267/300 [00:01<00:00, 202.43it/s]
Epoch 48/150:  96%|█████████▌| 288/300 [00:01<00:00, 204.50it/s]
Epoch 48/150: 100%|██████████| 300/300 [00:01<00:00, 189.23it/s]

Epoch 49/150:   0%|          | 0/300 [00:00<?, ?it/s]
Epoch 49/150:   1%|          | 3/300 [00:00<00:11, 26.40it/s]
Epoch 49/150:  10%|▉         | 29/300 [00:00<00:01, 155.91it/s]
Epoch 49/150:  16%|█▌        | 47/300 [00:00<00:01, 166.01it/s]
Epoch 49/150:  22%|██▏       | 67/300 [00:00<00:01, 177.18it/s]
Epoch 49/150:  30%|███       | 90/300 [00:00<00:01, 195.23it/s]
Epoch 49/150:  37%|███▋      | 110/300 [00:00<00:01, 188.55it/s]
Epoch 49/150:  44%|████▍     | 133/300 [00:00<00:00, 200.82it/s]
Epoch 49/150:  51%|█████▏    | 154/300 [00:00<00:00, 192.09it/s]
Epoch 49/150:  59%|█████▉    | 177/300 [00:00<00:00, 201.35it/s]
Epoch 49/150:  66%|██████▌   | 198/300 [00:01<00:00, 197.26it/s]
Epoch 49/150:  74%|███████▎  | 221/300 [00:01<00:00, 205.94it/s]
Epoch 49/150:  81%|████████  | 243/300 [00:01<00:00, 209.76it/s]
Epoch 49/150:  88%|████████▊ | 265/300 [00:01<00:00, 200.73it/s]
Epoch 49/150:  97%|█████████▋| 290/300 [00:01<00:00, 214.56it/s]
Epoch 49/150: 100%|██████████| 300/300 [00:01<00:00, 189.06it/s]

Epoch 50/150:   0%|          | 0/300 [00:00<?, ?it/s]
Epoch 50/150:   1%|▏         | 4/300 [00:00<00:07, 38.86it/s]
Epoch 50/150:   9%|▉         | 28/300 [00:00<00:01, 152.46it/s]
Epoch 50/150:  15%|█▌        | 46/300 [00:00<00:01, 162.31it/s]
Epoch 50/150:  23%|██▎       | 68/300 [00:00<00:01, 183.52it/s]
Epoch 50/150:  29%|██▉       | 88/300 [00:00<00:01, 187.24it/s]
Epoch 50/150:  36%|███▌      | 108/300 [00:00<00:01, 191.23it/s]
Epoch 50/150:  44%|████▍     | 132/300 [00:00<00:00, 205.53it/s]
Epoch 50/150:  51%|█████     | 153/300 [00:00<00:00, 193.18it/s]
Epoch 50/150:  59%|█████▉    | 178/300 [00:00<00:00, 207.16it/s]
Epoch 50/150:  66%|██████▋   | 199/300 [00:01<00:00, 192.53it/s]
Epoch 50/150:  74%|███████▍  | 223/300 [00:01<00:00, 205.73it/s]
Epoch 50/150:  81%|████████▏ | 244/300 [00:01<00:00, 197.89it/s]
Epoch 50/150:  89%|████████▉ | 267/300 [00:01<00:00, 205.19it/s]
Epoch 50/150:  96%|█████████▌| 288/300 [00:01<00:00, 198.20it/s]
Epoch 50/150: 100%|██████████| 300/300 [00:01<00:00, 186.55it/s]

Epoch 51/150:   0%|          | 0/300 [00:00<?, ?it/s]
Epoch 51/150:   1%|▏         | 4/300 [00:00<00:07, 38.86it/s]
Epoch 51/150:   8%|▊         | 23/300 [00:00<00:02, 125.44it/s]
Epoch 51/150:  16%|█▌        | 47/300 [00:00<00:01, 175.31it/s]
Epoch 51/150:  22%|██▏       | 66/300 [00:00<00:01, 180.73it/s]
Epoch 51/150:  29%|██▊       | 86/300 [00:00<00:01, 185.85it/s]
Epoch 51/150:  36%|███▌      | 108/300 [00:00<00:00, 196.77it/s]
Epoch 51/150:  43%|████▎     | 128/300 [00:00<00:00, 189.23it/s]
Epoch 51/150:  49%|████▉     | 147/300 [00:00<00:01, 136.40it/s]
Epoch 51/150:  57%|█████▋    | 170/300 [00:01<00:00, 158.08it/s]
Epoch 51/150:  63%|██████▎   | 188/300 [00:01<00:00, 162.61it/s]
Epoch 51/150:  70%|███████   | 210/300 [00:01<00:00, 176.39it/s]
Epoch 51/150:  76%|███████▋  | 229/300 [00:01<00:00, 179.86it/s]
Epoch 51/150:  84%|████████▎ | 251/300 [00:01<00:00, 190.06it/s]
Epoch 51/150:  92%|█████████▏| 276/300 [00:01<00:00, 205.77it/s]
Epoch 51/150:  99%|█████████▉| 298/300 [00:01<00:00, 198.93it/s]
Epoch 51/150: 100%|██████████| 300/300 [00:01<00:00, 173.96it/s]

Epoch 52/150:   0%|          | 0/300 [00:00<?, ?it/s]
Epoch 52/150:   1%|▏         | 4/300 [00:00<00:07, 38.63it/s]
Epoch 52/150:   8%|▊         | 24/300 [00:00<00:02, 130.99it/s]
Epoch 52/150:  16%|█▌        | 47/300 [00:00<00:01, 175.19it/s]
Epoch 52/150:  22%|██▏       | 67/300 [00:00<00:01, 182.55it/s]
Epoch 52/150:  29%|██▉       | 87/300 [00:00<00:01, 186.59it/s]
Epoch 52/150:  37%|███▋      | 111/300 [00:00<00:00, 199.49it/s]
Epoch 52/150:  44%|████▎     | 131/300 [00:00<00:00, 191.55it/s]
Epoch 52/150:  52%|█████▏    | 156/300 [00:00<00:00, 209.27it/s]
Epoch 52/150:  59%|█████▉    | 178/300 [00:00<00:00, 191.48it/s]
Epoch 52/150:  68%|██████▊   | 203/300 [00:01<00:00, 207.76it/s]
Epoch 52/150:  75%|███████▌  | 225/300 [00:01<00:00, 196.57it/s]
Epoch 52/150:  83%|████████▎ | 249/300 [00:01<00:00, 207.35it/s]
Epoch 52/150:  90%|█████████ | 271/300 [00:01<00:00, 205.66it/s]
Epoch 52/150:  98%|█████████▊| 295/300 [00:01<00:00, 214.50it/s]
Epoch 52/150: 100%|██████████| 300/300 [00:01<00:00, 191.31it/s]

Epoch 53/150:   0%|          | 0/300 [00:00<?, ?it/s]
Epoch 53/150:   0%|          | 1/300 [00:00<00:30,  9.94it/s]
Epoch 53/150:   7%|▋         | 22/300 [00:00<00:02, 127.17it/s]
Epoch 53/150:  16%|█▌        | 47/300 [00:00<00:01, 182.55it/s]
Epoch 53/150:  22%|██▏       | 66/300 [00:00<00:01, 175.09it/s]
Epoch 53/150:  30%|███       | 90/300 [00:00<00:01, 196.61it/s]
Epoch 53/150:  37%|███▋      | 110/300 [00:00<00:01, 188.78it/s]
Epoch 53/150:  44%|████▍     | 132/300 [00:00<00:00, 196.83it/s]
Epoch 53/150:  51%|█████     | 152/300 [00:00<00:00, 197.61it/s]
Epoch 53/150:  57%|█████▋    | 172/300 [00:00<00:00, 194.48it/s]
Epoch 53/150:  66%|██████▌   | 197/300 [00:01<00:00, 208.34it/s]
Epoch 53/150:  73%|███████▎  | 218/300 [00:01<00:00, 193.25it/s]
Epoch 53/150:  81%|████████  | 242/300 [00:01<00:00, 204.50it/s]
Epoch 53/150:  88%|████████▊ | 263/300 [00:01<00:00, 196.05it/s]
Epoch 53/150:  95%|█████████▌| 286/300 [00:01<00:00, 205.34it/s]
Epoch 53/150: 100%|██████████| 300/300 [00:01<00:00, 187.70it/s]

Epoch 54/150:   0%|          | 0/300 [00:00<?, ?it/s]
Epoch 54/150:   1%|          | 2/300 [00:00<00:15, 19.56it/s]
Epoch 54/150:  10%|▉         | 29/300 [00:00<00:01, 164.22it/s]
Epoch 54/150:  17%|█▋        | 50/300 [00:00<00:01, 181.95it/s]
Epoch 54/150:  25%|██▌       | 75/300 [00:00<00:01, 206.99it/s]
Epoch 54/150:  32%|███▏      | 96/300 [00:00<00:01, 203.89it/s]
Epoch 54/150:  39%|███▉      | 117/300 [00:00<00:00, 196.88it/s]
Epoch 54/150:  47%|████▋     | 142/300 [00:00<00:00, 208.75it/s]
Epoch 54/150:  54%|█████▍    | 163/300 [00:00<00:00, 194.68it/s]
Epoch 54/150:  62%|██████▏   | 187/300 [00:00<00:00, 207.68it/s]
Epoch 54/150:  69%|██████▉   | 208/300 [00:01<00:00, 196.53it/s]
Epoch 54/150:  77%|███████▋  | 230/300 [00:01<00:00, 202.63it/s]
Epoch 54/150:  84%|████████▎ | 251/300 [00:01<00:00, 194.11it/s]
Epoch 54/150:  91%|█████████ | 273/300 [00:01<00:00, 201.15it/s]
Epoch 54/150:  98%|█████████▊| 294/300 [00:01<00:00, 197.51it/s]
Epoch 54/150: 100%|██████████| 300/300 [00:01<00:00, 190.21it/s]

Epoch 55/150:   0%|          | 0/300 [00:00<?, ?it/s]
Epoch 55/150:   1%|          | 3/300 [00:00<00:10, 28.95it/s]
Epoch 55/150:   7%|▋         | 22/300 [00:00<00:02, 122.04it/s]
Epoch 55/150:  15%|█▍        | 44/300 [00:00<00:01, 165.76it/s]
Epoch 55/150:  23%|██▎       | 68/300 [00:00<00:01, 191.85it/s]
Epoch 55/150:  29%|██▉       | 88/300 [00:00<00:01, 192.70it/s]
Epoch 55/150:  38%|███▊      | 113/300 [00:00<00:00, 210.04it/s]
Epoch 55/150:  45%|████▌     | 135/300 [00:00<00:00, 204.64it/s]
Epoch 55/150:  53%|█████▎    | 158/300 [00:00<00:00, 210.36it/s]
Epoch 55/150:  60%|██████    | 180/300 [00:00<00:00, 202.12it/s]
Epoch 55/150:  67%|██████▋   | 201/300 [00:01<00:00, 204.15it/s]
Epoch 55/150:  75%|███████▍  | 224/300 [00:01<00:00, 208.96it/s]
Epoch 55/150:  82%|████████▏ | 245/300 [00:01<00:00, 200.06it/s]
Epoch 55/150:  90%|████████▉ | 269/300 [00:01<00:00, 210.87it/s]
Epoch 55/150:  97%|█████████▋| 291/300 [00:01<00:00, 194.19it/s]
Epoch 55/150: 100%|██████████| 300/300 [00:01<00:00, 189.74it/s]

Epoch 56/150:   0%|          | 0/300 [00:00<?, ?it/s]
Epoch 56/150:   1%|          | 2/300 [00:00<00:16, 18.52it/s]
Epoch 56/150:   8%|▊         | 23/300 [00:00<00:02, 124.41it/s]
Epoch 56/150:  16%|█▌        | 48/300 [00:00<00:01, 177.56it/s]
Epoch 56/150:  22%|██▏       | 67/300 [00:00<00:01, 179.09it/s]
Epoch 56/150:  30%|██▉       | 89/300 [00:00<00:01, 192.88it/s]
Epoch 56/150:  36%|███▋      | 109/300 [00:00<00:00, 191.95it/s]
Epoch 56/150:  43%|████▎     | 129/300 [00:00<00:00, 191.77it/s]
Epoch 56/150:  51%|█████     | 152/300 [00:00<00:00, 202.04it/s]
Epoch 56/150:  58%|█████▊    | 173/300 [00:00<00:00, 195.29it/s]
Epoch 56/150:  66%|██████▌   | 198/300 [00:01<00:00, 209.95it/s]
Epoch 56/150:  73%|███████▎  | 220/300 [00:01<00:00, 199.09it/s]
Epoch 56/150:  81%|████████  | 243/300 [00:01<00:00, 205.83it/s]
Epoch 56/150:  88%|████████▊ | 264/300 [00:01<00:00, 195.95it/s]
Epoch 56/150:  95%|█████████▌| 285/300 [00:01<00:00, 199.37it/s]
Epoch 56/150: 100%|██████████| 300/300 [00:01<00:00, 187.44it/s]

Epoch 57/150:   0%|          | 0/300 [00:00<?, ?it/s]
Epoch 57/150:   1%|▏         | 4/300 [00:00<00:07, 39.39it/s]
Epoch 57/150:  10%|▉         | 29/300 [00:00<00:01, 159.28it/s]
Epoch 57/150:  15%|█▌        | 46/300 [00:00<00:01, 163.87it/s]
Epoch 57/150:  22%|██▏       | 67/300 [00:00<00:01, 180.30it/s]
Epoch 57/150:  30%|███       | 91/300 [00:00<00:01, 201.52it/s]
Epoch 57/150:  37%|███▋      | 112/300 [00:00<00:00, 196.87it/s]
Epoch 57/150:  46%|████▌     | 138/300 [00:00<00:00, 215.83it/s]
Epoch 57/150:  53%|█████▎    | 160/300 [00:00<00:00, 204.14it/s]
Epoch 57/150:  61%|██████    | 183/300 [00:00<00:00, 210.19it/s]
Epoch 57/150:  68%|██████▊   | 205/300 [00:01<00:00, 201.95it/s]
Epoch 57/150:  75%|███████▌  | 226/300 [00:01<00:00, 201.04it/s]
Epoch 57/150:  82%|████████▏ | 247/300 [00:01<00:00, 200.78it/s]
Epoch 57/150:  89%|████████▉ | 268/300 [00:01<00:00, 196.71it/s]
Epoch 57/150:  97%|█████████▋| 291/300 [00:01<00:00, 204.70it/s]
Epoch 57/150: 100%|██████████| 300/300 [00:01<00:00, 190.47it/s]

Epoch 58/150:   0%|          | 0/300 [00:00<?, ?it/s]
Epoch 58/150:   1%|          | 3/300 [00:00<00:10, 29.52it/s]
Epoch 58/150:   8%|▊         | 24/300 [00:00<00:02, 131.55it/s]
Epoch 58/150:  15%|█▌        | 46/300 [00:00<00:01, 170.77it/s]
Epoch 58/150:  24%|██▎       | 71/300 [00:00<00:01, 199.47it/s]
Epoch 58/150:  30%|███       | 91/300 [00:00<00:01, 185.19it/s]
Epoch 58/150:  39%|███▉      | 117/300 [00:00<00:00, 206.58it/s]
Epoch 58/150:  46%|████▌     | 138/300 [00:00<00:00, 196.32it/s]
Epoch 58/150:  53%|█████▎    | 160/300 [00:00<00:00, 202.98it/s]
Epoch 58/150:  60%|██████    | 181/300 [00:00<00:00, 199.31it/s]
Epoch 58/150:  67%|██████▋   | 202/300 [00:01<00:00, 200.33it/s]
Epoch 58/150:  75%|███████▌  | 225/300 [00:01<00:00, 207.99it/s]
Epoch 58/150:  82%|████████▏ | 246/300 [00:01<00:00, 194.91it/s]
Epoch 58/150:  90%|████████▉ | 269/300 [00:01<00:00, 203.74it/s]
Epoch 58/150:  97%|█████████▋| 290/300 [00:01<00:00, 190.64it/s]
Epoch 58/150: 100%|██████████| 300/300 [00:01<00:00, 185.79it/s]

Epoch 59/150:   0%|          | 0/300 [00:00<?, ?it/s]
Epoch 59/150:   1%|          | 3/300 [00:00<00:09, 29.81it/s]
Epoch 59/150:   9%|▊         | 26/300 [00:00<00:01, 144.34it/s]
Epoch 59/150:  17%|█▋        | 50/300 [00:00<00:01, 186.09it/s]
Epoch 59/150:  23%|██▎       | 69/300 [00:00<00:01, 173.79it/s]
Epoch 59/150:  31%|███▏      | 94/300 [00:00<00:01, 199.01it/s]
Epoch 59/150:  38%|███▊      | 115/300 [00:00<00:00, 196.52it/s]
Epoch 59/150:  46%|████▋     | 139/300 [00:00<00:00, 207.60it/s]
Epoch 59/150:  53%|█████▎    | 160/300 [00:00<00:00, 200.62it/s]
Epoch 59/150:  60%|██████    | 181/300 [00:00<00:00, 202.75it/s]
Epoch 59/150:  67%|██████▋   | 202/300 [00:01<00:00, 202.78it/s]
Epoch 59/150:  74%|███████▍  | 223/300 [00:01<00:00, 200.06it/s]
Epoch 59/150:  82%|████████▏ | 247/300 [00:01<00:00, 209.71it/s]
Epoch 59/150:  90%|████████▉ | 269/300 [00:01<00:00, 195.33it/s]
Epoch 59/150:  98%|█████████▊| 293/300 [00:01<00:00, 207.25it/s]
Epoch 59/150: 100%|██████████| 300/300 [00:01<00:00, 189.82it/s]

Epoch 60/150:   0%|          | 0/300 [00:00<?, ?it/s]
Epoch 60/150:   1%|          | 3/300 [00:00<00:10, 28.83it/s]
Epoch 60/150:   9%|▉         | 28/300 [00:00<00:01, 154.38it/s]
Epoch 60/150:  15%|█▌        | 46/300 [00:00<00:01, 164.72it/s]
Epoch 60/150:  23%|██▎       | 68/300 [00:00<00:01, 183.67it/s]
Epoch 60/150:  29%|██▉       | 88/300 [00:00<00:01, 186.31it/s]
Epoch 60/150:  37%|███▋      | 110/300 [00:00<00:00, 194.65it/s]
Epoch 60/150:  45%|████▍     | 134/300 [00:00<00:00, 203.23it/s]
Epoch 60/150:  52%|█████▏    | 155/300 [00:00<00:00, 195.35it/s]
Epoch 60/150:  60%|█████▉    | 179/300 [00:00<00:00, 207.08it/s]
Epoch 60/150:  67%|██████▋   | 200/300 [00:01<00:00, 193.79it/s]
Epoch 60/150:  75%|███████▌  | 226/300 [00:01<00:00, 211.11it/s]
Epoch 60/150:  83%|████████▎ | 248/300 [00:01<00:00, 202.38it/s]
Epoch 60/150:  90%|█████████ | 271/300 [00:01<00:00, 208.24it/s]
Epoch 60/150:  98%|█████████▊| 293/300 [00:01<00:00, 201.02it/s]
Epoch 60/150: 100%|██████████| 300/300 [00:01<00:00, 187.85it/s]

Epoch 61/150:   0%|          | 0/300 [00:00<?, ?it/s]
Epoch 61/150:   1%|▏         | 4/300 [00:00<00:07, 38.50it/s]
Epoch 61/150:   8%|▊         | 23/300 [00:00<00:02, 125.58it/s]
Epoch 61/150:  15%|█▌        | 45/300 [00:00<00:01, 168.16it/s]
Epoch 61/150:  23%|██▎       | 69/300 [00:00<00:01, 189.09it/s]
Epoch 61/150:  29%|██▉       | 88/300 [00:00<00:01, 184.39it/s]
Epoch 61/150:  37%|███▋      | 111/300 [00:00<00:00, 198.85it/s]
Epoch 61/150:  44%|████▎     | 131/300 [00:00<00:00, 190.82it/s]
Epoch 61/150:  51%|█████▏    | 154/300 [00:00<00:00, 201.10it/s]
Epoch 61/150:  58%|█████▊    | 175/300 [00:00<00:00, 194.47it/s]
Epoch 61/150:  65%|██████▌   | 196/300 [00:01<00:00, 198.95it/s]
Epoch 61/150:  72%|███████▏  | 216/300 [00:01<00:00, 199.21it/s]
Epoch 61/150:  79%|███████▉  | 237/300 [00:01<00:00, 201.17it/s]
Epoch 61/150:  87%|████████▋ | 262/300 [00:01<00:00, 215.23it/s]
Epoch 61/150:  95%|█████████▍| 284/300 [00:01<00:00, 201.00it/s]
Epoch 61/150: 100%|██████████| 300/300 [00:01<00:00, 188.56it/s]
Applying window_warping augmentation (this might take a while)...
Augmentation window_warping applied successfully.
Fold 0 | Input Dim: 70 | Train: 9578, Val: 720, Test: 1347
Epoch 1, Train Loss: 0.2034, Train F1: 0.5539, Val F1: 0.6282, LR: 0.000040
✅ Model Saved (Best F1-score)
Epoch 2, Train Loss: 0.1853, Train F1: 0.6257, Val F1: 0.6445, LR: 0.000060
✅ Model Saved (Best F1-score)
Epoch 3, Train Loss: 0.1783, Train F1: 0.6449, Val F1: 0.6400, LR: 0.000080
Epoch 4, Train Loss: 0.1727, Train F1: 0.6675, Val F1: 0.6609, LR: 0.000100
✅ Model Saved (Best F1-score)
Epoch 5, Train Loss: 0.1702, Train F1: 0.6761, Val F1: 0.6666, LR: 0.000100
✅ Model Saved (Best F1-score)
Epoch 6, Train Loss: 0.1652, Train F1: 0.6905, Val F1: 0.6649, LR: 0.000100
Epoch 7, Train Loss: 0.1625, Train F1: 0.6971, Val F1: 0.6721, LR: 0.000100
✅ Model Saved (Best F1-score)
Epoch 8, Train Loss: 0.1589, Train F1: 0.7075, Val F1: 0.6779, LR: 0.000100
✅ Model Saved (Best F1-score)
Epoch 9, Train Loss: 0.1565, Train F1: 0.7125, Val F1: 0.6697, LR: 0.000100
Epoch 10, Train Loss: 0.1535, Train F1: 0.7194, Val F1: 0.6835, LR: 0.000100
✅ Model Saved (Best F1-score)
Epoch 11, Train Loss: 0.1504, Train F1: 0.7271, Val F1: 0.6898, LR: 0.000100
✅ Model Saved (Best F1-score)
Epoch 12, Train Loss: 0.1473, Train F1: 0.7333, Val F1: 0.6500, LR: 0.000099
Epoch 13, Train Loss: 0.1443, Train F1: 0.7388, Val F1: 0.6502, LR: 0.000099
Epoch 14, Train Loss: 0.1423, Train F1: 0.7426, Val F1: 0.6834, LR: 0.000099
Epoch 15, Train Loss: 0.1398, Train F1: 0.7474, Val F1: 0.6591, LR: 0.000099
Epoch 16, Train Loss: 0.1364, Train F1: 0.7533, Val F1: 0.6671, LR: 0.000099
Epoch 17, Train Loss: 0.1330, Train F1: 0.7583, Val F1: 0.6412, LR: 0.000098
Epoch 18, Train Loss: 0.1292, Train F1: 0.7660, Val F1: 0.6533, LR: 0.000098
Epoch 19, Train Loss: 0.1253, Train F1: 0.7721, Val F1: 0.6425, LR: 0.000098
Epoch 20, Train Loss: 0.1232, Train F1: 0.7751, Val F1: 0.6652, LR: 0.000097
Epoch 21, Train Loss: 0.1195, Train F1: 0.7813, Val F1: 0.6410, LR: 0.000097
Epoch 22, Train Loss: 0.1154, Train F1: 0.7884, Val F1: 0.6598, LR: 0.000097
Epoch 23, Train Loss: 0.1113, Train F1: 0.7967, Val F1: 0.6698, LR: 0.000096
Epoch 24, Train Loss: 0.1088, Train F1: 0.7979, Val F1: 0.6551, LR: 0.000096
Epoch 25, Train Loss: 0.1031, Train F1: 0.8112, Val F1: 0.6546, LR: 0.000095
Epoch 26, Train Loss: 0.0995, Train F1: 0.8192, Val F1: 0.6491, LR: 0.000095
Epoch 27, Train Loss: 0.0969, Train F1: 0.8231, Val F1: 0.6489, LR: 0.000094
Epoch 28, Train Loss: 0.0946, Train F1: 0.8271, Val F1: 0.6266, LR: 0.000094
Epoch 29, Train Loss: 0.0897, Train F1: 0.8388, Val F1: 0.6218, LR: 0.000093
Epoch 30, Train Loss: 0.0868, Train F1: 0.8446, Val F1: 0.6508, LR: 0.000093
Epoch 31, Train Loss: 0.0844, Train F1: 0.8475, Val F1: 0.6192, LR: 0.000092
Epoch 32, Train Loss: 0.0805, Train F1: 0.8518, Val F1: 0.6172, LR: 0.000092
Epoch 33, Train Loss: 0.0781, Train F1: 0.8551, Val F1: 0.6393, LR: 0.000091
Epoch 34, Train Loss: 0.0757, Train F1: 0.8618, Val F1: 0.6247, LR: 0.000090
Epoch 35, Train Loss: 0.0717, Train F1: 0.8696, Val F1: 0.6296, LR: 0.000090
Epoch 36, Train Loss: 0.0691, Train F1: 0.8738, Val F1: 0.6442, LR: 0.000089
Epoch 37, Train Loss: 0.0655, Train F1: 0.8803, Val F1: 0.6355, LR: 0.000088
Epoch 38, Train Loss: 0.0641, Train F1: 0.8826, Val F1: 0.6284, LR: 0.000088
Epoch 39, Train Loss: 0.0620, Train F1: 0.8886, Val F1: 0.6318, LR: 0.000087
Epoch 40, Train Loss: 0.0605, Train F1: 0.8923, Val F1: 0.6254, LR: 0.000086
Epoch 41, Train Loss: 0.0583, Train F1: 0.8961, Val F1: 0.6165, LR: 0.000086
Epoch 42, Train Loss: 0.0558, Train F1: 0.8983, Val F1: 0.6126, LR: 0.000085
Epoch 43, Train Loss: 0.0525, Train F1: 0.9048, Val F1: 0.6154, LR: 0.000084
Epoch 44, Train Loss: 0.0524, Train F1: 0.9067, Val F1: 0.6261, LR: 0.000083
Epoch 45, Train Loss: 0.0495, Train F1: 0.9142, Val F1: 0.6095, LR: 0.000082
Epoch 46, Train Loss: 0.0487, Train F1: 0.9112, Val F1: 0.6153, LR: 0.000082
Epoch 47, Train Loss: 0.0470, Train F1: 0.9178, Val F1: 0.6202, LR: 0.000081
Epoch 48, Train Loss: 0.0449, Train F1: 0.9221, Val F1: 0.6272, LR: 0.000080
Epoch 49, Train Loss: 0.0425, Train F1: 0.9262, Val F1: 0.6232, LR: 0.000079
Epoch 50, Train Loss: 0.0405, Train F1: 0.9305, Val F1: 0.6288, LR: 0.000078
Epoch 51, Train Loss: 0.0397, Train F1: 0.9318, Val F1: 0.6074, LR: 0.000077
Epoch 52, Train Loss: 0.0387, Train F1: 0.9329, Val F1: 0.6219, LR: 0.000076
Epoch 53, Train Loss: 0.0365, Train F1: 0.9372, Val F1: 0.6136, LR: 0.000075
Epoch 54, Train Loss: 0.0345, Train F1: 0.9416, Val F1: 0.6265, LR: 0.000074
Epoch 55, Train Loss: 0.0341, Train F1: 0.9417, Val F1: 0.6048, LR: 0.000073
Epoch 56, Train Loss: 0.0345, Train F1: 0.9418, Val F1: 0.6206, LR: 0.000072
Epoch 57, Train Loss: 0.0325, Train F1: 0.9467, Val F1: 0.6032, LR: 0.000071
Epoch 58, Train Loss: 0.0306, Train F1: 0.9494, Val F1: 0.6173, LR: 0.000071
Epoch 59, Train Loss: 0.0298, Train F1: 0.9493, Val F1: 0.6056, LR: 0.000070
Epoch 60, Train Loss: 0.0286, Train F1: 0.9524, Val F1: 0.6121, LR: 0.000069
Epoch 61, Train Loss: 0.0284, Train F1: 0.9539, Val F1: 0.6014, LR: 0.000067
⏹️ Early Stopping Triggered
Fold 0 Test F1: 0.6824, Accuracy: 0.3756, cost 1.5393839824084627e-05 sec

✅ F1 scores from each Fold:
Fold 0: Macro F1 = 0.6824, Accuracy: 0.3756, cost time = 0.000015 sec
  - Correct: F1 = 0.5111
  - Far from the shins: F1 = 0.7295
  - Hips rise first: F1 = 0.7071
  - Collide with the knees: F1 = 0.6217
  - Lower back rounding: F1 = 0.6714

📊 Average F1 Score: 0.6824 ± 0.0000
  Average F1 Score per Class:
  - Correct: 0.5111 ± 0.0000
  - Far from the shins: 0.7295 ± 0.0000
  - Hips rise first: 0.7071 ± 0.0000
  - Collide with the knees: 0.6217 ± 0.0000
  - Lower back rounding: 0.6714 ± 0.0000
🏆 Best F1: 0.6824 from Fold 0
📁 Best model saved at: ./models/deadlift/TST_Deadlift_3D/phase4.8_test_heads8_window_warping/PatchTST_model_fold0.pth

✅ 寫入完成：./models/deadlift/TST_Deadlift_3D/phase4.8_test_heads8_window_warping/results_summary.txt

Epoch 1/150:   0%|          | 0/300 [00:00<?, ?it/s]
Epoch 1/150:   0%|          | 1/300 [00:00<02:19,  2.14it/s]
Epoch 1/150:   7%|▋         | 21/300 [00:00<00:05, 48.22it/s]
Epoch 1/150:  15%|█▌        | 45/300 [00:00<00:02, 95.92it/s]
Epoch 1/150:  22%|██▏       | 66/300 [00:00<00:01, 124.49it/s]
Epoch 1/150:  29%|██▊       | 86/300 [00:00<00:01, 144.07it/s]
Epoch 1/150:  37%|███▋      | 111/300 [00:00<00:01, 172.33it/s]
Epoch 1/150:  44%|████▍     | 132/300 [00:01<00:00, 171.82it/s]
Epoch 1/150:  52%|█████▏    | 156/300 [00:01<00:00, 189.07it/s]
Epoch 1/150:  59%|█████▉    | 177/300 [00:01<00:00, 187.15it/s]
Epoch 1/150:  67%|██████▋   | 201/300 [00:01<00:00, 200.08it/s]
Epoch 1/150:  74%|███████▍  | 222/300 [00:01<00:00, 193.93it/s]
Epoch 1/150:  81%|████████▏ | 244/300 [00:01<00:00, 199.67it/s]
Epoch 1/150:  88%|████████▊ | 265/300 [00:01<00:00, 198.17it/s]
Epoch 1/150:  95%|█████████▌| 286/300 [00:01<00:00, 198.23it/s]
Epoch 1/150: 100%|██████████| 300/300 [00:01<00:00, 154.12it/s]

Epoch 2/150:   0%|          | 0/300 [00:00<?, ?it/s]
Epoch 2/150:   0%|          | 1/300 [00:00<00:30,  9.78it/s]
Epoch 2/150:   8%|▊         | 25/300 [00:00<00:01, 140.60it/s]
Epoch 2/150:  15%|█▍        | 44/300 [00:00<00:01, 161.26it/s]
Epoch 2/150:  22%|██▏       | 65/300 [00:00<00:01, 178.66it/s]
Epoch 2/150:  29%|██▊       | 86/300 [00:00<00:01, 186.07it/s]
Epoch 2/150:  35%|███▌      | 106/300 [00:00<00:01, 188.09it/s]
Epoch 2/150:  44%|████▎     | 131/300 [00:00<00:00, 206.83it/s]
Epoch 2/150:  51%|█████     | 152/300 [00:00<00:00, 197.93it/s]
Epoch 2/150:  59%|█████▊    | 176/300 [00:00<00:00, 208.93it/s]
Epoch 2/150:  66%|██████▌   | 197/300 [00:01<00:00, 204.06it/s]
Epoch 2/150:  74%|███████▎  | 221/300 [00:01<00:00, 213.63it/s]
Epoch 2/150:  81%|████████  | 243/300 [00:01<00:00, 206.61it/s]
Epoch 2/150:  88%|████████▊ | 265/300 [00:01<00:00, 208.54it/s]
Epoch 2/150:  95%|█████████▌| 286/300 [00:01<00:00, 205.26it/s]
Epoch 2/150: 100%|██████████| 300/300 [00:01<00:00, 188.89it/s]

Epoch 3/150:   0%|          | 0/300 [00:00<?, ?it/s]
Epoch 3/150:   0%|          | 1/300 [00:00<00:30,  9.87it/s]
Epoch 3/150:   7%|▋         | 21/300 [00:00<00:02, 118.76it/s]
Epoch 3/150:  15%|█▌        | 45/300 [00:00<00:01, 171.63it/s]
Epoch 3/150:  22%|██▏       | 65/300 [00:00<00:01, 181.01it/s]
Epoch 3/150:  28%|██▊       | 85/300 [00:00<00:01, 186.00it/s]
Epoch 3/150:  36%|███▋      | 109/300 [00:00<00:00, 202.73it/s]
Epoch 3/150:  43%|████▎     | 130/300 [00:00<00:00, 190.85it/s]
Epoch 3/150:  52%|█████▏    | 155/300 [00:00<00:00, 207.14it/s]
Epoch 3/150:  59%|█████▊    | 176/300 [00:00<00:00, 197.82it/s]
Epoch 3/150:  67%|██████▋   | 200/300 [00:01<00:00, 209.62it/s]
Epoch 3/150:  74%|███████▍  | 222/300 [00:01<00:00, 200.36it/s]
Epoch 3/150:  81%|████████▏ | 244/300 [00:01<00:00, 203.99it/s]
Epoch 3/150:  88%|████████▊ | 265/300 [00:01<00:00, 200.20it/s]
Epoch 3/150:  95%|█████████▌| 286/300 [00:01<00:00, 201.02it/s]
Epoch 3/150: 100%|██████████| 300/300 [00:01<00:00, 188.47it/s]

Epoch 4/150:   0%|          | 0/300 [00:00<?, ?it/s]
Epoch 4/150:   0%|          | 1/300 [00:00<00:30,  9.87it/s]
Epoch 4/150:   9%|▊         | 26/300 [00:00<00:01, 147.44it/s]
Epoch 4/150:  15%|█▌        | 45/300 [00:00<00:01, 163.32it/s]
Epoch 4/150:  22%|██▏       | 67/300 [00:00<00:01, 184.10it/s]
Epoch 4/150:  30%|███       | 90/300 [00:00<00:01, 190.89it/s]
Epoch 4/150:  37%|███▋      | 110/300 [00:00<00:00, 191.83it/s]
Epoch 4/150:  45%|████▌     | 135/300 [00:00<00:00, 209.12it/s]
Epoch 4/150:  52%|█████▏    | 156/300 [00:00<00:00, 202.70it/s]
Epoch 4/150:  60%|██████    | 180/300 [00:00<00:00, 213.35it/s]
Epoch 4/150:  67%|██████▋   | 202/300 [00:01<00:00, 202.93it/s]
Epoch 4/150:  75%|███████▍  | 224/300 [00:01<00:00, 206.95it/s]
Epoch 4/150:  82%|████████▏ | 245/300 [00:01<00:00, 206.10it/s]
Epoch 4/150:  89%|████████▉ | 267/300 [00:01<00:00, 208.83it/s]
Epoch 4/150:  97%|█████████▋| 291/300 [00:01<00:00, 212.43it/s]
Epoch 4/150: 100%|██████████| 300/300 [00:01<00:00, 191.23it/s]

Epoch 5/150:   0%|          | 0/300 [00:00<?, ?it/s]
Epoch 5/150:   0%|          | 1/300 [00:00<00:30,  9.80it/s]
Epoch 5/150:   7%|▋         | 20/300 [00:00<00:02, 111.80it/s]
Epoch 5/150:  14%|█▍        | 43/300 [00:00<00:01, 162.45it/s]
Epoch 5/150:  22%|██▏       | 65/300 [00:00<00:01, 178.97it/s]
Epoch 5/150:  28%|██▊       | 85/300 [00:00<00:01, 185.37it/s]
Epoch 5/150:  36%|███▋      | 109/300 [00:00<00:00, 202.10it/s]
Epoch 5/150:  43%|████▎     | 130/300 [00:00<00:00, 191.20it/s]
Epoch 5/150:  52%|█████▏    | 156/300 [00:00<00:00, 209.59it/s]
Epoch 5/150:  59%|█████▉    | 178/300 [00:00<00:00, 197.56it/s]
Epoch 5/150:  67%|██████▋   | 202/300 [00:01<00:00, 207.05it/s]
Epoch 5/150:  74%|███████▍  | 223/300 [00:01<00:00, 203.85it/s]
Epoch 5/150:  82%|████████▏ | 247/300 [00:01<00:00, 212.30it/s]
Epoch 5/150:  90%|████████▉ | 269/300 [00:01<00:00, 209.43it/s]
Epoch 5/150:  97%|█████████▋| 291/300 [00:01<00:00, 203.74it/s]
Epoch 5/150: 100%|██████████| 300/300 [00:01<00:00, 188.90it/s]

Epoch 6/150:   0%|          | 0/300 [00:00<?, ?it/s]
Epoch 6/150:   0%|          | 1/300 [00:00<00:30,  9.76it/s]
Epoch 6/150:   8%|▊         | 23/300 [00:00<00:02, 129.34it/s]
Epoch 6/150:  15%|█▌        | 46/300 [00:00<00:01, 173.33it/s]
Epoch 6/150:  22%|██▏       | 65/300 [00:00<00:01, 175.73it/s]
Epoch 6/150:  30%|██▉       | 89/300 [00:00<00:01, 196.41it/s]
Epoch 6/150:  36%|███▋      | 109/300 [00:00<00:01, 190.96it/s]
Epoch 6/150:  43%|████▎     | 130/300 [00:00<00:00, 195.62it/s]
Epoch 6/150:  50%|█████     | 151/300 [00:00<00:00, 197.80it/s]
Epoch 6/150:  57%|█████▋    | 171/300 [00:00<00:00, 197.62it/s]
Epoch 6/150:  65%|██████▌   | 196/300 [00:01<00:00, 212.89it/s]
Epoch 6/150:  73%|███████▎  | 218/300 [00:01<00:00, 203.73it/s]
Epoch 6/150:  80%|████████  | 241/300 [00:01<00:00, 210.51it/s]
Epoch 6/150:  88%|████████▊ | 263/300 [00:01<00:00, 201.57it/s]
Epoch 6/150:  95%|█████████▌| 285/300 [00:01<00:00, 205.33it/s]
Epoch 6/150: 100%|██████████| 300/300 [00:01<00:00, 189.24it/s]

Epoch 7/150:   0%|          | 0/300 [00:00<?, ?it/s]
Epoch 7/150:   0%|          | 1/300 [00:00<00:31,  9.50it/s]
Epoch 7/150:   9%|▊         | 26/300 [00:00<00:01, 145.53it/s]
Epoch 7/150:  14%|█▍        | 43/300 [00:00<00:01, 153.37it/s]
Epoch 7/150:  22%|██▏       | 66/300 [00:00<00:01, 180.69it/s]
Epoch 7/150:  28%|██▊       | 85/300 [00:00<00:01, 181.68it/s]
Epoch 7/150:  36%|███▌      | 107/300 [00:00<00:00, 193.09it/s]
Epoch 7/150:  43%|████▎     | 129/300 [00:00<00:00, 196.30it/s]
Epoch 7/150:  50%|████▉     | 149/300 [00:00<00:00, 191.59it/s]
Epoch 7/150:  58%|█████▊    | 174/300 [00:00<00:00, 207.77it/s]
Epoch 7/150:  65%|██████▌   | 195/300 [00:01<00:00, 193.08it/s]
Epoch 7/150:  73%|███████▎  | 220/300 [00:01<00:00, 208.39it/s]
Epoch 7/150:  81%|████████  | 242/300 [00:01<00:00, 199.37it/s]
Epoch 7/150:  89%|████████▊ | 266/300 [00:01<00:00, 208.05it/s]
Epoch 7/150:  96%|█████████▌| 288/300 [00:01<00:00, 200.54it/s]
Epoch 7/150: 100%|██████████| 300/300 [00:01<00:00, 185.38it/s]

Epoch 8/150:   0%|          | 0/300 [00:00<?, ?it/s]
Epoch 8/150:   0%|          | 1/300 [00:00<00:30,  9.66it/s]
Epoch 8/150:   8%|▊         | 24/300 [00:00<00:02, 136.52it/s]
Epoch 8/150:  16%|█▌        | 48/300 [00:00<00:01, 180.14it/s]
Epoch 8/150:  22%|██▏       | 67/300 [00:00<00:01, 181.34it/s]
Epoch 8/150:  30%|██▉       | 89/300 [00:00<00:01, 193.32it/s]
Epoch 8/150:  36%|███▋      | 109/300 [00:00<00:00, 191.20it/s]
Epoch 8/150:  44%|████▍     | 133/300 [00:00<00:00, 206.47it/s]
Epoch 8/150:  52%|█████▏    | 157/300 [00:00<00:00, 213.74it/s]
Epoch 8/150:  60%|█████▉    | 179/300 [00:00<00:00, 202.99it/s]
Epoch 8/150:  68%|██████▊   | 203/300 [00:01<00:00, 213.31it/s]
Epoch 8/150:  75%|███████▌  | 225/300 [00:01<00:00, 200.28it/s]
Epoch 8/150:  83%|████████▎ | 248/300 [00:01<00:00, 207.91it/s]
Epoch 8/150:  90%|█████████ | 270/300 [00:01<00:00, 195.54it/s]
Epoch 8/150:  98%|█████████▊| 293/300 [00:01<00:00, 203.87it/s]
Epoch 8/150: 100%|██████████| 300/300 [00:01<00:00, 190.58it/s]

Epoch 9/150:   0%|          | 0/300 [00:00<?, ?it/s]
Epoch 9/150:   0%|          | 1/300 [00:00<00:32,  9.28it/s]
Epoch 9/150:   9%|▉         | 27/300 [00:00<00:01, 148.96it/s]
Epoch 9/150:  15%|█▌        | 45/300 [00:00<00:01, 161.65it/s]
Epoch 9/150:  22%|██▏       | 65/300 [00:00<00:01, 176.46it/s]
Epoch 9/150:  29%|██▊       | 86/300 [00:00<00:01, 185.12it/s]
Epoch 9/150:  35%|███▌      | 105/300 [00:00<00:01, 184.23it/s]
Epoch 9/150:  43%|████▎     | 128/300 [00:00<00:00, 198.70it/s]
Epoch 9/150:  49%|████▉     | 148/300 [00:00<00:00, 189.14it/s]
Epoch 9/150:  57%|█████▋    | 172/300 [00:00<00:00, 201.98it/s]
Epoch 9/150:  64%|██████▍   | 193/300 [00:01<00:00, 193.05it/s]
Epoch 9/150:  72%|███████▏  | 215/300 [00:01<00:00, 199.98it/s]
Epoch 9/150:  79%|███████▊  | 236/300 [00:01<00:00, 197.18it/s]
Epoch 9/150:  86%|████████▌ | 257/300 [00:01<00:00, 200.72it/s]
Epoch 9/150:  93%|█████████▎| 280/300 [00:01<00:00, 207.49it/s]
Epoch 9/150: 100%|██████████| 300/300 [00:01<00:00, 167.32it/s]

Epoch 10/150:   0%|          | 0/300 [00:00<?, ?it/s]
Epoch 10/150:   0%|          | 1/300 [00:00<00:30,  9.86it/s]
Epoch 10/150:   8%|▊         | 25/300 [00:00<00:01, 142.37it/s]
Epoch 10/150:  15%|█▌        | 46/300 [00:00<00:01, 168.65it/s]
Epoch 10/150:  24%|██▍       | 72/300 [00:00<00:01, 201.75it/s]
Epoch 10/150:  31%|███       | 93/300 [00:00<00:01, 190.86it/s]
Epoch 10/150:  39%|███▉      | 117/300 [00:00<00:00, 205.70it/s]
Epoch 10/150:  46%|████▌     | 138/300 [00:00<00:00, 198.33it/s]
Epoch 10/150:  53%|█████▎    | 158/300 [00:00<00:00, 198.07it/s]
Epoch 10/150:  60%|██████    | 181/300 [00:00<00:00, 200.11it/s]
Epoch 10/150:  67%|██████▋   | 202/300 [00:01<00:00, 197.10it/s]
Epoch 10/150:  75%|███████▌  | 225/300 [00:01<00:00, 203.17it/s]
Epoch 10/150:  82%|████████▏ | 246/300 [00:01<00:00, 191.66it/s]
Epoch 10/150:  90%|█████████ | 270/300 [00:01<00:00, 204.16it/s]
Epoch 10/150:  97%|█████████▋| 291/300 [00:01<00:00, 188.76it/s]
Epoch 10/150: 100%|██████████| 300/300 [00:01<00:00, 185.56it/s]

Epoch 11/150:   0%|          | 0/300 [00:00<?, ?it/s]
Epoch 11/150:   0%|          | 1/300 [00:00<00:31,  9.50it/s]
Epoch 11/150:   7%|▋         | 22/300 [00:00<00:02, 124.71it/s]
Epoch 11/150:  16%|█▌        | 47/300 [00:00<00:01, 180.56it/s]
Epoch 11/150:  22%|██▏       | 66/300 [00:00<00:01, 182.44it/s]
Epoch 11/150:  30%|███       | 91/300 [00:00<00:01, 205.77it/s]
Epoch 11/150:  37%|███▋      | 112/300 [00:00<00:00, 198.01it/s]
Epoch 11/150:  45%|████▍     | 134/300 [00:00<00:00, 202.61it/s]
Epoch 11/150:  52%|█████▏    | 156/300 [00:00<00:00, 206.15it/s]
Epoch 11/150:  59%|█████▉    | 177/300 [00:00<00:00, 203.42it/s]
Epoch 11/150:  67%|██████▋   | 201/300 [00:01<00:00, 212.22it/s]
Epoch 11/150:  74%|███████▍  | 223/300 [00:01<00:00, 199.41it/s]
Epoch 11/150:  82%|████████▏ | 247/300 [00:01<00:00, 208.83it/s]
Epoch 11/150:  90%|████████▉ | 269/300 [00:01<00:00, 197.01it/s]
Epoch 11/150:  97%|█████████▋| 291/300 [00:01<00:00, 202.42it/s]
Epoch 11/150: 100%|██████████| 300/300 [00:01<00:00, 189.85it/s]

Epoch 12/150:   0%|          | 0/300 [00:00<?, ?it/s]
Epoch 12/150:   0%|          | 1/300 [00:00<00:35,  8.37it/s]
Epoch 12/150:   9%|▊         | 26/300 [00:00<00:02, 136.69it/s]
Epoch 12/150:  15%|█▍        | 44/300 [00:00<00:01, 154.17it/s]
Epoch 12/150:  23%|██▎       | 68/300 [00:00<00:01, 184.23it/s]
Epoch 12/150:  29%|██▉       | 88/300 [00:00<00:01, 187.77it/s]
Epoch 12/150:  36%|███▋      | 109/300 [00:00<00:00, 193.84it/s]
Epoch 12/150:  44%|████▎     | 131/300 [00:00<00:00, 200.90it/s]
Epoch 12/150:  51%|█████     | 152/300 [00:00<00:00, 195.91it/s]
Epoch 12/150:  59%|█████▊    | 176/300 [00:00<00:00, 208.35it/s]
Epoch 12/150:  66%|██████▌   | 197/300 [00:01<00:00, 198.88it/s]
Epoch 12/150:  73%|███████▎  | 219/300 [00:01<00:00, 204.67it/s]
Epoch 12/150:  80%|████████  | 240/300 [00:01<00:00, 198.32it/s]
Epoch 12/150:  87%|████████▋ | 262/300 [00:01<00:00, 202.50it/s]
Epoch 12/150:  94%|█████████▍| 283/300 [00:01<00:00, 199.95it/s]
Epoch 12/150: 100%|██████████| 300/300 [00:01<00:00, 184.90it/s]

Epoch 13/150:   0%|          | 0/300 [00:00<?, ?it/s]
Epoch 13/150:   0%|          | 1/300 [00:00<00:35,  8.45it/s]
Epoch 13/150:   8%|▊         | 24/300 [00:00<00:02, 127.72it/s]
Epoch 13/150:  16%|█▌        | 48/300 [00:00<00:01, 175.73it/s]
Epoch 13/150:  22%|██▏       | 67/300 [00:00<00:01, 174.74it/s]
Epoch 13/150:  30%|███       | 90/300 [00:00<00:01, 193.15it/s]
Epoch 13/150:  37%|███▋      | 110/300 [00:00<00:01, 186.80it/s]
Epoch 13/150:  44%|████▎     | 131/300 [00:00<00:00, 191.93it/s]
Epoch 13/150:  51%|█████     | 152/300 [00:00<00:00, 195.46it/s]
Epoch 13/150:  58%|█████▊    | 173/300 [00:00<00:00, 197.54it/s]
Epoch 13/150:  66%|██████▌   | 198/300 [00:01<00:00, 210.78it/s]
Epoch 13/150:  73%|███████▎  | 220/300 [00:01<00:00, 198.66it/s]
Epoch 13/150:  82%|████████▏ | 245/300 [00:01<00:00, 210.84it/s]
Epoch 13/150:  89%|████████▉ | 267/300 [00:01<00:00, 194.05it/s]
Epoch 13/150:  97%|█████████▋| 291/300 [00:01<00:00, 206.37it/s]
Epoch 13/150: 100%|██████████| 300/300 [00:01<00:00, 184.68it/s]

Epoch 14/150:   0%|          | 0/300 [00:00<?, ?it/s]
Epoch 14/150:   0%|          | 1/300 [00:00<00:30,  9.86it/s]
Epoch 14/150:   7%|▋         | 21/300 [00:00<00:02, 120.65it/s]
Epoch 14/150:  14%|█▍        | 43/300 [00:00<00:01, 164.02it/s]
Epoch 14/150:  23%|██▎       | 68/300 [00:00<00:01, 190.73it/s]
Epoch 14/150:  30%|██▉       | 89/300 [00:00<00:01, 193.25it/s]
Epoch 14/150:  38%|███▊      | 115/300 [00:00<00:00, 214.87it/s]
Epoch 14/150:  46%|████▌     | 137/300 [00:00<00:00, 200.02it/s]
Epoch 14/150:  53%|█████▎    | 160/300 [00:00<00:00, 207.80it/s]
Epoch 14/150:  60%|██████    | 181/300 [00:00<00:00, 201.75it/s]
Epoch 14/150:  68%|██████▊   | 203/300 [00:01<00:00, 204.95it/s]
Epoch 14/150:  75%|███████▌  | 226/300 [00:01<00:00, 203.65it/s]
Epoch 14/150:  82%|████████▏ | 247/300 [00:01<00:00, 202.00it/s]
Epoch 14/150:  90%|█████████ | 271/300 [00:01<00:00, 212.25it/s]
Epoch 14/150:  98%|█████████▊| 293/300 [00:01<00:00, 202.77it/s]
Epoch 14/150: 100%|██████████| 300/300 [00:01<00:00, 191.10it/s]

Epoch 15/150:   0%|          | 0/300 [00:00<?, ?it/s]
Epoch 15/150:   0%|          | 1/300 [00:00<00:30,  9.89it/s]
Epoch 15/150:   7%|▋         | 22/300 [00:00<00:02, 123.04it/s]
Epoch 15/150:  16%|█▌        | 48/300 [00:00<00:01, 180.95it/s]
Epoch 15/150:  22%|██▏       | 67/300 [00:00<00:01, 182.87it/s]
Epoch 15/150:  30%|██▉       | 89/300 [00:00<00:01, 194.01it/s]
Epoch 15/150:  36%|███▋      | 109/300 [00:00<00:00, 194.33it/s]
Epoch 15/150:  43%|████▎     | 129/300 [00:00<00:00, 193.57it/s]
Epoch 15/150:  51%|█████     | 153/300 [00:00<00:00, 205.81it/s]
Epoch 15/150:  58%|█████▊    | 174/300 [00:00<00:00, 206.92it/s]
Epoch 15/150:  67%|██████▋   | 200/300 [00:01<00:00, 220.50it/s]
Epoch 15/150:  74%|███████▍  | 223/300 [00:01<00:00, 209.93it/s]
Epoch 15/150:  82%|████████▏ | 247/300 [00:01<00:00, 216.58it/s]
Epoch 15/150:  90%|████████▉ | 269/300 [00:01<00:00, 211.59it/s]
Epoch 15/150:  97%|█████████▋| 291/300 [00:01<00:00, 205.62it/s]
Epoch 15/150: 100%|██████████| 300/300 [00:01<00:00, 192.14it/s]

Epoch 16/150:   0%|          | 0/300 [00:00<?, ?it/s]
Epoch 16/150:   0%|          | 1/300 [00:00<00:29,  9.99it/s]
Epoch 16/150:   8%|▊         | 23/300 [00:00<00:02, 132.23it/s]
Epoch 16/150:  15%|█▌        | 45/300 [00:00<00:01, 168.74it/s]
Epoch 16/150:  21%|██        | 62/300 [00:00<00:01, 169.15it/s]
Epoch 16/150:  29%|██▉       | 87/300 [00:00<00:01, 194.69it/s]
Epoch 16/150:  36%|███▌      | 107/300 [00:00<00:01, 189.94it/s]
Epoch 16/150:  43%|████▎     | 130/300 [00:00<00:00, 201.42it/s]
Epoch 16/150:  50%|█████     | 151/300 [00:00<00:00, 199.33it/s]
Epoch 16/150:  58%|█████▊    | 174/300 [00:00<00:00, 207.30it/s]
Epoch 16/150:  66%|██████▋   | 199/300 [00:01<00:00, 214.00it/s]
Epoch 16/150:  74%|███████▎  | 221/300 [00:01<00:00, 201.09it/s]
Epoch 16/150:  82%|████████▏ | 245/300 [00:01<00:00, 209.92it/s]
Epoch 16/150:  89%|████████▉ | 267/300 [00:01<00:00, 193.51it/s]
Epoch 16/150:  97%|█████████▋| 290/300 [00:01<00:00, 202.71it/s]
Epoch 16/150: 100%|██████████| 300/300 [00:01<00:00, 186.87it/s]

Epoch 17/150:   0%|          | 0/300 [00:00<?, ?it/s]
Epoch 17/150:   0%|          | 1/300 [00:00<00:30,  9.80it/s]
Epoch 17/150:   8%|▊         | 24/300 [00:00<00:02, 136.99it/s]
Epoch 17/150:  14%|█▍        | 43/300 [00:00<00:01, 159.61it/s]
Epoch 17/150:  23%|██▎       | 68/300 [00:00<00:01, 194.90it/s]
Epoch 17/150:  29%|██▉       | 88/300 [00:00<00:01, 189.94it/s]
Epoch 17/150:  37%|███▋      | 110/300 [00:00<00:00, 197.13it/s]
Epoch 17/150:  43%|████▎     | 130/300 [00:00<00:00, 191.51it/s]
Epoch 17/150:  51%|█████     | 152/300 [00:00<00:00, 198.24it/s]
Epoch 17/150:  58%|█████▊    | 175/300 [00:00<00:00, 201.20it/s]
Epoch 17/150:  65%|██████▌   | 196/300 [00:01<00:00, 197.39it/s]
Epoch 17/150:  73%|███████▎  | 220/300 [00:01<00:00, 208.01it/s]
Epoch 17/150:  80%|████████  | 241/300 [00:01<00:00, 195.04it/s]
Epoch 17/150:  88%|████████▊ | 265/300 [00:01<00:00, 205.18it/s]
Epoch 17/150:  95%|█████████▌| 286/300 [00:01<00:00, 198.74it/s]
Epoch 17/150: 100%|██████████| 300/300 [00:01<00:00, 186.77it/s]

Epoch 18/150:   0%|          | 0/300 [00:00<?, ?it/s]
Epoch 18/150:   0%|          | 1/300 [00:00<00:34,  8.74it/s]
Epoch 18/150:   7%|▋         | 22/300 [00:00<00:02, 119.25it/s]
Epoch 18/150:  16%|█▌        | 48/300 [00:00<00:01, 178.61it/s]
Epoch 18/150:  22%|██▏       | 67/300 [00:00<00:01, 172.54it/s]
Epoch 18/150:  31%|███       | 92/300 [00:00<00:01, 198.26it/s]
Epoch 18/150:  38%|███▊      | 113/300 [00:00<00:00, 191.23it/s]
Epoch 18/150:  45%|████▌     | 135/300 [00:00<00:00, 198.39it/s]
Epoch 18/150:  52%|█████▏    | 156/300 [00:00<00:00, 196.54it/s]
Epoch 18/150:  59%|█████▉    | 178/300 [00:00<00:00, 202.01it/s]
Epoch 18/150:  67%|██████▋   | 201/300 [00:01<00:00, 207.74it/s]
Epoch 18/150:  74%|███████▍  | 222/300 [00:01<00:00, 194.22it/s]
Epoch 18/150:  82%|████████▏ | 247/300 [00:01<00:00, 208.91it/s]
Epoch 18/150:  90%|████████▉ | 269/300 [00:01<00:00, 196.54it/s]
Epoch 18/150:  97%|█████████▋| 292/300 [00:01<00:00, 205.66it/s]
Epoch 18/150: 100%|██████████| 300/300 [00:01<00:00, 187.26it/s]

Epoch 19/150:   0%|          | 0/300 [00:00<?, ?it/s]
Epoch 19/150:   0%|          | 1/300 [00:00<00:30,  9.66it/s]
Epoch 19/150:   8%|▊         | 23/300 [00:00<00:02, 130.00it/s]
Epoch 19/150:  14%|█▍        | 42/300 [00:00<00:01, 154.42it/s]
Epoch 19/150:  21%|██        | 63/300 [00:00<00:01, 174.69it/s]
Epoch 19/150:  29%|██▊       | 86/300 [00:00<00:01, 186.35it/s]
Epoch 19/150:  35%|███▌      | 106/300 [00:00<00:01, 188.87it/s]
Epoch 19/150:  43%|████▎     | 130/300 [00:00<00:00, 203.57it/s]
Epoch 19/150:  50%|█████     | 151/300 [00:00<00:00, 194.88it/s]
Epoch 19/150:  58%|█████▊    | 174/300 [00:00<00:00, 203.59it/s]
Epoch 19/150:  65%|██████▌   | 195/300 [00:01<00:00, 195.92it/s]
Epoch 19/150:  72%|███████▏  | 217/300 [00:01<00:00, 201.35it/s]
Epoch 19/150:  79%|███████▉  | 238/300 [00:01<00:00, 196.65it/s]
Epoch 19/150:  86%|████████▌ | 258/300 [00:01<00:00, 195.32it/s]
Epoch 19/150:  94%|█████████▎| 281/300 [00:01<00:00, 203.71it/s]
Epoch 19/150: 100%|██████████| 300/300 [00:01<00:00, 183.16it/s]

Epoch 20/150:   0%|          | 0/300 [00:00<?, ?it/s]
Epoch 20/150:   0%|          | 1/300 [00:00<00:30,  9.86it/s]
Epoch 20/150:   7%|▋         | 20/300 [00:00<00:02, 112.44it/s]
Epoch 20/150:  15%|█▌        | 45/300 [00:00<00:01, 171.88it/s]
Epoch 20/150:  22%|██▏       | 66/300 [00:00<00:01, 184.82it/s]
Epoch 20/150:  29%|██▊       | 86/300 [00:00<00:01, 188.07it/s]
Epoch 20/150:  37%|███▋      | 110/300 [00:00<00:00, 203.44it/s]
Epoch 20/150:  44%|████▎     | 131/300 [00:00<00:00, 201.36it/s]
Epoch 20/150:  51%|█████▏    | 154/300 [00:00<00:00, 209.59it/s]
Epoch 20/150:  58%|█████▊    | 175/300 [00:00<00:00, 203.57it/s]
Epoch 20/150:  65%|██████▌   | 196/300 [00:01<00:00, 203.30it/s]
Epoch 20/150:  72%|███████▏  | 217/300 [00:01<00:00, 200.91it/s]
Epoch 20/150:  80%|███████▉  | 239/300 [00:01<00:00, 204.20it/s]
Epoch 20/150:  88%|████████▊ | 264/300 [00:01<00:00, 216.23it/s]
Epoch 20/150:  95%|█████████▌| 286/300 [00:01<00:00, 197.52it/s]
Epoch 20/150: 100%|██████████| 300/300 [00:01<00:00, 189.55it/s]

Epoch 21/150:   0%|          | 0/300 [00:00<?, ?it/s]
Epoch 21/150:   0%|          | 1/300 [00:00<00:31,  9.61it/s]
Epoch 21/150:   8%|▊         | 23/300 [00:00<00:02, 131.06it/s]
Epoch 21/150:  16%|█▌        | 48/300 [00:00<00:01, 182.71it/s]
Epoch 21/150:  22%|██▏       | 67/300 [00:00<00:01, 180.86it/s]
Epoch 21/150:  30%|███       | 90/300 [00:00<00:01, 197.63it/s]
Epoch 21/150:  37%|███▋      | 110/300 [00:00<00:00, 198.22it/s]
Epoch 21/150:  43%|████▎     | 130/300 [00:00<00:00, 193.92it/s]
Epoch 21/150:  51%|█████     | 153/300 [00:00<00:00, 204.62it/s]
Epoch 21/150:  58%|█████▊    | 174/300 [00:00<00:00, 193.14it/s]
Epoch 21/150:  66%|██████▌   | 198/300 [00:01<00:00, 204.82it/s]
Epoch 21/150:  73%|███████▎  | 219/300 [00:01<00:00, 194.91it/s]
Epoch 21/150:  81%|████████  | 243/300 [00:01<00:00, 205.73it/s]
Epoch 21/150:  88%|████████▊ | 264/300 [00:01<00:00, 202.65it/s]
Epoch 21/150:  96%|█████████▌| 288/300 [00:01<00:00, 212.02it/s]
Epoch 21/150: 100%|██████████| 300/300 [00:01<00:00, 191.00it/s]

Epoch 22/150:   0%|          | 0/300 [00:00<?, ?it/s]
Epoch 22/150:   0%|          | 1/300 [00:00<00:30,  9.92it/s]
Epoch 22/150:   8%|▊         | 24/300 [00:00<00:02, 136.95it/s]
Epoch 22/150:  15%|█▍        | 44/300 [00:00<00:01, 162.76it/s]
Epoch 22/150:  22%|██▏       | 65/300 [00:00<00:01, 178.51it/s]
Epoch 22/150:  29%|██▉       | 88/300 [00:00<00:01, 196.47it/s]
Epoch 22/150:  36%|███▌      | 108/300 [00:00<00:01, 183.95it/s]
Epoch 22/150:  44%|████▎     | 131/300 [00:00<00:00, 197.23it/s]
Epoch 22/150:  50%|█████     | 151/300 [00:00<00:00, 191.45it/s]
Epoch 22/150:  57%|█████▋    | 172/300 [00:00<00:00, 195.31it/s]
Epoch 22/150:  64%|██████▍   | 192/300 [00:01<00:00, 192.02it/s]
Epoch 22/150:  71%|███████   | 213/300 [00:01<00:00, 196.57it/s]
Epoch 22/150:  79%|███████▉  | 238/300 [00:01<00:00, 211.66it/s]
Epoch 22/150:  87%|████████▋ | 260/300 [00:01<00:00, 197.94it/s]
Epoch 22/150:  95%|█████████▌| 285/300 [00:01<00:00, 210.44it/s]
Epoch 22/150: 100%|██████████| 300/300 [00:01<00:00, 184.58it/s]

Epoch 23/150:   0%|          | 0/300 [00:00<?, ?it/s]
Epoch 23/150:   0%|          | 1/300 [00:00<00:30,  9.69it/s]
Epoch 23/150:   7%|▋         | 21/300 [00:00<00:02, 119.49it/s]
Epoch 23/150:  15%|█▌        | 45/300 [00:00<00:01, 172.62it/s]
Epoch 23/150:  23%|██▎       | 68/300 [00:00<00:01, 194.65it/s]
Epoch 23/150:  29%|██▉       | 88/300 [00:00<00:01, 187.82it/s]
Epoch 23/150:  38%|███▊      | 113/300 [00:00<00:00, 205.45it/s]
Epoch 23/150:  45%|████▍     | 134/300 [00:00<00:00, 197.41it/s]
Epoch 23/150:  53%|█████▎    | 158/300 [00:00<00:00, 208.81it/s]
Epoch 23/150:  60%|█████▉    | 179/300 [00:00<00:00, 206.05it/s]
Epoch 23/150:  68%|██████▊   | 204/300 [00:01<00:00, 216.86it/s]
Epoch 23/150:  76%|███████▌  | 227/300 [00:01<00:00, 220.50it/s]
Epoch 23/150:  83%|████████▎ | 250/300 [00:01<00:00, 212.74it/s]
Epoch 23/150:  92%|█████████▏| 275/300 [00:01<00:00, 220.41it/s]
Epoch 23/150:  99%|█████████▉| 298/300 [00:01<00:00, 202.94it/s]
Epoch 23/150: 100%|██████████| 300/300 [00:01<00:00, 191.99it/s]

Epoch 24/150:   0%|          | 0/300 [00:00<?, ?it/s]
Epoch 24/150:   0%|          | 1/300 [00:00<00:32,  9.32it/s]
Epoch 24/150:   7%|▋         | 21/300 [00:00<00:02, 117.99it/s]
Epoch 24/150:  16%|█▌        | 47/300 [00:00<00:01, 178.86it/s]
Epoch 24/150:  22%|██▏       | 66/300 [00:00<00:01, 179.59it/s]
Epoch 24/150:  30%|██▉       | 89/300 [00:00<00:01, 194.79it/s]
Epoch 24/150:  36%|███▋      | 109/300 [00:00<00:00, 192.71it/s]
Epoch 24/150:  43%|████▎     | 129/300 [00:00<00:00, 190.91it/s]
Epoch 24/150:  50%|█████     | 151/300 [00:00<00:00, 198.62it/s]
Epoch 24/150:  57%|█████▋    | 171/300 [00:00<00:00, 188.86it/s]
Epoch 24/150:  65%|██████▌   | 195/300 [00:01<00:00, 203.27it/s]
Epoch 24/150:  72%|███████▏  | 216/300 [00:01<00:00, 202.63it/s]
Epoch 24/150:  80%|███████▉  | 239/300 [00:01<00:00, 208.93it/s]
Epoch 24/150:  87%|████████▋ | 260/300 [00:01<00:00, 200.40it/s]
Epoch 24/150:  94%|█████████▎| 281/300 [00:01<00:00, 201.76it/s]
Epoch 24/150: 100%|██████████| 300/300 [00:01<00:00, 187.82it/s]

Epoch 25/150:   0%|          | 0/300 [00:00<?, ?it/s]
Epoch 25/150:   0%|          | 1/300 [00:00<00:30,  9.73it/s]
Epoch 25/150:   9%|▊         | 26/300 [00:00<00:01, 148.12it/s]
Epoch 25/150:  15%|█▌        | 45/300 [00:00<00:01, 164.03it/s]
Epoch 25/150:  22%|██▏       | 66/300 [00:00<00:01, 179.59it/s]
Epoch 25/150:  30%|██▉       | 89/300 [00:00<00:01, 188.49it/s]
Epoch 25/150:  36%|███▌      | 108/300 [00:00<00:01, 186.51it/s]
Epoch 25/150:  42%|████▏     | 127/300 [00:00<00:01, 131.94it/s]
Epoch 25/150:  51%|█████     | 152/300 [00:00<00:00, 159.06it/s]
Epoch 25/150:  57%|█████▋    | 171/300 [00:01<00:00, 163.06it/s]
Epoch 25/150:  65%|██████▍   | 194/300 [00:01<00:00, 179.48it/s]
Epoch 25/150:  71%|███████▏  | 214/300 [00:01<00:00, 184.60it/s]
Epoch 25/150:  78%|███████▊  | 234/300 [00:01<00:00, 185.43it/s]
Epoch 25/150:  86%|████████▋ | 259/300 [00:01<00:00, 201.39it/s]
Epoch 25/150:  93%|█████████▎| 280/300 [00:01<00:00, 190.77it/s]
Epoch 25/150: 100%|██████████| 300/300 [00:01<00:00, 173.93it/s]

Epoch 26/150:   0%|          | 0/300 [00:00<?, ?it/s]
Epoch 26/150:   0%|          | 1/300 [00:00<00:30,  9.80it/s]
Epoch 26/150:   9%|▊         | 26/300 [00:00<00:01, 148.13it/s]
Epoch 26/150:  15%|█▌        | 46/300 [00:00<00:01, 168.51it/s]
Epoch 26/150:  22%|██▏       | 65/300 [00:00<00:01, 174.88it/s]
Epoch 26/150:  30%|███       | 90/300 [00:00<00:01, 201.17it/s]
Epoch 26/150:  37%|███▋      | 111/300 [00:00<00:01, 187.44it/s]
Epoch 26/150:  45%|████▌     | 136/300 [00:00<00:00, 204.58it/s]
Epoch 26/150:  52%|█████▏    | 157/300 [00:00<00:00, 193.53it/s]
Epoch 26/150:  60%|█████▉    | 179/300 [00:00<00:00, 199.89it/s]
Epoch 26/150:  67%|██████▋   | 200/300 [00:01<00:00, 196.23it/s]
Epoch 26/150:  74%|███████▍  | 223/300 [00:01<00:00, 203.87it/s]
Epoch 26/150:  82%|████████▏ | 247/300 [00:01<00:00, 211.12it/s]
Epoch 26/150:  90%|████████▉ | 269/300 [00:01<00:00, 201.88it/s]
Epoch 26/150:  97%|█████████▋| 292/300 [00:01<00:00, 206.96it/s]
Epoch 26/150: 100%|██████████| 300/300 [00:01<00:00, 187.35it/s]

Epoch 27/150:   0%|          | 0/300 [00:00<?, ?it/s]
Epoch 27/150:   0%|          | 1/300 [00:00<00:31,  9.63it/s]
Epoch 27/150:   7%|▋         | 21/300 [00:00<00:02, 119.19it/s]
Epoch 27/150:  15%|█▍        | 44/300 [00:00<00:01, 166.42it/s]
Epoch 27/150:  23%|██▎       | 68/300 [00:00<00:01, 193.08it/s]
Epoch 27/150:  29%|██▉       | 88/300 [00:00<00:01, 193.80it/s]
Epoch 27/150:  37%|███▋      | 112/300 [00:00<00:00, 207.77it/s]
Epoch 27/150:  44%|████▍     | 133/300 [00:00<00:00, 198.84it/s]
Epoch 27/150:  52%|█████▏    | 155/300 [00:00<00:00, 204.82it/s]
Epoch 27/150:  59%|█████▉    | 177/300 [00:00<00:00, 205.10it/s]
Epoch 27/150:  66%|██████▌   | 198/300 [00:01<00:00, 200.77it/s]
Epoch 27/150:  74%|███████▎  | 221/300 [00:01<00:00, 209.18it/s]
Epoch 27/150:  81%|████████  | 242/300 [00:01<00:00, 199.36it/s]
Epoch 27/150:  88%|████████▊ | 265/300 [00:01<00:00, 206.21it/s]
Epoch 27/150:  95%|█████████▌| 286/300 [00:01<00:00, 196.28it/s]
Epoch 27/150: 100%|██████████| 300/300 [00:01<00:00, 187.36it/s]

Epoch 28/150:   0%|          | 0/300 [00:00<?, ?it/s]
Epoch 28/150:   0%|          | 1/300 [00:00<00:32,  9.23it/s]
Epoch 28/150:   8%|▊         | 23/300 [00:00<00:02, 128.28it/s]
Epoch 28/150:  16%|█▌        | 48/300 [00:00<00:01, 182.02it/s]
Epoch 28/150:  22%|██▏       | 67/300 [00:00<00:01, 183.25it/s]
Epoch 28/150:  30%|███       | 90/300 [00:00<00:01, 198.10it/s]
Epoch 28/150:  37%|███▋      | 110/300 [00:00<00:00, 190.74it/s]
Epoch 28/150:  44%|████▎     | 131/300 [00:00<00:00, 195.10it/s]
Epoch 28/150:  51%|█████     | 153/300 [00:00<00:00, 197.90it/s]
Epoch 28/150:  58%|█████▊    | 173/300 [00:00<00:00, 195.75it/s]
Epoch 28/150:  66%|██████▌   | 197/300 [00:01<00:00, 206.70it/s]
Epoch 28/150:  73%|███████▎  | 218/300 [00:01<00:00, 199.92it/s]
Epoch 28/150:  81%|████████▏ | 244/300 [00:01<00:00, 215.80it/s]
Epoch 28/150:  89%|████████▊ | 266/300 [00:01<00:00, 204.83it/s]
Epoch 28/150:  96%|█████████▋| 289/300 [00:01<00:00, 210.50it/s]
Epoch 28/150: 100%|██████████| 300/300 [00:01<00:00, 190.35it/s]

Epoch 29/150:   0%|          | 0/300 [00:00<?, ?it/s]
Epoch 29/150:   0%|          | 1/300 [00:00<00:30,  9.79it/s]
Epoch 29/150:   8%|▊         | 23/300 [00:00<00:02, 131.13it/s]
Epoch 29/150:  14%|█▍        | 42/300 [00:00<00:01, 155.72it/s]
Epoch 29/150:  21%|██        | 63/300 [00:00<00:01, 175.73it/s]
Epoch 29/150:  29%|██▉       | 87/300 [00:00<00:01, 194.67it/s]
Epoch 29/150:  36%|███▌      | 107/300 [00:00<00:01, 188.52it/s]
Epoch 29/150:  43%|████▎     | 130/300 [00:00<00:00, 201.24it/s]
Epoch 29/150:  50%|█████     | 151/300 [00:00<00:00, 191.23it/s]
Epoch 29/150:  58%|█████▊    | 173/300 [00:00<00:00, 198.95it/s]
Epoch 29/150:  65%|██████▍   | 194/300 [00:01<00:00, 198.55it/s]
Epoch 29/150:  72%|███████▏  | 216/300 [00:01<00:00, 204.04it/s]
Epoch 29/150:  80%|████████  | 240/300 [00:01<00:00, 209.82it/s]
Epoch 29/150:  87%|████████▋ | 262/300 [00:01<00:00, 198.38it/s]
Epoch 29/150:  96%|█████████▌| 288/300 [00:01<00:00, 212.63it/s]
Epoch 29/150: 100%|██████████| 300/300 [00:01<00:00, 186.10it/s]

Epoch 30/150:   0%|          | 0/300 [00:00<?, ?it/s]
Epoch 30/150:   0%|          | 1/300 [00:00<00:30,  9.71it/s]
Epoch 30/150:   7%|▋         | 22/300 [00:00<00:02, 123.06it/s]
Epoch 30/150:  16%|█▌        | 47/300 [00:00<00:01, 176.68it/s]
Epoch 30/150:  23%|██▎       | 68/300 [00:00<00:01, 185.69it/s]
Epoch 30/150:  29%|██▉       | 88/300 [00:00<00:01, 189.16it/s]
Epoch 30/150:  38%|███▊      | 113/300 [00:00<00:00, 209.23it/s]
Epoch 30/150:  45%|████▍     | 134/300 [00:00<00:00, 202.79it/s]
Epoch 30/150:  52%|█████▏    | 156/300 [00:00<00:00, 207.67it/s]
Epoch 30/150:  59%|█████▉    | 177/300 [00:00<00:00, 201.19it/s]
Epoch 30/150:  67%|██████▋   | 200/300 [00:01<00:00, 207.52it/s]
Epoch 30/150:  74%|███████▎  | 221/300 [00:01<00:00, 206.05it/s]
Epoch 30/150:  81%|████████  | 242/300 [00:01<00:00, 198.82it/s]
Epoch 30/150:  89%|████████▊ | 266/300 [00:01<00:00, 209.41it/s]
Epoch 30/150:  96%|█████████▌| 288/300 [00:01<00:00, 192.96it/s]
Epoch 30/150: 100%|██████████| 300/300 [00:01<00:00, 188.11it/s]

Epoch 31/150:   0%|          | 0/300 [00:00<?, ?it/s]
Epoch 31/150:   0%|          | 1/300 [00:00<00:32,  9.25it/s]
Epoch 31/150:   8%|▊         | 23/300 [00:00<00:02, 128.52it/s]
Epoch 31/150:  15%|█▌        | 45/300 [00:00<00:01, 167.76it/s]
Epoch 31/150:  21%|██        | 63/300 [00:00<00:01, 168.01it/s]
Epoch 31/150:  30%|██▉       | 89/300 [00:00<00:01, 198.67it/s]
Epoch 31/150:  36%|███▋      | 109/300 [00:00<00:00, 193.22it/s]
Epoch 31/150:  44%|████▎     | 131/300 [00:00<00:00, 199.46it/s]
Epoch 31/150:  51%|█████     | 152/300 [00:00<00:00, 199.57it/s]
Epoch 31/150:  58%|█████▊    | 173/300 [00:00<00:00, 197.29it/s]
Epoch 31/150:  66%|██████▋   | 199/300 [00:01<00:00, 213.55it/s]
Epoch 31/150:  74%|███████▎  | 221/300 [00:01<00:00, 195.58it/s]
Epoch 31/150:  82%|████████▏ | 246/300 [00:01<00:00, 209.14it/s]
Epoch 31/150:  89%|████████▉ | 268/300 [00:01<00:00, 199.05it/s]
Epoch 31/150:  97%|█████████▋| 290/300 [00:01<00:00, 203.67it/s]
Epoch 31/150: 100%|██████████| 300/300 [00:01<00:00, 188.41it/s]

Epoch 32/150:   0%|          | 0/300 [00:00<?, ?it/s]
Epoch 32/150:   0%|          | 1/300 [00:00<00:30,  9.96it/s]
Epoch 32/150:   8%|▊         | 25/300 [00:00<00:01, 142.56it/s]
Epoch 32/150:  14%|█▍        | 43/300 [00:00<00:01, 156.86it/s]
Epoch 32/150:  21%|██▏       | 64/300 [00:00<00:01, 175.77it/s]
Epoch 32/150:  28%|██▊       | 83/300 [00:00<00:01, 177.51it/s]
Epoch 32/150:  35%|███▍      | 104/300 [00:00<00:01, 187.84it/s]
Epoch 32/150:  43%|████▎     | 129/300 [00:00<00:00, 203.18it/s]
Epoch 32/150:  50%|█████     | 150/300 [00:00<00:00, 196.99it/s]
Epoch 32/150:  58%|█████▊    | 175/300 [00:00<00:00, 210.68it/s]
Epoch 32/150:  66%|██████▌   | 197/300 [00:01<00:00, 199.41it/s]
Epoch 32/150:  73%|███████▎  | 219/300 [00:01<00:00, 203.55it/s]
Epoch 32/150:  80%|████████  | 240/300 [00:01<00:00, 193.90it/s]
Epoch 32/150:  87%|████████▋ | 261/300 [00:01<00:00, 196.76it/s]
Epoch 32/150:  94%|█████████▍| 283/300 [00:01<00:00, 202.29it/s]
Epoch 32/150: 100%|██████████| 300/300 [00:01<00:00, 183.99it/s]

Epoch 33/150:   0%|          | 0/300 [00:00<?, ?it/s]
Epoch 33/150:   0%|          | 1/300 [00:00<00:30,  9.94it/s]
Epoch 33/150:   7%|▋         | 21/300 [00:00<00:02, 119.38it/s]
Epoch 33/150:  15%|█▌        | 46/300 [00:00<00:01, 176.28it/s]
Epoch 33/150:  22%|██▏       | 66/300 [00:00<00:01, 183.83it/s]
Epoch 33/150:  29%|██▊       | 86/300 [00:00<00:01, 188.96it/s]
Epoch 33/150:  37%|███▋      | 110/300 [00:00<00:00, 203.84it/s]
Epoch 33/150:  44%|████▎     | 131/300 [00:00<00:00, 195.67it/s]
Epoch 33/150:  51%|█████▏    | 154/300 [00:00<00:00, 206.03it/s]
Epoch 33/150:  58%|█████▊    | 175/300 [00:00<00:00, 196.24it/s]
Epoch 33/150:  66%|██████▋   | 199/300 [00:01<00:00, 207.70it/s]
Epoch 33/150:  73%|███████▎  | 220/300 [00:01<00:00, 198.47it/s]
Epoch 33/150:  81%|████████  | 242/300 [00:01<00:00, 203.94it/s]
Epoch 33/150:  88%|████████▊ | 263/300 [00:01<00:00, 202.16it/s]
Epoch 33/150:  95%|█████████▍| 284/300 [00:01<00:00, 196.58it/s]
Epoch 33/150: 100%|██████████| 300/300 [00:01<00:00, 188.17it/s]

Epoch 34/150:   0%|          | 0/300 [00:00<?, ?it/s]
Epoch 34/150:   0%|          | 1/300 [00:00<00:30,  9.89it/s]
Epoch 34/150:   8%|▊         | 25/300 [00:00<00:01, 141.53it/s]
Epoch 34/150:  15%|█▌        | 45/300 [00:00<00:01, 167.46it/s]
Epoch 34/150:  21%|██▏       | 64/300 [00:00<00:01, 175.72it/s]
Epoch 34/150:  29%|██▉       | 87/300 [00:00<00:01, 190.72it/s]
Epoch 34/150:  36%|███▌      | 107/300 [00:00<00:01, 185.30it/s]
Epoch 34/150:  44%|████▍     | 132/300 [00:00<00:00, 204.56it/s]
Epoch 34/150:  51%|█████     | 153/300 [00:00<00:00, 194.46it/s]
Epoch 34/150:  59%|█████▊    | 176/300 [00:00<00:00, 204.19it/s]
Epoch 34/150:  66%|██████▌   | 197/300 [00:01<00:00, 200.33it/s]
Epoch 34/150:  73%|███████▎  | 218/300 [00:01<00:00, 199.92it/s]
Epoch 34/150:  80%|████████  | 241/300 [00:01<00:00, 207.57it/s]
Epoch 34/150:  87%|████████▋ | 262/300 [00:01<00:00, 196.41it/s]
Epoch 34/150:  96%|█████████▌| 287/300 [00:01<00:00, 210.35it/s]
Epoch 34/150: 100%|██████████| 300/300 [00:01<00:00, 186.49it/s]

Epoch 35/150:   0%|          | 0/300 [00:00<?, ?it/s]
Epoch 35/150:   0%|          | 1/300 [00:00<00:30,  9.89it/s]
Epoch 35/150:   7%|▋         | 20/300 [00:00<00:02, 113.40it/s]
Epoch 35/150:  15%|█▍        | 44/300 [00:00<00:01, 168.61it/s]
Epoch 35/150:  22%|██▏       | 66/300 [00:00<00:01, 188.25it/s]
Epoch 35/150:  29%|██▊       | 86/300 [00:00<00:01, 191.14it/s]
Epoch 35/150:  37%|███▋      | 111/300 [00:00<00:00, 208.97it/s]
Epoch 35/150:  44%|████▍     | 132/300 [00:00<00:00, 196.32it/s]
Epoch 35/150:  52%|█████▏    | 156/300 [00:00<00:00, 208.00it/s]
Epoch 35/150:  59%|█████▉    | 177/300 [00:00<00:00, 198.36it/s]
Epoch 35/150:  67%|██████▋   | 200/300 [00:01<00:00, 205.17it/s]
Epoch 35/150:  74%|███████▎  | 221/300 [00:01<00:00, 199.34it/s]
Epoch 35/150:  81%|████████  | 242/300 [00:01<00:00, 195.99it/s]
Epoch 35/150:  87%|████████▋ | 262/300 [00:01<00:00, 195.15it/s]
Epoch 35/150:  94%|█████████▍| 282/300 [00:01<00:00, 191.17it/s]
Epoch 35/150: 100%|██████████| 300/300 [00:01<00:00, 186.90it/s]

Epoch 36/150:   0%|          | 0/300 [00:00<?, ?it/s]
Epoch 36/150:   0%|          | 1/300 [00:00<00:30,  9.88it/s]
Epoch 36/150:   8%|▊         | 24/300 [00:00<00:02, 137.98it/s]
Epoch 36/150:  14%|█▍        | 43/300 [00:00<00:01, 160.08it/s]
Epoch 36/150:  21%|██        | 63/300 [00:00<00:01, 173.00it/s]
Epoch 36/150:  28%|██▊       | 85/300 [00:00<00:01, 188.31it/s]
Epoch 36/150:  35%|███▍      | 104/300 [00:00<00:01, 183.65it/s]
Epoch 36/150:  43%|████▎     | 128/300 [00:00<00:00, 198.95it/s]
Epoch 36/150:  49%|████▉     | 148/300 [00:00<00:00, 193.15it/s]
Epoch 36/150:  57%|█████▋    | 170/300 [00:00<00:00, 198.89it/s]
Epoch 36/150:  63%|██████▎   | 190/300 [00:01<00:00, 193.75it/s]
Epoch 36/150:  70%|███████   | 211/300 [00:01<00:00, 196.54it/s]
Epoch 36/150:  78%|███████▊  | 233/300 [00:01<00:00, 203.33it/s]
Epoch 36/150:  85%|████████▍ | 254/300 [00:01<00:00, 194.36it/s]
Epoch 36/150:  93%|█████████▎| 278/300 [00:01<00:00, 206.73it/s]
Epoch 36/150: 100%|█████████▉| 299/300 [00:01<00:00, 198.37it/s]
Epoch 36/150: 100%|██████████| 300/300 [00:01<00:00, 183.03it/s]

Epoch 37/150:   0%|          | 0/300 [00:00<?, ?it/s]
Epoch 37/150:   0%|          | 1/300 [00:00<00:31,  9.58it/s]
Epoch 37/150:   7%|▋         | 21/300 [00:00<00:02, 116.77it/s]
Epoch 37/150:  15%|█▌        | 46/300 [00:00<00:01, 173.21it/s]
Epoch 37/150:  22%|██▏       | 65/300 [00:00<00:01, 179.01it/s]
Epoch 37/150:  29%|██▉       | 88/300 [00:00<00:01, 196.46it/s]
Epoch 37/150:  36%|███▌      | 108/300 [00:00<00:01, 191.91it/s]
Epoch 37/150:  44%|████▎     | 131/300 [00:00<00:00, 201.88it/s]
Epoch 37/150:  51%|█████▏    | 154/300 [00:00<00:00, 207.76it/s]
Epoch 37/150:  58%|█████▊    | 175/300 [00:00<00:00, 196.13it/s]
Epoch 37/150:  67%|██████▋   | 200/300 [00:01<00:00, 210.62it/s]
Epoch 37/150:  74%|███████▍  | 222/300 [00:01<00:00, 193.09it/s]
Epoch 37/150:  83%|████████▎ | 248/300 [00:01<00:00, 209.24it/s]
Epoch 37/150:  90%|█████████ | 270/300 [00:01<00:00, 198.48it/s]
Epoch 37/150:  98%|█████████▊| 294/300 [00:01<00:00, 209.32it/s]
Epoch 37/150: 100%|██████████| 300/300 [00:01<00:00, 188.98it/s]

Epoch 38/150:   0%|          | 0/300 [00:00<?, ?it/s]
Epoch 38/150:   0%|          | 1/300 [00:00<00:31,  9.52it/s]
Epoch 38/150:   9%|▉         | 28/300 [00:00<00:01, 158.35it/s]
Epoch 38/150:  16%|█▌        | 47/300 [00:00<00:01, 171.17it/s]
Epoch 38/150:  23%|██▎       | 68/300 [00:00<00:01, 185.02it/s]
Epoch 38/150:  30%|███       | 91/300 [00:00<00:01, 199.82it/s]
Epoch 38/150:  37%|███▋      | 112/300 [00:00<00:00, 189.69it/s]
Epoch 38/150:  45%|████▌     | 136/300 [00:00<00:00, 202.48it/s]
Epoch 38/150:  52%|█████▏    | 157/300 [00:01<00:01, 131.90it/s]
Epoch 38/150:  60%|█████▉    | 179/300 [00:01<00:00, 150.98it/s]
Epoch 38/150:  68%|██████▊   | 203/300 [00:01<00:00, 171.97it/s]
Epoch 38/150:  74%|███████▍  | 223/300 [00:01<00:00, 172.98it/s]
Epoch 38/150:  82%|████████▏ | 245/300 [00:01<00:00, 184.13it/s]
Epoch 38/150:  88%|████████▊ | 265/300 [00:01<00:00, 185.01it/s]
Epoch 38/150:  95%|█████████▌| 286/300 [00:01<00:00, 190.79it/s]
Epoch 38/150: 100%|██████████| 300/300 [00:01<00:00, 171.98it/s]

Epoch 39/150:   0%|          | 0/300 [00:00<?, ?it/s]
Epoch 39/150:   0%|          | 1/300 [00:00<00:30,  9.73it/s]
Epoch 39/150:   8%|▊         | 23/300 [00:00<00:02, 131.21it/s]
Epoch 39/150:  14%|█▍        | 43/300 [00:00<00:01, 159.68it/s]
Epoch 39/150:  21%|██        | 63/300 [00:00<00:01, 172.53it/s]
Epoch 39/150:  29%|██▉       | 87/300 [00:00<00:01, 194.85it/s]
Epoch 39/150:  36%|███▌      | 107/300 [00:00<00:01, 190.80it/s]
Epoch 39/150:  43%|████▎     | 130/300 [00:00<00:00, 201.48it/s]
Epoch 39/150:  50%|█████     | 151/300 [00:00<00:00, 191.53it/s]
Epoch 39/150:  57%|█████▋    | 172/300 [00:00<00:00, 196.44it/s]
Epoch 39/150:  64%|██████▍   | 192/300 [00:01<00:00, 197.07it/s]
Epoch 39/150:  71%|███████   | 212/300 [00:01<00:00, 193.91it/s]
Epoch 39/150:  79%|███████▊  | 236/300 [00:01<00:00, 201.93it/s]
Epoch 39/150:  86%|████████▌ | 257/300 [00:01<00:00, 197.49it/s]
Epoch 39/150:  95%|█████████▍| 284/300 [00:01<00:00, 217.59it/s]
Epoch 39/150: 100%|██████████| 300/300 [00:01<00:00, 185.92it/s]

Epoch 40/150:   0%|          | 0/300 [00:00<?, ?it/s]
Epoch 40/150:   0%|          | 1/300 [00:00<00:30,  9.77it/s]
Epoch 40/150:   7%|▋         | 21/300 [00:00<00:02, 119.10it/s]
Epoch 40/150:  15%|█▍        | 44/300 [00:00<00:01, 168.11it/s]
Epoch 40/150:  23%|██▎       | 68/300 [00:00<00:01, 192.93it/s]
Epoch 40/150:  29%|██▉       | 88/300 [00:00<00:01, 182.04it/s]
Epoch 40/150:  38%|███▊      | 113/300 [00:00<00:00, 202.69it/s]
Epoch 40/150:  45%|████▍     | 134/300 [00:00<00:00, 194.90it/s]
Epoch 40/150:  52%|█████▏    | 156/300 [00:00<00:00, 202.06it/s]
Epoch 40/150:  59%|█████▉    | 177/300 [00:00<00:00, 196.22it/s]
Epoch 40/150:  67%|██████▋   | 200/300 [00:01<00:00, 204.08it/s]
Epoch 40/150:  74%|███████▎  | 221/300 [00:01<00:00, 204.41it/s]
Epoch 40/150:  81%|████████  | 242/300 [00:01<00:00, 203.76it/s]
Epoch 40/150:  89%|████████▊ | 266/300 [00:01<00:00, 214.34it/s]
Epoch 40/150:  96%|█████████▌| 288/300 [00:01<00:00, 200.33it/s]
Epoch 40/150: 100%|██████████| 300/300 [00:01<00:00, 187.99it/s]

Epoch 41/150:   0%|          | 0/300 [00:00<?, ?it/s]
Epoch 41/150:   0%|          | 1/300 [00:00<00:30,  9.68it/s]
Epoch 41/150:   8%|▊         | 23/300 [00:00<00:02, 129.45it/s]
Epoch 41/150:  15%|█▌        | 46/300 [00:00<00:01, 163.46it/s]
Epoch 41/150:  22%|██▏       | 65/300 [00:00<00:01, 172.74it/s]
Epoch 41/150:  30%|██▉       | 89/300 [00:00<00:01, 194.60it/s]
Epoch 41/150:  36%|███▋      | 109/300 [00:00<00:00, 194.37it/s]
Epoch 41/150:  44%|████▍     | 133/300 [00:00<00:00, 207.60it/s]
Epoch 41/150:  51%|█████▏    | 154/300 [00:00<00:00, 205.24it/s]
Epoch 41/150:  58%|█████▊    | 175/300 [00:00<00:00, 200.55it/s]
Epoch 41/150:  66%|██████▋   | 199/300 [00:01<00:00, 210.67it/s]
Epoch 41/150:  74%|███████▎  | 221/300 [00:01<00:00, 198.27it/s]
Epoch 41/150:  82%|████████▏ | 245/300 [00:01<00:00, 209.51it/s]
Epoch 41/150:  89%|████████▉ | 267/300 [00:01<00:00, 197.14it/s]
Epoch 41/150:  97%|█████████▋| 291/300 [00:01<00:00, 208.74it/s]
Epoch 41/150: 100%|██████████| 300/300 [00:01<00:00, 187.72it/s]

Epoch 42/150:   0%|          | 0/300 [00:00<?, ?it/s]
Epoch 42/150:   0%|          | 1/300 [00:00<00:30,  9.83it/s]
Epoch 42/150:   8%|▊         | 24/300 [00:00<00:02, 135.15it/s]
Epoch 42/150:  14%|█▍        | 42/300 [00:00<00:01, 153.30it/s]
Epoch 42/150:  22%|██▏       | 65/300 [00:00<00:01, 180.93it/s]
Epoch 42/150:  28%|██▊       | 85/300 [00:00<00:01, 186.21it/s]
Epoch 42/150:  35%|███▌      | 106/300 [00:00<00:00, 194.03it/s]
Epoch 42/150:  43%|████▎     | 128/300 [00:00<00:00, 201.72it/s]
Epoch 42/150:  50%|████▉     | 149/300 [00:00<00:00, 196.45it/s]
Epoch 42/150:  58%|█████▊    | 175/300 [00:00<00:00, 214.83it/s]
Epoch 42/150:  66%|██████▌   | 197/300 [00:01<00:00, 204.76it/s]
Epoch 42/150:  74%|███████▎  | 221/300 [00:01<00:00, 213.09it/s]
Epoch 42/150:  81%|████████  | 243/300 [00:01<00:00, 206.21it/s]
Epoch 42/150:  89%|████████▊ | 266/300 [00:01<00:00, 212.06it/s]
Epoch 42/150:  96%|█████████▋| 289/300 [00:01<00:00, 215.31it/s]
Epoch 42/150: 100%|██████████| 300/300 [00:01<00:00, 190.40it/s]

Epoch 43/150:   0%|          | 0/300 [00:00<?, ?it/s]
Epoch 43/150:   0%|          | 1/300 [00:00<00:30,  9.67it/s]
Epoch 43/150:   7%|▋         | 21/300 [00:00<00:02, 119.47it/s]
Epoch 43/150:  15%|█▌        | 45/300 [00:00<00:01, 171.31it/s]
Epoch 43/150:  23%|██▎       | 68/300 [00:00<00:01, 184.14it/s]
Epoch 43/150:  29%|██▉       | 87/300 [00:00<00:01, 185.87it/s]
Epoch 43/150:  37%|███▋      | 111/300 [00:00<00:00, 203.55it/s]
Epoch 43/150:  44%|████▍     | 132/300 [00:00<00:00, 197.00it/s]
Epoch 43/150:  52%|█████▏    | 155/300 [00:00<00:00, 206.00it/s]
Epoch 43/150:  59%|█████▊    | 176/300 [00:00<00:00, 202.19it/s]
Epoch 43/150:  66%|██████▌   | 197/300 [00:01<00:00, 201.57it/s]
Epoch 43/150:  74%|███████▎  | 221/300 [00:01<00:00, 210.92it/s]
Epoch 43/150:  81%|████████  | 243/300 [00:01<00:00, 206.63it/s]
Epoch 43/150:  89%|████████▉ | 268/300 [00:01<00:00, 218.52it/s]
Epoch 43/150:  97%|█████████▋| 290/300 [00:01<00:00, 207.07it/s]
Epoch 43/150: 100%|██████████| 300/300 [00:01<00:00, 190.14it/s]

Epoch 44/150:   0%|          | 0/300 [00:00<?, ?it/s]
Epoch 44/150:   0%|          | 1/300 [00:00<00:33,  9.02it/s]
Epoch 44/150:   7%|▋         | 22/300 [00:00<00:02, 120.96it/s]
Epoch 44/150:  16%|█▌        | 48/300 [00:00<00:01, 181.63it/s]
Epoch 44/150:  22%|██▏       | 67/300 [00:00<00:01, 178.89it/s]
Epoch 44/150:  29%|██▉       | 87/300 [00:00<00:01, 184.71it/s]
Epoch 44/150:  36%|███▋      | 109/300 [00:00<00:00, 191.21it/s]
Epoch 44/150:  44%|████▎     | 131/300 [00:00<00:00, 199.91it/s]
Epoch 44/150:  52%|█████▏    | 156/300 [00:00<00:00, 213.08it/s]
Epoch 44/150:  59%|█████▉    | 178/300 [00:00<00:00, 195.85it/s]
Epoch 44/150:  68%|██████▊   | 203/300 [00:01<00:00, 209.19it/s]
Epoch 44/150:  75%|███████▌  | 225/300 [00:01<00:00, 198.30it/s]
Epoch 44/150:  83%|████████▎ | 249/300 [00:01<00:00, 209.81it/s]
Epoch 44/150:  90%|█████████ | 271/300 [00:01<00:00, 198.06it/s]
Epoch 44/150:  98%|█████████▊| 293/300 [00:01<00:00, 203.47it/s]
Epoch 44/150: 100%|██████████| 300/300 [00:01<00:00, 188.28it/s]

Epoch 45/150:   0%|          | 0/300 [00:00<?, ?it/s]
Epoch 45/150:   0%|          | 1/300 [00:00<00:30,  9.91it/s]
Epoch 45/150:   8%|▊         | 25/300 [00:00<00:01, 143.19it/s]
Epoch 45/150:  15%|█▍        | 44/300 [00:00<00:01, 160.72it/s]
Epoch 45/150:  22%|██▏       | 65/300 [00:00<00:01, 177.49it/s]
Epoch 45/150:  28%|██▊       | 85/300 [00:00<00:01, 184.50it/s]
Epoch 45/150:  35%|███▍      | 104/300 [00:00<00:01, 185.68it/s]
Epoch 45/150:  43%|████▎     | 130/300 [00:00<00:00, 206.67it/s]
Epoch 45/150:  50%|█████     | 151/300 [00:00<00:00, 199.00it/s]
Epoch 45/150:  58%|█████▊    | 175/300 [00:00<00:00, 209.61it/s]
Epoch 45/150:  66%|██████▌   | 197/300 [00:01<00:00, 204.33it/s]
Epoch 45/150:  73%|███████▎  | 219/300 [00:01<00:00, 206.57it/s]
Epoch 45/150:  80%|████████  | 240/300 [00:01<00:00, 204.97it/s]
Epoch 45/150:  87%|████████▋ | 261/300 [00:01<00:00, 203.16it/s]
Epoch 45/150:  95%|█████████▌| 285/300 [00:01<00:00, 208.86it/s]
Epoch 45/150: 100%|██████████| 300/300 [00:01<00:00, 187.02it/s]

Epoch 46/150:   0%|          | 0/300 [00:00<?, ?it/s]
Epoch 46/150:   0%|          | 1/300 [00:00<00:31,  9.56it/s]
Epoch 46/150:   7%|▋         | 21/300 [00:00<00:02, 118.21it/s]
Epoch 46/150:  15%|█▍        | 44/300 [00:00<00:01, 166.49it/s]
Epoch 46/150:  23%|██▎       | 69/300 [00:00<00:01, 196.15it/s]
Epoch 46/150:  30%|██▉       | 89/300 [00:00<00:01, 184.35it/s]
Epoch 46/150:  38%|███▊      | 113/300 [00:00<00:00, 200.13it/s]
Epoch 46/150:  45%|████▍     | 134/300 [00:00<00:00, 189.68it/s]
Epoch 46/150:  52%|█████▏    | 157/300 [00:00<00:00, 200.89it/s]
Epoch 46/150:  59%|█████▉    | 178/300 [00:00<00:00, 192.78it/s]
Epoch 46/150:  66%|██████▋   | 199/300 [00:01<00:00, 197.37it/s]
Epoch 46/150:  73%|███████▎  | 219/300 [00:01<00:00, 192.89it/s]
Epoch 46/150:  80%|███████▉  | 239/300 [00:01<00:00, 192.75it/s]
Epoch 46/150:  87%|████████▋ | 262/300 [00:01<00:00, 196.13it/s]
Epoch 46/150:  95%|█████████▌| 286/300 [00:01<00:00, 206.42it/s]
Epoch 46/150: 100%|██████████| 300/300 [00:01<00:00, 186.24it/s]

Epoch 47/150:   0%|          | 0/300 [00:00<?, ?it/s]
Epoch 47/150:   0%|          | 1/300 [00:00<00:31,  9.48it/s]
Epoch 47/150:   8%|▊         | 23/300 [00:00<00:02, 130.49it/s]
Epoch 47/150:  15%|█▌        | 46/300 [00:00<00:01, 173.06it/s]
Epoch 47/150:  21%|██▏       | 64/300 [00:00<00:01, 174.49it/s]
Epoch 47/150:  29%|██▉       | 88/300 [00:00<00:01, 196.38it/s]
Epoch 47/150:  36%|███▌      | 108/300 [00:00<00:01, 189.28it/s]
Epoch 47/150:  44%|████▍     | 132/300 [00:00<00:00, 202.70it/s]
Epoch 47/150:  51%|█████     | 153/300 [00:00<00:00, 197.14it/s]
Epoch 47/150:  58%|█████▊    | 174/300 [00:00<00:00, 199.78it/s]
Epoch 47/150:  66%|██████▌   | 197/300 [00:01<00:00, 200.33it/s]
Epoch 47/150:  73%|███████▎  | 218/300 [00:01<00:00, 198.61it/s]
Epoch 47/150:  81%|████████  | 243/300 [00:01<00:00, 211.23it/s]
Epoch 47/150:  88%|████████▊ | 265/300 [00:01<00:00, 198.52it/s]
Epoch 47/150:  98%|█████████▊| 293/300 [00:01<00:00, 220.06it/s]
Epoch 47/150: 100%|██████████| 300/300 [00:01<00:00, 190.76it/s]

Epoch 48/150:   0%|          | 0/300 [00:00<?, ?it/s]
Epoch 48/150:   1%|          | 2/300 [00:00<00:15, 19.30it/s]
Epoch 48/150:   9%|▊         | 26/300 [00:00<00:01, 147.19it/s]
Epoch 48/150:  15%|█▍        | 44/300 [00:00<00:01, 160.69it/s]
Epoch 48/150:  22%|██▏       | 66/300 [00:00<00:01, 183.01it/s]
Epoch 48/150:  29%|██▉       | 87/300 [00:00<00:01, 190.23it/s]
Epoch 48/150:  36%|███▌      | 107/300 [00:00<00:01, 189.72it/s]
Epoch 48/150:  44%|████▍     | 132/300 [00:00<00:00, 206.47it/s]
Epoch 48/150:  51%|█████     | 153/300 [00:00<00:00, 190.25it/s]
Epoch 48/150:  59%|█████▉    | 178/300 [00:00<00:00, 206.17it/s]
Epoch 48/150:  66%|██████▋   | 199/300 [00:01<00:00, 195.70it/s]
Epoch 48/150:  74%|███████▍  | 222/300 [00:01<00:00, 203.54it/s]
Epoch 48/150:  81%|████████  | 243/300 [00:01<00:00, 196.14it/s]
Epoch 48/150:  88%|████████▊ | 264/300 [00:01<00:00, 197.95it/s]
Epoch 48/150:  97%|█████████▋| 290/300 [00:01<00:00, 215.17it/s]
Epoch 48/150: 100%|██████████| 300/300 [00:01<00:00, 190.73it/s]

Epoch 49/150:   0%|          | 0/300 [00:00<?, ?it/s]
Epoch 49/150:   0%|          | 1/300 [00:00<00:30,  9.77it/s]
Epoch 49/150:   6%|▋         | 19/300 [00:00<00:02, 108.81it/s]
Epoch 49/150:  15%|█▍        | 44/300 [00:00<00:01, 171.26it/s]
Epoch 49/150:  21%|██▏       | 64/300 [00:00<00:01, 179.29it/s]
Epoch 49/150:  28%|██▊       | 84/300 [00:00<00:01, 185.34it/s]
Epoch 49/150:  36%|███▋      | 109/300 [00:00<00:00, 202.16it/s]
Epoch 49/150:  43%|████▎     | 130/300 [00:00<00:00, 197.62it/s]
Epoch 49/150:  52%|█████▏    | 155/300 [00:00<00:00, 211.25it/s]
Epoch 49/150:  59%|█████▉    | 177/300 [00:00<00:00, 201.55it/s]
Epoch 49/150:  66%|██████▌   | 198/300 [00:01<00:00, 203.47it/s]
Epoch 49/150:  73%|███████▎  | 219/300 [00:01<00:00, 197.70it/s]
Epoch 49/150:  80%|████████  | 240/300 [00:01<00:00, 199.97it/s]
Epoch 49/150:  88%|████████▊ | 263/300 [00:01<00:00, 201.57it/s]
Epoch 49/150:  95%|█████████▍| 284/300 [00:01<00:00, 201.50it/s]
Epoch 49/150: 100%|██████████| 300/300 [00:01<00:00, 189.12it/s]

Epoch 50/150:   0%|          | 0/300 [00:00<?, ?it/s]
Epoch 50/150:   0%|          | 1/300 [00:00<00:33,  9.05it/s]
Epoch 50/150:   9%|▊         | 26/300 [00:00<00:01, 142.28it/s]
Epoch 50/150:  15%|█▌        | 45/300 [00:00<00:01, 162.86it/s]
Epoch 50/150:  22%|██▏       | 67/300 [00:00<00:01, 183.96it/s]
Epoch 50/150:  30%|███       | 90/300 [00:00<00:01, 198.46it/s]
Epoch 50/150:  37%|███▋      | 110/300 [00:00<00:01, 189.16it/s]
Epoch 50/150:  45%|████▌     | 135/300 [00:00<00:00, 205.39it/s]
Epoch 50/150:  52%|█████▏    | 156/300 [00:00<00:00, 196.58it/s]
Epoch 50/150:  60%|██████    | 180/300 [00:00<00:00, 207.49it/s]
Epoch 50/150:  67%|██████▋   | 201/300 [00:01<00:00, 197.58it/s]
Epoch 50/150:  74%|███████▍  | 222/300 [00:01<00:00, 200.71it/s]
Epoch 50/150:  81%|████████  | 243/300 [00:01<00:00, 197.61it/s]
Epoch 50/150:  89%|████████▊ | 266/300 [00:01<00:00, 206.18it/s]
Epoch 50/150:  97%|█████████▋| 290/300 [00:01<00:00, 215.17it/s]
Epoch 50/150: 100%|██████████| 300/300 [00:01<00:00, 188.32it/s]

Epoch 51/150:   0%|          | 0/300 [00:00<?, ?it/s]
Epoch 51/150:   0%|          | 1/300 [00:00<00:31,  9.58it/s]
Epoch 51/150:   7%|▋         | 22/300 [00:00<00:02, 122.04it/s]
Epoch 51/150:  15%|█▌        | 45/300 [00:00<00:01, 169.74it/s]
Epoch 51/150:  23%|██▎       | 69/300 [00:00<00:01, 192.29it/s]
Epoch 51/150:  30%|██▉       | 89/300 [00:00<00:01, 182.02it/s]
Epoch 51/150:  38%|███▊      | 114/300 [00:00<00:00, 200.69it/s]
Epoch 51/150:  45%|████▌     | 135/300 [00:00<00:00, 196.55it/s]
Epoch 51/150:  52%|█████▏    | 155/300 [00:00<00:01, 138.07it/s]
Epoch 51/150:  60%|██████    | 181/300 [00:01<00:00, 164.58it/s]
Epoch 51/150:  67%|██████▋   | 200/300 [00:01<00:00, 169.65it/s]
Epoch 51/150:  74%|███████▍  | 222/300 [00:01<00:00, 182.33it/s]
Epoch 51/150:  81%|████████  | 243/300 [00:01<00:00, 188.16it/s]
Epoch 51/150:  88%|████████▊ | 263/300 [00:01<00:00, 187.53it/s]
Epoch 51/150:  96%|█████████▌| 287/300 [00:01<00:00, 200.54it/s]
Epoch 51/150: 100%|██████████| 300/300 [00:01<00:00, 172.08it/s]

Epoch 52/150:   0%|          | 0/300 [00:00<?, ?it/s]
Epoch 52/150:   0%|          | 1/300 [00:00<00:31,  9.60it/s]
Epoch 52/150:   7%|▋         | 20/300 [00:00<00:02, 113.88it/s]
Epoch 52/150:  14%|█▍        | 42/300 [00:00<00:01, 160.26it/s]
Epoch 52/150:  21%|██▏       | 64/300 [00:00<00:01, 179.94it/s]
Epoch 52/150:  28%|██▊       | 83/300 [00:00<00:01, 183.30it/s]
Epoch 52/150:  36%|███▌      | 107/300 [00:00<00:00, 200.75it/s]
Epoch 52/150:  43%|████▎     | 128/300 [00:00<00:00, 188.60it/s]
Epoch 52/150:  51%|█████     | 152/300 [00:00<00:00, 203.11it/s]
Epoch 52/150:  58%|█████▊    | 173/300 [00:00<00:00, 191.50it/s]
Epoch 52/150:  65%|██████▌   | 195/300 [00:01<00:00, 199.29it/s]
Epoch 52/150:  72%|███████▏  | 216/300 [00:01<00:00, 193.16it/s]
Epoch 52/150:  80%|███████▉  | 239/300 [00:01<00:00, 201.91it/s]
Epoch 52/150:  87%|████████▋ | 260/300 [00:01<00:00, 200.34it/s]
Epoch 52/150:  94%|█████████▎| 281/300 [00:01<00:00, 199.42it/s]
Epoch 52/150: 100%|██████████| 300/300 [00:01<00:00, 185.87it/s]

Epoch 53/150:   0%|          | 0/300 [00:00<?, ?it/s]
Epoch 53/150:   0%|          | 1/300 [00:00<00:30,  9.85it/s]
Epoch 53/150:   9%|▊         | 26/300 [00:00<00:01, 149.32it/s]
Epoch 53/150:  15%|█▌        | 46/300 [00:00<00:01, 169.92it/s]
Epoch 53/150:  22%|██▏       | 66/300 [00:00<00:01, 180.23it/s]
Epoch 53/150:  30%|███       | 91/300 [00:00<00:01, 202.26it/s]
Epoch 53/150:  37%|███▋      | 112/300 [00:00<00:00, 188.91it/s]
Epoch 53/150:  46%|████▌     | 137/300 [00:00<00:00, 206.15it/s]
Epoch 53/150:  53%|█████▎    | 158/300 [00:00<00:00, 195.37it/s]
Epoch 53/150:  60%|██████    | 180/300 [00:00<00:00, 200.73it/s]
Epoch 53/150:  67%|██████▋   | 201/300 [00:01<00:00, 194.00it/s]
Epoch 53/150:  74%|███████▍  | 222/300 [00:01<00:00, 196.05it/s]
Epoch 53/150:  81%|████████  | 242/300 [00:01<00:00, 192.20it/s]
Epoch 53/150:  87%|████████▋ | 262/300 [00:01<00:00, 190.33it/s]
Epoch 53/150:  95%|█████████▍| 284/300 [00:01<00:00, 196.38it/s]
Epoch 53/150: 100%|██████████| 300/300 [00:01<00:00, 183.26it/s]

Epoch 54/150:   0%|          | 0/300 [00:00<?, ?it/s]
Epoch 54/150:   0%|          | 1/300 [00:00<00:31,  9.55it/s]
Epoch 54/150:   7%|▋         | 20/300 [00:00<00:02, 113.67it/s]
Epoch 54/150:  15%|█▌        | 45/300 [00:00<00:01, 173.56it/s]
Epoch 54/150:  22%|██▏       | 65/300 [00:00<00:01, 180.62it/s]
Epoch 54/150:  29%|██▊       | 86/300 [00:00<00:01, 190.09it/s]
Epoch 54/150:  37%|███▋      | 111/300 [00:00<00:00, 207.98it/s]
Epoch 54/150:  44%|████▍     | 132/300 [00:00<00:00, 194.50it/s]
Epoch 54/150:  52%|█████▏    | 156/300 [00:00<00:00, 205.50it/s]
Epoch 54/150:  59%|█████▉    | 177/300 [00:00<00:00, 196.86it/s]
Epoch 54/150:  66%|██████▋   | 199/300 [00:01<00:00, 202.78it/s]
Epoch 54/150:  73%|███████▎  | 220/300 [00:01<00:00, 197.03it/s]
Epoch 54/150:  80%|████████  | 241/300 [00:01<00:00, 198.94it/s]
Epoch 54/150:  88%|████████▊ | 265/300 [00:01<00:00, 208.44it/s]
Epoch 54/150:  95%|█████████▌| 286/300 [00:01<00:00, 198.50it/s]
Epoch 54/150: 100%|██████████| 300/300 [00:01<00:00, 186.78it/s]

Epoch 55/150:   0%|          | 0/300 [00:00<?, ?it/s]
Epoch 55/150:   0%|          | 1/300 [00:00<00:30,  9.89it/s]
Epoch 55/150:   8%|▊         | 23/300 [00:00<00:02, 131.92it/s]
Epoch 55/150:  14%|█▍        | 43/300 [00:00<00:01, 159.78it/s]
Epoch 55/150:  22%|██▏       | 65/300 [00:00<00:01, 180.52it/s]
Epoch 55/150:  30%|███       | 90/300 [00:00<00:01, 202.32it/s]
Epoch 55/150:  37%|███▋      | 111/300 [00:00<00:00, 194.14it/s]
Epoch 55/150:  44%|████▍     | 133/300 [00:00<00:00, 201.76it/s]
Epoch 55/150:  51%|█████▏    | 154/300 [00:00<00:00, 197.26it/s]
Epoch 55/150:  59%|█████▊    | 176/300 [00:00<00:00, 201.77it/s]
Epoch 55/150:  66%|██████▌   | 197/300 [00:01<00:00, 201.77it/s]
Epoch 55/150:  73%|███████▎  | 218/300 [00:01<00:00, 200.91it/s]
Epoch 55/150:  80%|████████  | 241/300 [00:01<00:00, 206.98it/s]
Epoch 55/150:  87%|████████▋ | 262/300 [00:01<00:00, 196.67it/s]
Epoch 55/150:  95%|█████████▌| 286/300 [00:01<00:00, 207.52it/s]
Epoch 55/150: 100%|██████████| 300/300 [00:01<00:00, 187.65it/s]

Epoch 56/150:   0%|          | 0/300 [00:00<?, ?it/s]
Epoch 56/150:   0%|          | 1/300 [00:00<00:31,  9.49it/s]
Epoch 56/150:   7%|▋         | 21/300 [00:00<00:02, 117.45it/s]
Epoch 56/150:  14%|█▍        | 43/300 [00:00<00:01, 163.13it/s]
Epoch 56/150:  22%|██▏       | 66/300 [00:00<00:01, 187.58it/s]
Epoch 56/150:  28%|██▊       | 85/300 [00:00<00:01, 180.06it/s]
Epoch 56/150:  36%|███▋      | 109/300 [00:00<00:00, 197.67it/s]
Epoch 56/150:  43%|████▎     | 129/300 [00:00<00:00, 189.15it/s]
Epoch 56/150:  51%|█████     | 152/300 [00:00<00:00, 199.18it/s]
Epoch 56/150:  58%|█████▊    | 173/300 [00:00<00:00, 193.85it/s]
Epoch 56/150:  65%|██████▌   | 195/300 [00:01<00:00, 199.37it/s]
Epoch 56/150:  72%|███████▏  | 216/300 [00:01<00:00, 198.75it/s]
Epoch 56/150:  79%|███████▉  | 238/300 [00:01<00:00, 203.89it/s]
Epoch 56/150:  87%|████████▋ | 262/300 [00:01<00:00, 213.34it/s]
Epoch 56/150:  95%|█████████▍| 284/300 [00:01<00:00, 197.85it/s]
Epoch 56/150: 100%|██████████| 300/300 [00:01<00:00, 185.87it/s]

Epoch 57/150:   0%|          | 0/300 [00:00<?, ?it/s]
Epoch 57/150:   0%|          | 1/300 [00:00<00:30,  9.93it/s]
Epoch 57/150:   8%|▊         | 25/300 [00:00<00:01, 142.25it/s]
Epoch 57/150:  15%|█▌        | 46/300 [00:00<00:01, 170.20it/s]
Epoch 57/150:  22%|██▏       | 66/300 [00:00<00:01, 179.45it/s]
Epoch 57/150:  30%|███       | 90/300 [00:00<00:01, 196.06it/s]
Epoch 57/150:  37%|███▋      | 110/300 [00:00<00:01, 188.04it/s]
Epoch 57/150:  45%|████▍     | 134/300 [00:00<00:00, 204.07it/s]
Epoch 57/150:  52%|█████▏    | 155/300 [00:00<00:00, 199.72it/s]
Epoch 57/150:  60%|██████    | 180/300 [00:00<00:00, 212.54it/s]
Epoch 57/150:  67%|██████▋   | 202/300 [00:01<00:00, 206.40it/s]
Epoch 57/150:  74%|███████▍  | 223/300 [00:01<00:00, 205.11it/s]
Epoch 57/150:  81%|████████▏ | 244/300 [00:01<00:00, 203.03it/s]
Epoch 57/150:  88%|████████▊ | 265/300 [00:01<00:00, 197.65it/s]
Epoch 57/150:  96%|█████████▋| 289/300 [00:01<00:00, 205.56it/s]
Epoch 57/150: 100%|██████████| 300/300 [00:01<00:00, 187.12it/s]

Epoch 58/150:   0%|          | 0/300 [00:00<?, ?it/s]
Epoch 58/150:   0%|          | 1/300 [00:00<00:31,  9.47it/s]
Epoch 58/150:   7%|▋         | 22/300 [00:00<00:02, 123.21it/s]
Epoch 58/150:  15%|█▌        | 46/300 [00:00<00:01, 175.33it/s]
Epoch 58/150:  23%|██▎       | 69/300 [00:00<00:01, 188.68it/s]
Epoch 58/150:  30%|██▉       | 89/300 [00:00<00:01, 192.21it/s]
Epoch 58/150:  37%|███▋      | 112/300 [00:00<00:00, 202.52it/s]
Epoch 58/150:  44%|████▍     | 133/300 [00:00<00:00, 192.99it/s]
Epoch 58/150:  52%|█████▏    | 157/300 [00:00<00:00, 205.18it/s]
Epoch 58/150:  60%|█████▉    | 179/300 [00:00<00:00, 209.43it/s]
Epoch 58/150:  68%|██████▊   | 203/300 [00:01<00:00, 218.07it/s]
Epoch 58/150:  75%|███████▌  | 225/300 [00:01<00:00, 210.79it/s]
Epoch 58/150:  82%|████████▏ | 247/300 [00:01<00:00, 208.09it/s]
Epoch 58/150:  91%|█████████ | 272/300 [00:01<00:00, 216.25it/s]
Epoch 58/150:  98%|█████████▊| 294/300 [00:01<00:00, 210.51it/s]
Epoch 58/150: 100%|██████████| 300/300 [00:01<00:00, 193.70it/s]

Epoch 59/150:   0%|          | 0/300 [00:00<?, ?it/s]
Epoch 59/150:   0%|          | 1/300 [00:00<00:30,  9.88it/s]
Epoch 59/150:   7%|▋         | 20/300 [00:00<00:02, 113.33it/s]
Epoch 59/150:  15%|█▍        | 44/300 [00:00<00:01, 167.91it/s]
Epoch 59/150:  21%|██        | 63/300 [00:00<00:01, 176.38it/s]
Epoch 59/150:  29%|██▉       | 88/300 [00:00<00:01, 202.01it/s]
Epoch 59/150:  37%|███▋      | 111/300 [00:00<00:00, 210.01it/s]
Epoch 59/150:  44%|████▍     | 132/300 [00:00<00:00, 195.25it/s]
Epoch 59/150:  52%|█████▏    | 156/300 [00:00<00:00, 205.98it/s]
Epoch 59/150:  59%|█████▉    | 177/300 [00:00<00:00, 194.63it/s]
Epoch 59/150:  67%|██████▋   | 200/300 [00:01<00:00, 204.61it/s]
Epoch 59/150:  74%|███████▎  | 221/300 [00:01<00:00, 198.80it/s]
Epoch 59/150:  81%|████████  | 242/300 [00:01<00:00, 198.21it/s]
Epoch 59/150:  88%|████████▊ | 263/300 [00:01<00:00, 198.14it/s]
Epoch 59/150:  94%|█████████▍| 283/300 [00:01<00:00, 197.54it/s]
Epoch 59/150: 100%|██████████| 300/300 [00:01<00:00, 188.41it/s]

Epoch 60/150:   0%|          | 0/300 [00:00<?, ?it/s]
Epoch 60/150:   0%|          | 1/300 [00:00<00:30,  9.88it/s]
Epoch 60/150:   8%|▊         | 24/300 [00:00<00:02, 135.92it/s]
Epoch 60/150:  15%|█▌        | 45/300 [00:00<00:01, 166.82it/s]
Epoch 60/150:  21%|██        | 63/300 [00:00<00:01, 169.58it/s]
Epoch 60/150:  29%|██▉       | 88/300 [00:00<00:01, 195.08it/s]
Epoch 60/150:  36%|███▌      | 108/300 [00:00<00:01, 188.07it/s]
Epoch 60/150:  44%|████▍     | 132/300 [00:00<00:00, 202.17it/s]
Epoch 60/150:  51%|█████     | 153/300 [00:00<00:00, 194.52it/s]
Epoch 60/150:  58%|█████▊    | 174/300 [00:00<00:00, 197.88it/s]
Epoch 60/150:  65%|██████▍   | 194/300 [00:01<00:00, 195.69it/s]
Epoch 60/150:  71%|███████▏  | 214/300 [00:01<00:00, 192.09it/s]
Epoch 60/150:  79%|███████▉  | 238/300 [00:01<00:00, 205.94it/s]
Epoch 60/150:  86%|████████▋ | 259/300 [00:01<00:00, 195.14it/s]
Epoch 60/150:  94%|█████████▍| 283/300 [00:01<00:00, 206.22it/s]
Epoch 60/150: 100%|██████████| 300/300 [00:01<00:00, 183.40it/s]
Applying jittering augmentation (this might take a while)...
Augmentation jittering applied successfully.
Fold 0 | Input Dim: 70 | Train: 9578, Val: 720, Test: 1347
Epoch 1, Train Loss: 0.2027, Train F1: 0.5553, Val F1: 0.6196, LR: 0.000040
✅ Model Saved (Best F1-score)
Epoch 2, Train Loss: 0.1849, Train F1: 0.6207, Val F1: 0.6286, LR: 0.000060
✅ Model Saved (Best F1-score)
Epoch 3, Train Loss: 0.1786, Train F1: 0.6466, Val F1: 0.6509, LR: 0.000080
✅ Model Saved (Best F1-score)
Epoch 4, Train Loss: 0.1728, Train F1: 0.6621, Val F1: 0.6564, LR: 0.000100
✅ Model Saved (Best F1-score)
Epoch 5, Train Loss: 0.1686, Train F1: 0.6789, Val F1: 0.6596, LR: 0.000100
✅ Model Saved (Best F1-score)
Epoch 6, Train Loss: 0.1657, Train F1: 0.6881, Val F1: 0.6563, LR: 0.000100
Epoch 7, Train Loss: 0.1619, Train F1: 0.6991, Val F1: 0.6797, LR: 0.000100
✅ Model Saved (Best F1-score)
Epoch 8, Train Loss: 0.1590, Train F1: 0.7077, Val F1: 0.6789, LR: 0.000100
Epoch 9, Train Loss: 0.1554, Train F1: 0.7104, Val F1: 0.6774, LR: 0.000100
Epoch 10, Train Loss: 0.1534, Train F1: 0.7185, Val F1: 0.6816, LR: 0.000100
✅ Model Saved (Best F1-score)
Epoch 11, Train Loss: 0.1500, Train F1: 0.7284, Val F1: 0.6748, LR: 0.000100
Epoch 12, Train Loss: 0.1475, Train F1: 0.7301, Val F1: 0.6426, LR: 0.000099
Epoch 13, Train Loss: 0.1441, Train F1: 0.7378, Val F1: 0.6562, LR: 0.000099
Epoch 14, Train Loss: 0.1409, Train F1: 0.7426, Val F1: 0.6563, LR: 0.000099
Epoch 15, Train Loss: 0.1373, Train F1: 0.7497, Val F1: 0.6731, LR: 0.000099
Epoch 16, Train Loss: 0.1332, Train F1: 0.7609, Val F1: 0.6444, LR: 0.000099
Epoch 17, Train Loss: 0.1287, Train F1: 0.7668, Val F1: 0.6513, LR: 0.000098
Epoch 18, Train Loss: 0.1256, Train F1: 0.7717, Val F1: 0.6539, LR: 0.000098
Epoch 19, Train Loss: 0.1222, Train F1: 0.7761, Val F1: 0.6565, LR: 0.000098
Epoch 20, Train Loss: 0.1178, Train F1: 0.7850, Val F1: 0.6737, LR: 0.000097
Epoch 21, Train Loss: 0.1139, Train F1: 0.7918, Val F1: 0.6563, LR: 0.000097
Epoch 22, Train Loss: 0.1107, Train F1: 0.7991, Val F1: 0.6572, LR: 0.000097
Epoch 23, Train Loss: 0.1054, Train F1: 0.8079, Val F1: 0.6455, LR: 0.000096
Epoch 24, Train Loss: 0.1021, Train F1: 0.8128, Val F1: 0.6471, LR: 0.000096
Epoch 25, Train Loss: 0.0981, Train F1: 0.8217, Val F1: 0.6320, LR: 0.000095
Epoch 26, Train Loss: 0.0944, Train F1: 0.8292, Val F1: 0.6419, LR: 0.000095
Epoch 27, Train Loss: 0.0910, Train F1: 0.8329, Val F1: 0.6486, LR: 0.000094
Epoch 28, Train Loss: 0.0878, Train F1: 0.8409, Val F1: 0.6211, LR: 0.000094
Epoch 29, Train Loss: 0.0842, Train F1: 0.8469, Val F1: 0.6526, LR: 0.000093
Epoch 30, Train Loss: 0.0802, Train F1: 0.8549, Val F1: 0.6356, LR: 0.000093
Epoch 31, Train Loss: 0.0778, Train F1: 0.8589, Val F1: 0.6567, LR: 0.000092
Epoch 32, Train Loss: 0.0743, Train F1: 0.8634, Val F1: 0.6432, LR: 0.000092
Epoch 33, Train Loss: 0.0699, Train F1: 0.8729, Val F1: 0.6454, LR: 0.000091
Epoch 34, Train Loss: 0.0682, Train F1: 0.8759, Val F1: 0.6320, LR: 0.000090
Epoch 35, Train Loss: 0.0672, Train F1: 0.8806, Val F1: 0.6167, LR: 0.000090
Epoch 36, Train Loss: 0.0623, Train F1: 0.8877, Val F1: 0.6367, LR: 0.000089
Epoch 37, Train Loss: 0.0600, Train F1: 0.8940, Val F1: 0.6156, LR: 0.000088
Epoch 38, Train Loss: 0.0586, Train F1: 0.8960, Val F1: 0.6366, LR: 0.000088
Epoch 39, Train Loss: 0.0557, Train F1: 0.9016, Val F1: 0.6339, LR: 0.000087
Epoch 40, Train Loss: 0.0530, Train F1: 0.9078, Val F1: 0.6292, LR: 0.000086
Epoch 41, Train Loss: 0.0516, Train F1: 0.9080, Val F1: 0.6417, LR: 0.000086
Epoch 42, Train Loss: 0.0501, Train F1: 0.9135, Val F1: 0.6208, LR: 0.000085
Epoch 43, Train Loss: 0.0462, Train F1: 0.9194, Val F1: 0.6263, LR: 0.000084
Epoch 44, Train Loss: 0.0453, Train F1: 0.9209, Val F1: 0.6136, LR: 0.000083
Epoch 45, Train Loss: 0.0433, Train F1: 0.9233, Val F1: 0.6296, LR: 0.000082
Epoch 46, Train Loss: 0.0418, Train F1: 0.9266, Val F1: 0.6296, LR: 0.000082
Epoch 47, Train Loss: 0.0409, Train F1: 0.9316, Val F1: 0.6451, LR: 0.000081
Epoch 48, Train Loss: 0.0384, Train F1: 0.9355, Val F1: 0.6276, LR: 0.000080
Epoch 49, Train Loss: 0.0381, Train F1: 0.9359, Val F1: 0.6254, LR: 0.000079
Epoch 50, Train Loss: 0.0359, Train F1: 0.9386, Val F1: 0.6350, LR: 0.000078
Epoch 51, Train Loss: 0.0336, Train F1: 0.9437, Val F1: 0.6317, LR: 0.000077
Epoch 52, Train Loss: 0.0344, Train F1: 0.9417, Val F1: 0.6182, LR: 0.000076
Epoch 53, Train Loss: 0.0327, Train F1: 0.9453, Val F1: 0.6174, LR: 0.000075
Epoch 54, Train Loss: 0.0295, Train F1: 0.9498, Val F1: 0.6297, LR: 0.000074
Epoch 55, Train Loss: 0.0290, Train F1: 0.9513, Val F1: 0.6090, LR: 0.000073
Epoch 56, Train Loss: 0.0285, Train F1: 0.9523, Val F1: 0.6274, LR: 0.000072
Epoch 57, Train Loss: 0.0277, Train F1: 0.9541, Val F1: 0.6125, LR: 0.000071
Epoch 58, Train Loss: 0.0261, Train F1: 0.9587, Val F1: 0.6411, LR: 0.000071
Epoch 59, Train Loss: 0.0246, Train F1: 0.9598, Val F1: 0.6194, LR: 0.000070
Epoch 60, Train Loss: 0.0243, Train F1: 0.9610, Val F1: 0.6344, LR: 0.000069
⏹️ Early Stopping Triggered
Fold 0 Test F1: 0.6621, Accuracy: 0.3445, cost 1.5759167179144483e-05 sec

✅ F1 scores from each Fold:
Fold 0: Macro F1 = 0.6621, Accuracy: 0.3445, cost time = 0.000016 sec
  - Correct: F1 = 0.4566
  - Far from the shins: F1 = 0.7182
  - Hips rise first: F1 = 0.6870
  - Collide with the knees: F1 = 0.5765
  - Lower back rounding: F1 = 0.6667

📊 Average F1 Score: 0.6621 ± 0.0000
  Average F1 Score per Class:
  - Correct: 0.4566 ± 0.0000
  - Far from the shins: 0.7182 ± 0.0000
  - Hips rise first: 0.6870 ± 0.0000
  - Collide with the knees: 0.5765 ± 0.0000
  - Lower back rounding: 0.6667 ± 0.0000
🏆 Best F1: 0.6621 from Fold 0
📁 Best model saved at: ./models/deadlift/TST_Deadlift_3D/phase4.8_test_heads8_jittering/PatchTST_model_fold0.pth

✅ 寫入完成：./models/deadlift/TST_Deadlift_3D/phase4.8_test_heads8_jittering/results_summary.txt

  0%|          | 0/4789 [00:00<?, ?it/s]
  2%|▏         | 80/4789 [00:00<00:05, 790.19it/s]
  3%|▎         | 161/4789 [00:00<00:05, 796.71it/s]
  5%|▌         | 242/4789 [00:00<00:05, 798.72it/s]
  7%|▋         | 323/4789 [00:00<00:05, 800.22it/s]
  8%|▊         | 404/4789 [00:00<00:05, 800.13it/s]
 10%|█         | 485/4789 [00:00<00:05, 800.57it/s]
 12%|█▏        | 566/4789 [00:00<00:05, 800.88it/s]
 14%|█▎        | 647/4789 [00:00<00:05, 800.95it/s]
 15%|█▌        | 728/4789 [00:00<00:05, 801.11it/s]
 17%|█▋        | 809/4789 [00:01<00:04, 800.27it/s]
 19%|█▊        | 890/4789 [00:01<00:04, 800.56it/s]
 20%|██        | 971/4789 [00:01<00:04, 800.04it/s]
 22%|██▏       | 1052/4789 [00:01<00:04, 800.34it/s]
 24%|██▎       | 1133/4789 [00:01<00:04, 800.02it/s]
 25%|██▌       | 1214/4789 [00:01<00:04, 799.24it/s]
 27%|██▋       | 1294/4789 [00:01<00:04, 798.83it/s]
 29%|██▊       | 1375/4789 [00:01<00:04, 799.36it/s]
 30%|███       | 1455/4789 [00:01<00:04, 799.13it/s]
 32%|███▏      | 1535/4789 [00:01<00:04, 798.68it/s]
 34%|███▎      | 1616/4789 [00:02<00:03, 799.37it/s]
 35%|███▌      | 1696/4789 [00:02<00:03, 799.05it/s]
 37%|███▋      | 1777/4789 [00:02<00:03, 799.68it/s]
 39%|███▉      | 1858/4789 [00:02<00:03, 800.71it/s]
 40%|████      | 1939/4789 [00:02<00:03, 800.64it/s]
 42%|████▏     | 2020/4789 [00:02<00:03, 800.77it/s]
 44%|████▍     | 2101/4789 [00:02<00:03, 800.50it/s]
 46%|████▌     | 2182/4789 [00:02<00:03, 801.47it/s]
 47%|████▋     | 2263/4789 [00:02<00:03, 801.98it/s]
 49%|████▉     | 2344/4789 [00:02<00:03, 802.00it/s]
 51%|█████     | 2425/4789 [00:03<00:02, 802.61it/s]
 52%|█████▏    | 2506/4789 [00:03<00:02, 802.42it/s]
 54%|█████▍    | 2587/4789 [00:03<00:02, 801.92it/s]
 56%|█████▌    | 2668/4789 [00:03<00:02, 801.53it/s]
 57%|█████▋    | 2749/4789 [00:03<00:02, 801.76it/s]
 59%|█████▉    | 2830/4789 [00:03<00:02, 802.07it/s]
 61%|██████    | 2911/4789 [00:03<00:02, 800.74it/s]
 62%|██████▏   | 2992/4789 [00:03<00:02, 801.14it/s]
 64%|██████▍   | 3073/4789 [00:03<00:02, 800.88it/s]
 66%|██████▌   | 3154/4789 [00:03<00:02, 801.16it/s]
 68%|██████▊   | 3235/4789 [00:04<00:01, 801.05it/s]
 69%|██████▉   | 3316/4789 [00:04<00:01, 800.57it/s]
 71%|███████   | 3397/4789 [00:04<00:01, 800.27it/s]
 73%|███████▎  | 3478/4789 [00:04<00:01, 800.23it/s]
 74%|███████▍  | 3559/4789 [00:04<00:01, 799.20it/s]
 76%|███████▌  | 3640/4789 [00:04<00:01, 799.86it/s]
 78%|███████▊  | 3721/4789 [00:04<00:01, 800.50it/s]
 79%|███████▉  | 3802/4789 [00:04<00:01, 801.11it/s]
 81%|████████  | 3883/4789 [00:04<00:01, 801.40it/s]
 83%|████████▎ | 3964/4789 [00:04<00:01, 801.72it/s]
 84%|████████▍ | 4045/4789 [00:05<00:00, 801.75it/s]
 86%|████████▌ | 4126/4789 [00:05<00:00, 801.79it/s]
 88%|████████▊ | 4207/4789 [00:05<00:00, 801.07it/s]
 90%|████████▉ | 4288/4789 [00:05<00:00, 800.79it/s]
 91%|█████████ | 4369/4789 [00:05<00:00, 800.32it/s]
 93%|█████████▎| 4450/4789 [00:05<00:00, 800.38it/s]
 95%|█████████▍| 4531/4789 [00:05<00:00, 799.98it/s]
 96%|█████████▋| 4612/4789 [00:05<00:00, 799.99it/s]
 98%|█████████▊| 4693/4789 [00:05<00:00, 800.04it/s]
100%|█████████▉| 4774/4789 [00:05<00:00, 800.76it/s]
100%|██████████| 4789/4789 [00:05<00:00, 800.51it/s]

Epoch 1/150:   0%|          | 0/300 [00:00<?, ?it/s]
Epoch 1/150:   0%|          | 1/300 [00:00<02:22,  2.10it/s]
Epoch 1/150:   7%|▋         | 20/300 [00:00<00:06, 45.36it/s]
Epoch 1/150:  14%|█▍        | 43/300 [00:00<00:02, 90.58it/s]
Epoch 1/150:  21%|██        | 63/300 [00:00<00:02, 117.82it/s]
Epoch 1/150:  29%|██▉       | 87/300 [00:00<00:01, 149.43it/s]
Epoch 1/150:  36%|███▋      | 109/300 [00:00<00:01, 165.94it/s]
Epoch 1/150:  43%|████▎     | 130/300 [00:01<00:00, 176.54it/s]
Epoch 1/150:  51%|█████     | 153/300 [00:01<00:00, 191.28it/s]
Epoch 1/150:  58%|█████▊    | 174/300 [00:01<00:00, 184.37it/s]
Epoch 1/150:  66%|██████▌   | 197/300 [00:01<00:00, 195.48it/s]
Epoch 1/150:  73%|███████▎  | 218/300 [00:01<00:00, 191.75it/s]
Epoch 1/150:  80%|███████▉  | 239/300 [00:01<00:00, 196.27it/s]
Epoch 1/150:  87%|████████▋ | 260/300 [00:01<00:00, 189.42it/s]
Epoch 1/150:  94%|█████████▎| 281/300 [00:01<00:00, 193.24it/s]
Epoch 1/150: 100%|██████████| 300/300 [00:02<00:00, 149.75it/s]

Epoch 2/150:   0%|          | 0/300 [00:00<?, ?it/s]
Epoch 2/150:   0%|          | 1/300 [00:00<00:30,  9.82it/s]
Epoch 2/150:   7%|▋         | 22/300 [00:00<00:02, 119.41it/s]
Epoch 2/150:  15%|█▍        | 44/300 [00:00<00:01, 161.34it/s]
Epoch 2/150:  23%|██▎       | 69/300 [00:00<00:01, 195.09it/s]
Epoch 2/150:  30%|██▉       | 89/300 [00:00<00:01, 186.73it/s]
Epoch 2/150:  37%|███▋      | 111/300 [00:00<00:00, 197.21it/s]
Epoch 2/150:  44%|████▎     | 131/300 [00:00<00:00, 192.63it/s]
Epoch 2/150:  51%|█████▏    | 154/300 [00:00<00:00, 203.46it/s]
Epoch 2/150:  59%|█████▉    | 178/300 [00:00<00:00, 205.40it/s]
Epoch 2/150:  66%|██████▋   | 199/300 [00:01<00:00, 201.26it/s]
Epoch 2/150:  74%|███████▍  | 222/300 [00:01<00:00, 207.99it/s]
Epoch 2/150:  81%|████████  | 243/300 [00:01<00:00, 193.43it/s]
Epoch 2/150:  89%|████████▊ | 266/300 [00:01<00:00, 201.77it/s]
Epoch 2/150:  96%|█████████▌| 287/300 [00:01<00:00, 188.73it/s]
Epoch 2/150: 100%|██████████| 300/300 [00:01<00:00, 184.45it/s]

Epoch 3/150:   0%|          | 0/300 [00:00<?, ?it/s]
Epoch 3/150:   0%|          | 1/300 [00:00<00:31,  9.45it/s]
Epoch 3/150:   8%|▊         | 23/300 [00:00<00:02, 130.18it/s]
Epoch 3/150:  15%|█▍        | 44/300 [00:00<00:01, 163.57it/s]
Epoch 3/150:  21%|██        | 63/300 [00:00<00:01, 173.14it/s]
Epoch 3/150:  29%|██▉       | 88/300 [00:00<00:01, 198.61it/s]
Epoch 3/150:  36%|███▌      | 108/300 [00:00<00:01, 188.87it/s]
Epoch 3/150:  44%|████▎     | 131/300 [00:00<00:00, 200.96it/s]
Epoch 3/150:  51%|█████     | 152/300 [00:00<00:00, 194.13it/s]
Epoch 3/150:  58%|█████▊    | 173/300 [00:00<00:00, 197.66it/s]
Epoch 3/150:  65%|██████▍   | 194/300 [00:01<00:00, 197.83it/s]
Epoch 3/150:  72%|███████▏  | 216/300 [00:01<00:00, 202.77it/s]
Epoch 3/150:  81%|████████  | 242/300 [00:01<00:00, 218.77it/s]
Epoch 3/150:  88%|████████▊ | 264/300 [00:01<00:00, 207.64it/s]
Epoch 3/150:  96%|█████████▌| 287/300 [00:01<00:00, 213.34it/s]
Epoch 3/150: 100%|██████████| 300/300 [00:01<00:00, 189.30it/s]

Epoch 4/150:   0%|          | 0/300 [00:00<?, ?it/s]
Epoch 4/150:   0%|          | 1/300 [00:00<00:31,  9.47it/s]
Epoch 4/150:   8%|▊         | 24/300 [00:00<00:02, 135.36it/s]
Epoch 4/150:  13%|█▎        | 40/300 [00:00<00:01, 146.26it/s]
Epoch 4/150:  21%|██        | 63/300 [00:00<00:01, 176.90it/s]
Epoch 4/150:  27%|██▋       | 82/300 [00:00<00:01, 178.54it/s]
Epoch 4/150:  34%|███▍      | 102/300 [00:00<00:01, 185.42it/s]
Epoch 4/150:  42%|████▏     | 125/300 [00:00<00:00, 197.34it/s]
Epoch 4/150:  48%|████▊     | 145/300 [00:00<00:00, 188.60it/s]
Epoch 4/150:  56%|█████▋    | 169/300 [00:00<00:00, 203.33it/s]
Epoch 4/150:  63%|██████▎   | 190/300 [00:01<00:00, 187.82it/s]
Epoch 4/150:  72%|███████▏  | 217/300 [00:01<00:00, 209.29it/s]
Epoch 4/150:  80%|███████▉  | 239/300 [00:01<00:00, 198.01it/s]
Epoch 4/150:  88%|████████▊ | 264/300 [00:01<00:00, 211.33it/s]
Epoch 4/150:  95%|█████████▌| 286/300 [00:01<00:00, 203.86it/s]
Epoch 4/150: 100%|██████████| 300/300 [00:01<00:00, 183.52it/s]

Epoch 5/150:   0%|          | 0/300 [00:00<?, ?it/s]
Epoch 5/150:   0%|          | 1/300 [00:00<00:30,  9.94it/s]
Epoch 5/150:   7%|▋         | 20/300 [00:00<00:02, 113.71it/s]
Epoch 5/150:  15%|█▌        | 46/300 [00:00<00:01, 178.46it/s]
Epoch 5/150:  21%|██▏       | 64/300 [00:00<00:01, 177.60it/s]
Epoch 5/150:  29%|██▉       | 87/300 [00:00<00:01, 194.51it/s]
Epoch 5/150:  36%|███▌      | 107/300 [00:00<00:00, 195.89it/s]
Epoch 5/150:  42%|████▏     | 127/300 [00:00<00:00, 191.69it/s]
Epoch 5/150:  50%|█████     | 151/300 [00:00<00:00, 204.42it/s]
Epoch 5/150:  57%|█████▋    | 172/300 [00:00<00:00, 196.47it/s]
Epoch 5/150:  65%|██████▌   | 195/300 [00:01<00:00, 204.84it/s]
Epoch 5/150:  72%|███████▏  | 216/300 [00:01<00:00, 197.66it/s]
Epoch 5/150:  79%|███████▉  | 238/300 [00:01<00:00, 201.64it/s]
Epoch 5/150:  86%|████████▋ | 259/300 [00:01<00:00, 197.10it/s]
Epoch 5/150:  93%|█████████▎| 279/300 [00:01<00:00, 196.03it/s]
Epoch 5/150: 100%|██████████| 300/300 [00:01<00:00, 199.64it/s]
Epoch 5/150: 100%|██████████| 300/300 [00:01<00:00, 184.23it/s]

Epoch 6/150:   0%|          | 0/300 [00:00<?, ?it/s]
Epoch 6/150:   0%|          | 1/300 [00:00<00:30,  9.70it/s]
Epoch 6/150:   8%|▊         | 24/300 [00:00<00:02, 129.72it/s]
Epoch 6/150:  15%|█▌        | 46/300 [00:00<00:01, 167.10it/s]
Epoch 6/150:  24%|██▎       | 71/300 [00:00<00:01, 195.72it/s]
Epoch 6/150:  30%|███       | 91/300 [00:00<00:01, 191.69it/s]
Epoch 6/150:  38%|███▊      | 114/300 [00:00<00:00, 203.60it/s]
Epoch 6/150:  45%|████▌     | 135/300 [00:00<00:00, 196.27it/s]
Epoch 6/150:  52%|█████▏    | 157/300 [00:00<00:00, 201.65it/s]
Epoch 6/150:  59%|█████▉    | 178/300 [00:00<00:00, 202.17it/s]
Epoch 6/150:  67%|██████▋   | 200/300 [00:01<00:00, 205.58it/s]
Epoch 6/150:  75%|███████▌  | 226/300 [00:01<00:00, 219.20it/s]
Epoch 6/150:  83%|████████▎ | 248/300 [00:01<00:00, 206.03it/s]
Epoch 6/150:  90%|█████████ | 270/300 [00:01<00:00, 209.82it/s]
Epoch 6/150:  97%|█████████▋| 292/300 [00:01<00:00, 202.06it/s]
Epoch 6/150: 100%|██████████| 300/300 [00:01<00:00, 190.10it/s]

Epoch 7/150:   0%|          | 0/300 [00:00<?, ?it/s]
Epoch 7/150:   0%|          | 1/300 [00:00<00:30,  9.88it/s]
Epoch 7/150:   7%|▋         | 20/300 [00:00<00:02, 113.76it/s]
Epoch 7/150:  15%|█▍        | 44/300 [00:00<00:01, 168.13it/s]
Epoch 7/150:  21%|██        | 62/300 [00:00<00:01, 172.33it/s]
Epoch 7/150:  27%|██▋       | 82/300 [00:00<00:01, 181.54it/s]
Epoch 7/150:  35%|███▍      | 104/300 [00:00<00:01, 192.60it/s]
Epoch 7/150:  41%|████▏     | 124/300 [00:00<00:00, 186.49it/s]
Epoch 7/150:  50%|████▉     | 149/300 [00:00<00:00, 203.97it/s]
Epoch 7/150:  57%|█████▋    | 170/300 [00:00<00:00, 197.34it/s]
Epoch 7/150:  64%|██████▍   | 193/300 [00:01<00:00, 206.74it/s]
Epoch 7/150:  71%|███████▏  | 214/300 [00:01<00:00, 199.74it/s]
Epoch 7/150:  78%|███████▊  | 235/300 [00:01<00:00, 198.62it/s]
Epoch 7/150:  85%|████████▌ | 255/300 [00:01<00:00, 198.57it/s]
Epoch 7/150:  92%|█████████▏| 276/300 [00:01<00:00, 201.60it/s]
Epoch 7/150: 100%|██████████| 300/300 [00:01<00:00, 187.58it/s]

Epoch 8/150:   0%|          | 0/300 [00:00<?, ?it/s]
Epoch 8/150:   0%|          | 1/300 [00:00<00:30,  9.93it/s]
Epoch 8/150:   8%|▊         | 24/300 [00:00<00:02, 136.60it/s]
Epoch 8/150:  14%|█▍        | 43/300 [00:00<00:01, 159.92it/s]
Epoch 8/150:  21%|██▏       | 64/300 [00:00<00:01, 178.02it/s]
Epoch 8/150:  29%|██▉       | 88/300 [00:00<00:01, 199.27it/s]
Epoch 8/150:  36%|███▌      | 108/300 [00:00<00:01, 188.81it/s]
Epoch 8/150:  44%|████▍     | 132/300 [00:00<00:00, 202.11it/s]
Epoch 8/150:  51%|█████     | 153/300 [00:00<00:00, 198.22it/s]
Epoch 8/150:  58%|█████▊    | 175/300 [00:00<00:00, 202.87it/s]
Epoch 8/150:  65%|██████▌   | 196/300 [00:01<00:00, 199.73it/s]
Epoch 8/150:  72%|███████▏  | 217/300 [00:01<00:00, 196.10it/s]
Epoch 8/150:  81%|████████  | 242/300 [00:01<00:00, 211.19it/s]
Epoch 8/150:  88%|████████▊ | 264/300 [00:01<00:00, 194.77it/s]
Epoch 8/150:  95%|█████████▌| 286/300 [00:01<00:00, 200.74it/s]
Epoch 8/150: 100%|██████████| 300/300 [00:01<00:00, 184.01it/s]

Epoch 9/150:   0%|          | 0/300 [00:00<?, ?it/s]
Epoch 9/150:   0%|          | 1/300 [00:00<00:30,  9.70it/s]
Epoch 9/150:   7%|▋         | 21/300 [00:00<00:02, 117.37it/s]
Epoch 9/150:  15%|█▍        | 44/300 [00:00<00:01, 166.43it/s]
Epoch 9/150:  22%|██▏       | 67/300 [00:00<00:01, 189.25it/s]
Epoch 9/150:  29%|██▊       | 86/300 [00:00<00:01, 179.35it/s]
Epoch 9/150:  37%|███▋      | 110/300 [00:00<00:00, 197.35it/s]
Epoch 9/150:  43%|████▎     | 130/300 [00:00<00:00, 191.70it/s]
Epoch 9/150:  52%|█████▏    | 155/300 [00:00<00:00, 207.40it/s]
Epoch 9/150:  59%|█████▊    | 176/300 [00:00<00:00, 198.90it/s]
Epoch 9/150:  66%|██████▌   | 197/300 [00:01<00:00, 199.06it/s]
Epoch 9/150:  73%|███████▎  | 219/300 [00:01<00:00, 203.29it/s]
Epoch 9/150:  80%|████████  | 240/300 [00:01<00:00, 197.25it/s]
Epoch 9/150:  88%|████████▊ | 263/300 [00:01<00:00, 205.10it/s]
Epoch 9/150:  95%|█████████▍| 284/300 [00:01<00:00, 135.65it/s]
Epoch 9/150: 100%|██████████| 300/300 [00:01<00:00, 168.48it/s]

Epoch 10/150:   0%|          | 0/300 [00:00<?, ?it/s]
Epoch 10/150:   0%|          | 1/300 [00:00<00:33,  8.89it/s]
Epoch 10/150:   7%|▋         | 20/300 [00:00<00:02, 110.20it/s]
Epoch 10/150:  15%|█▌        | 46/300 [00:00<00:01, 173.25it/s]
Epoch 10/150:  21%|██▏       | 64/300 [00:00<00:01, 172.85it/s]
Epoch 10/150:  28%|██▊       | 85/300 [00:00<00:01, 183.14it/s]
Epoch 10/150:  35%|███▌      | 105/300 [00:00<00:01, 186.35it/s]
Epoch 10/150:  41%|████▏     | 124/300 [00:00<00:00, 186.39it/s]
Epoch 10/150:  49%|████▉     | 148/300 [00:00<00:00, 201.44it/s]
Epoch 10/150:  56%|█████▋    | 169/300 [00:00<00:00, 188.36it/s]
Epoch 10/150:  65%|██████▍   | 194/300 [00:01<00:00, 205.73it/s]
Epoch 10/150:  72%|███████▏  | 215/300 [00:01<00:00, 193.67it/s]
Epoch 10/150:  79%|███████▉  | 237/300 [00:01<00:00, 199.54it/s]
Epoch 10/150:  86%|████████▌ | 258/300 [00:01<00:00, 190.38it/s]
Epoch 10/150:  93%|█████████▎| 280/300 [00:01<00:00, 197.83it/s]
Epoch 10/150: 100%|██████████| 300/300 [00:01<00:00, 180.67it/s]

Epoch 11/150:   0%|          | 0/300 [00:00<?, ?it/s]
Epoch 11/150:   0%|          | 1/300 [00:00<00:31,  9.62it/s]
Epoch 11/150:   8%|▊         | 25/300 [00:00<00:02, 137.40it/s]
Epoch 11/150:  15%|█▌        | 46/300 [00:00<00:01, 168.05it/s]
Epoch 11/150:  24%|██▎       | 71/300 [00:00<00:01, 199.48it/s]
Epoch 11/150:  31%|███       | 92/300 [00:00<00:01, 191.19it/s]
Epoch 11/150:  38%|███▊      | 115/300 [00:00<00:00, 203.44it/s]
Epoch 11/150:  45%|████▌     | 136/300 [00:00<00:00, 202.29it/s]
Epoch 11/150:  52%|█████▏    | 157/300 [00:00<00:00, 200.11it/s]
Epoch 11/150:  61%|██████    | 182/300 [00:00<00:00, 212.88it/s]
Epoch 11/150:  68%|██████▊   | 204/300 [00:01<00:00, 197.80it/s]
Epoch 11/150:  76%|███████▋  | 229/300 [00:01<00:00, 209.84it/s]
Epoch 11/150:  84%|████████▎ | 251/300 [00:01<00:00, 194.19it/s]
Epoch 11/150:  92%|█████████▏| 276/300 [00:01<00:00, 207.60it/s]
Epoch 11/150:  99%|█████████▉| 298/300 [00:01<00:00, 196.87it/s]
Epoch 11/150: 100%|██████████| 300/300 [00:01<00:00, 188.24it/s]

Epoch 12/150:   0%|          | 0/300 [00:00<?, ?it/s]
Epoch 12/150:   0%|          | 1/300 [00:00<00:30,  9.96it/s]
Epoch 12/150:   7%|▋         | 22/300 [00:00<00:02, 125.97it/s]
Epoch 12/150:  16%|█▌        | 47/300 [00:00<00:01, 179.43it/s]
Epoch 12/150:  22%|██▏       | 65/300 [00:00<00:01, 177.08it/s]
Epoch 12/150:  28%|██▊       | 85/300 [00:00<00:01, 184.45it/s]
Epoch 12/150:  35%|███▍      | 104/300 [00:00<00:01, 184.70it/s]
Epoch 12/150:  41%|████      | 123/300 [00:00<00:00, 184.39it/s]
Epoch 12/150:  49%|████▉     | 147/300 [00:00<00:00, 199.66it/s]
Epoch 12/150:  56%|█████▌    | 167/300 [00:00<00:00, 185.28it/s]
Epoch 12/150:  64%|██████▍   | 192/300 [00:01<00:00, 201.94it/s]
Epoch 12/150:  71%|███████   | 213/300 [00:01<00:00, 188.03it/s]
Epoch 12/150:  79%|███████▉  | 237/300 [00:01<00:00, 200.22it/s]
Epoch 12/150:  86%|████████▌ | 258/300 [00:01<00:00, 191.95it/s]
Epoch 12/150:  94%|█████████▍| 283/300 [00:01<00:00, 206.60it/s]
Epoch 12/150: 100%|██████████| 300/300 [00:01<00:00, 183.40it/s]

Epoch 13/150:   0%|          | 0/300 [00:00<?, ?it/s]
Epoch 13/150:   0%|          | 1/300 [00:00<00:30,  9.66it/s]
Epoch 13/150:   9%|▉         | 27/300 [00:00<00:01, 151.47it/s]
Epoch 13/150:  15%|█▌        | 45/300 [00:00<00:01, 164.17it/s]
Epoch 13/150:  23%|██▎       | 69/300 [00:00<00:01, 190.91it/s]
Epoch 13/150:  30%|██▉       | 89/300 [00:00<00:01, 188.05it/s]
Epoch 13/150:  37%|███▋      | 111/300 [00:00<00:00, 196.37it/s]
Epoch 13/150:  44%|████▎     | 131/300 [00:00<00:00, 193.37it/s]
Epoch 13/150:  50%|█████     | 151/300 [00:00<00:00, 194.12it/s]
Epoch 13/150:  59%|█████▊    | 176/300 [00:00<00:00, 209.07it/s]
Epoch 13/150:  66%|██████▌   | 197/300 [00:01<00:00, 192.83it/s]
Epoch 13/150:  74%|███████▎  | 221/300 [00:01<00:00, 205.92it/s]
Epoch 13/150:  81%|████████  | 242/300 [00:01<00:00, 192.13it/s]
Epoch 13/150:  89%|████████▊ | 266/300 [00:01<00:00, 204.95it/s]
Epoch 13/150:  96%|█████████▌| 287/300 [00:01<00:00, 195.53it/s]
Epoch 13/150: 100%|██████████| 300/300 [00:01<00:00, 185.91it/s]

Epoch 14/150:   0%|          | 0/300 [00:00<?, ?it/s]
Epoch 14/150:   0%|          | 1/300 [00:00<00:33,  8.88it/s]
Epoch 14/150:   8%|▊         | 23/300 [00:00<00:02, 124.20it/s]
Epoch 14/150:  16%|█▋        | 49/300 [00:00<00:01, 180.01it/s]
Epoch 14/150:  23%|██▎       | 68/300 [00:00<00:01, 175.21it/s]
Epoch 14/150:  30%|███       | 91/300 [00:00<00:01, 191.52it/s]
Epoch 14/150:  37%|███▋      | 111/300 [00:00<00:00, 191.88it/s]
Epoch 14/150:  44%|████▍     | 133/300 [00:00<00:00, 198.79it/s]
Epoch 14/150:  52%|█████▏    | 157/300 [00:00<00:00, 202.86it/s]
Epoch 14/150:  59%|█████▉    | 178/300 [00:00<00:00, 200.75it/s]
Epoch 14/150:  67%|██████▋   | 202/300 [00:01<00:00, 211.00it/s]
Epoch 14/150:  75%|███████▍  | 224/300 [00:01<00:00, 196.04it/s]
Epoch 14/150:  83%|████████▎ | 249/300 [00:01<00:00, 208.46it/s]
Epoch 14/150:  90%|█████████ | 271/300 [00:01<00:00, 194.12it/s]
Epoch 14/150:  98%|█████████▊| 295/300 [00:01<00:00, 205.64it/s]
Epoch 14/150: 100%|██████████| 300/300 [00:01<00:00, 187.34it/s]

Epoch 15/150:   0%|          | 0/300 [00:00<?, ?it/s]
Epoch 15/150:   1%|          | 2/300 [00:00<00:15, 19.25it/s]
Epoch 15/150:   9%|▉         | 27/300 [00:00<00:01, 152.84it/s]
Epoch 15/150:  15%|█▌        | 46/300 [00:00<00:01, 165.96it/s]
Epoch 15/150:  24%|██▎       | 71/300 [00:00<00:01, 196.12it/s]
Epoch 15/150:  30%|███       | 91/300 [00:00<00:01, 194.80it/s]
Epoch 15/150:  37%|███▋      | 111/300 [00:00<00:00, 192.11it/s]
Epoch 15/150:  45%|████▌     | 135/300 [00:00<00:00, 206.49it/s]
Epoch 15/150:  52%|█████▏    | 156/300 [00:00<00:00, 191.26it/s]
Epoch 15/150:  60%|██████    | 180/300 [00:00<00:00, 203.34it/s]
Epoch 15/150:  67%|██████▋   | 201/300 [00:01<00:00, 198.46it/s]
Epoch 15/150:  74%|███████▍  | 223/300 [00:01<00:00, 204.26it/s]
Epoch 15/150:  81%|████████▏ | 244/300 [00:01<00:00, 197.89it/s]
Epoch 15/150:  88%|████████▊ | 265/300 [00:01<00:00, 200.27it/s]
Epoch 15/150:  96%|█████████▌| 288/300 [00:01<00:00, 208.24it/s]
Epoch 15/150: 100%|██████████| 300/300 [00:01<00:00, 187.91it/s]

Epoch 16/150:   0%|          | 0/300 [00:00<?, ?it/s]
Epoch 16/150:   0%|          | 1/300 [00:00<00:30,  9.70it/s]
Epoch 16/150:   7%|▋         | 22/300 [00:00<00:02, 124.40it/s]
Epoch 16/150:  16%|█▌        | 47/300 [00:00<00:01, 178.25it/s]
Epoch 16/150:  23%|██▎       | 70/300 [00:00<00:01, 196.14it/s]
Epoch 16/150:  30%|███       | 90/300 [00:00<00:01, 195.39it/s]
Epoch 16/150:  39%|███▉      | 117/300 [00:00<00:00, 219.90it/s]
Epoch 16/150:  47%|████▋     | 140/300 [00:00<00:00, 203.99it/s]
Epoch 16/150:  54%|█████▎    | 161/300 [00:00<00:00, 204.46it/s]
Epoch 16/150:  61%|██████    | 182/300 [00:00<00:00, 203.33it/s]
Epoch 16/150:  68%|██████▊   | 204/300 [00:01<00:00, 206.76it/s]
Epoch 16/150:  76%|███████▌  | 227/300 [00:01<00:00, 211.98it/s]
Epoch 16/150:  83%|████████▎ | 249/300 [00:01<00:00, 198.62it/s]
Epoch 16/150:  91%|█████████ | 273/300 [00:01<00:00, 209.87it/s]
Epoch 16/150:  98%|█████████▊| 295/300 [00:01<00:00, 197.75it/s]
Epoch 16/150: 100%|██████████| 300/300 [00:01<00:00, 190.05it/s]

Epoch 17/150:   0%|          | 0/300 [00:00<?, ?it/s]
Epoch 17/150:   0%|          | 1/300 [00:00<00:30,  9.81it/s]
Epoch 17/150:   7%|▋         | 21/300 [00:00<00:02, 119.33it/s]
Epoch 17/150:  16%|█▌        | 47/300 [00:00<00:01, 179.16it/s]
Epoch 17/150:  22%|██▏       | 65/300 [00:00<00:01, 174.18it/s]
Epoch 17/150:  29%|██▉       | 88/300 [00:00<00:01, 192.08it/s]
Epoch 17/150:  36%|███▌      | 108/300 [00:00<00:01, 186.31it/s]
Epoch 17/150:  43%|████▎     | 130/300 [00:00<00:00, 195.51it/s]
Epoch 17/150:  51%|█████     | 152/300 [00:00<00:00, 199.25it/s]
Epoch 17/150:  57%|█████▋    | 172/300 [00:00<00:00, 192.19it/s]
Epoch 17/150:  66%|██████▌   | 197/300 [00:01<00:00, 207.87it/s]
Epoch 17/150:  73%|███████▎  | 218/300 [00:01<00:00, 202.26it/s]
Epoch 17/150:  80%|████████  | 241/300 [00:01<00:00, 209.86it/s]
Epoch 17/150:  88%|████████▊ | 263/300 [00:01<00:00, 201.17it/s]
Epoch 17/150:  95%|█████████▍| 284/300 [00:01<00:00, 201.96it/s]
Epoch 17/150: 100%|██████████| 300/300 [00:01<00:00, 186.40it/s]

Epoch 18/150:   0%|          | 0/300 [00:00<?, ?it/s]
Epoch 18/150:   1%|          | 2/300 [00:00<00:15, 18.99it/s]
Epoch 18/150:   8%|▊         | 25/300 [00:00<00:01, 139.76it/s]
Epoch 18/150:  15%|█▍        | 44/300 [00:00<00:01, 160.52it/s]
Epoch 18/150:  22%|██▏       | 66/300 [00:00<00:01, 182.89it/s]
Epoch 18/150:  28%|██▊       | 85/300 [00:00<00:01, 183.07it/s]
Epoch 18/150:  36%|███▌      | 108/300 [00:00<00:00, 196.56it/s]
Epoch 18/150:  43%|████▎     | 128/300 [00:00<00:00, 196.46it/s]
Epoch 18/150:  50%|████▉     | 149/300 [00:00<00:00, 198.45it/s]
Epoch 18/150:  58%|█████▊    | 173/300 [00:00<00:00, 210.62it/s]
Epoch 18/150:  65%|██████▌   | 195/300 [00:01<00:00, 203.54it/s]
Epoch 18/150:  72%|███████▏  | 217/300 [00:01<00:00, 206.50it/s]
Epoch 18/150:  79%|███████▉  | 238/300 [00:01<00:00, 204.39it/s]
Epoch 18/150:  87%|████████▋ | 261/300 [00:01<00:00, 209.84it/s]
Epoch 18/150:  95%|█████████▍| 284/300 [00:01<00:00, 214.24it/s]
Epoch 18/150: 100%|██████████| 300/300 [00:01<00:00, 187.80it/s]

Epoch 19/150:   0%|          | 0/300 [00:00<?, ?it/s]
Epoch 19/150:   0%|          | 1/300 [00:00<00:30,  9.69it/s]
Epoch 19/150:   7%|▋         | 20/300 [00:00<00:02, 114.02it/s]
Epoch 19/150:  14%|█▍        | 43/300 [00:00<00:01, 165.87it/s]
Epoch 19/150:  21%|██▏       | 64/300 [00:00<00:01, 178.22it/s]
Epoch 19/150:  28%|██▊       | 84/300 [00:00<00:01, 183.00it/s]
Epoch 19/150:  36%|███▌      | 107/300 [00:00<00:00, 198.47it/s]
Epoch 19/150:  42%|████▏     | 127/300 [00:00<00:00, 184.20it/s]
Epoch 19/150:  51%|█████     | 152/300 [00:00<00:00, 201.54it/s]
Epoch 19/150:  58%|█████▊    | 173/300 [00:00<00:00, 193.65it/s]
Epoch 19/150:  65%|██████▌   | 195/300 [00:01<00:00, 199.90it/s]
Epoch 19/150:  72%|███████▏  | 216/300 [00:01<00:00, 194.08it/s]
Epoch 19/150:  79%|███████▉  | 237/300 [00:01<00:00, 198.06it/s]
Epoch 19/150:  86%|████████▋ | 259/300 [00:01<00:00, 203.83it/s]
Epoch 19/150:  93%|█████████▎| 280/300 [00:01<00:00, 191.28it/s]
Epoch 19/150: 100%|██████████| 300/300 [00:01<00:00, 183.13it/s]

Epoch 20/150:   0%|          | 0/300 [00:00<?, ?it/s]
Epoch 20/150:   0%|          | 1/300 [00:00<00:30,  9.88it/s]
Epoch 20/150:   8%|▊         | 23/300 [00:00<00:02, 132.72it/s]
Epoch 20/150:  14%|█▍        | 42/300 [00:00<00:01, 157.34it/s]
Epoch 20/150:  21%|██        | 62/300 [00:00<00:01, 172.77it/s]
Epoch 20/150:  28%|██▊       | 84/300 [00:00<00:01, 186.92it/s]
Epoch 20/150:  34%|███▍      | 103/300 [00:00<00:01, 179.60it/s]
Epoch 20/150:  42%|████▏     | 127/300 [00:00<00:00, 197.76it/s]
Epoch 20/150:  49%|████▉     | 147/300 [00:00<00:00, 190.94it/s]
Epoch 20/150:  57%|█████▋    | 170/300 [00:00<00:00, 201.72it/s]
Epoch 20/150:  64%|██████▎   | 191/300 [00:01<00:00, 202.48it/s]
Epoch 20/150:  71%|███████   | 212/300 [00:01<00:00, 199.13it/s]
Epoch 20/150:  78%|███████▊  | 235/300 [00:01<00:00, 205.42it/s]
Epoch 20/150:  85%|████████▌ | 256/300 [00:01<00:00, 197.94it/s]
Epoch 20/150:  94%|█████████▎| 281/300 [00:01<00:00, 210.18it/s]
Epoch 20/150: 100%|██████████| 300/300 [00:01<00:00, 183.68it/s]

Epoch 21/150:   0%|          | 0/300 [00:00<?, ?it/s]
Epoch 21/150:   0%|          | 1/300 [00:00<00:30,  9.77it/s]
Epoch 21/150:   7%|▋         | 21/300 [00:00<00:02, 117.69it/s]
Epoch 21/150:  15%|█▌        | 45/300 [00:00<00:01, 170.41it/s]
Epoch 21/150:  22%|██▏       | 65/300 [00:00<00:01, 178.93it/s]
Epoch 21/150:  30%|██▉       | 89/300 [00:00<00:01, 198.75it/s]
Epoch 21/150:  36%|███▋      | 109/300 [00:00<00:00, 198.06it/s]
Epoch 21/150:  43%|████▎     | 129/300 [00:00<00:00, 196.52it/s]
Epoch 21/150:  52%|█████▏    | 155/300 [00:00<00:00, 214.51it/s]
Epoch 21/150:  59%|█████▉    | 177/300 [00:00<00:00, 207.23it/s]
Epoch 21/150:  67%|██████▋   | 200/300 [00:01<00:00, 211.77it/s]
Epoch 21/150:  74%|███████▍  | 222/300 [00:01<00:00, 197.34it/s]
Epoch 21/150:  81%|████████▏ | 244/300 [00:01<00:00, 203.31it/s]
Epoch 21/150:  88%|████████▊ | 265/300 [00:01<00:00, 197.19it/s]
Epoch 21/150:  95%|█████████▌| 286/300 [00:01<00:00, 200.00it/s]
Epoch 21/150: 100%|██████████| 300/300 [00:01<00:00, 188.09it/s]

Epoch 22/150:   0%|          | 0/300 [00:00<?, ?it/s]
Epoch 22/150:   0%|          | 1/300 [00:00<00:29, 10.00it/s]
Epoch 22/150:   9%|▊         | 26/300 [00:00<00:01, 149.41it/s]
Epoch 22/150:  15%|█▍        | 44/300 [00:00<00:01, 162.11it/s]
Epoch 22/150:  22%|██▏       | 65/300 [00:00<00:01, 178.17it/s]
Epoch 22/150:  29%|██▉       | 88/300 [00:00<00:01, 194.44it/s]
Epoch 22/150:  36%|███▌      | 108/300 [00:00<00:01, 183.00it/s]
Epoch 22/150:  44%|████▍     | 133/300 [00:00<00:00, 203.03it/s]
Epoch 22/150:  51%|█████▏    | 154/300 [00:00<00:00, 199.15it/s]
Epoch 22/150:  60%|█████▉    | 179/300 [00:00<00:00, 213.12it/s]
Epoch 22/150:  67%|██████▋   | 201/300 [00:01<00:00, 207.74it/s]
Epoch 22/150:  74%|███████▍  | 223/300 [00:01<00:00, 210.94it/s]
Epoch 22/150:  82%|████████▏ | 245/300 [00:01<00:00, 211.20it/s]
Epoch 22/150:  89%|████████▉ | 267/300 [00:01<00:00, 199.69it/s]
Epoch 22/150:  96%|█████████▌| 288/300 [00:01<00:00, 142.87it/s]
Epoch 22/150: 100%|██████████| 300/300 [00:01<00:00, 173.77it/s]

Epoch 23/150:   0%|          | 0/300 [00:00<?, ?it/s]
Epoch 23/150:   0%|          | 1/300 [00:00<00:31,  9.55it/s]
Epoch 23/150:   8%|▊         | 23/300 [00:00<00:02, 130.10it/s]
Epoch 23/150:  15%|█▌        | 45/300 [00:00<00:01, 162.93it/s]
Epoch 23/150:  22%|██▏       | 65/300 [00:00<00:01, 176.25it/s]
Epoch 23/150:  30%|███       | 90/300 [00:00<00:01, 200.67it/s]
Epoch 23/150:  37%|███▋      | 111/300 [00:00<00:00, 197.13it/s]
Epoch 23/150:  45%|████▌     | 136/300 [00:00<00:00, 212.69it/s]
Epoch 23/150:  53%|█████▎    | 158/300 [00:00<00:00, 204.83it/s]
Epoch 23/150:  60%|██████    | 181/300 [00:00<00:00, 210.91it/s]
Epoch 23/150:  68%|██████▊   | 203/300 [00:01<00:00, 203.99it/s]
Epoch 23/150:  75%|███████▍  | 224/300 [00:01<00:00, 202.68it/s]
Epoch 23/150:  82%|████████▏ | 245/300 [00:01<00:00, 202.44it/s]
Epoch 23/150:  89%|████████▊ | 266/300 [00:01<00:00, 196.99it/s]
Epoch 23/150:  96%|█████████▌| 288/300 [00:01<00:00, 199.95it/s]
Epoch 23/150: 100%|██████████| 300/300 [00:01<00:00, 185.82it/s]

Epoch 24/150:   0%|          | 0/300 [00:00<?, ?it/s]
Epoch 24/150:   0%|          | 1/300 [00:00<00:30,  9.65it/s]
Epoch 24/150:   7%|▋         | 22/300 [00:00<00:02, 123.19it/s]
Epoch 24/150:  15%|█▌        | 46/300 [00:00<00:01, 173.19it/s]
Epoch 24/150:  22%|██▏       | 67/300 [00:00<00:01, 183.35it/s]
Epoch 24/150:  29%|██▊       | 86/300 [00:00<00:01, 185.17it/s]
Epoch 24/150:  37%|███▋      | 111/300 [00:00<00:00, 203.86it/s]
Epoch 24/150:  44%|████▍     | 132/300 [00:00<00:00, 196.81it/s]
Epoch 24/150:  52%|█████▏    | 156/300 [00:00<00:00, 208.21it/s]
Epoch 24/150:  59%|█████▉    | 177/300 [00:00<00:00, 201.01it/s]
Epoch 24/150:  66%|██████▌   | 198/300 [00:01<00:00, 203.49it/s]
Epoch 24/150:  73%|███████▎  | 219/300 [00:01<00:00, 201.96it/s]
Epoch 24/150:  80%|████████  | 240/300 [00:01<00:00, 202.82it/s]
Epoch 24/150:  88%|████████▊ | 264/300 [00:01<00:00, 213.18it/s]
Epoch 24/150:  95%|█████████▌| 286/300 [00:01<00:00, 193.52it/s]
Epoch 24/150: 100%|██████████| 300/300 [00:01<00:00, 187.24it/s]

Epoch 25/150:   0%|          | 0/300 [00:00<?, ?it/s]
Epoch 25/150:   0%|          | 1/300 [00:00<00:30,  9.93it/s]
Epoch 25/150:   8%|▊         | 23/300 [00:00<00:02, 131.58it/s]
Epoch 25/150:  14%|█▍        | 42/300 [00:00<00:01, 157.40it/s]
Epoch 25/150:  21%|██        | 62/300 [00:00<00:01, 172.85it/s]
Epoch 25/150:  29%|██▉       | 88/300 [00:00<00:01, 201.13it/s]
Epoch 25/150:  36%|███▋      | 109/300 [00:00<00:00, 194.28it/s]
Epoch 25/150:  44%|████▍     | 132/300 [00:00<00:00, 204.90it/s]
Epoch 25/150:  51%|█████     | 153/300 [00:00<00:00, 194.89it/s]
Epoch 25/150:  58%|█████▊    | 175/300 [00:00<00:00, 201.85it/s]
Epoch 25/150:  65%|██████▌   | 196/300 [00:01<00:00, 200.90it/s]
Epoch 25/150:  73%|███████▎  | 219/300 [00:01<00:00, 208.10it/s]
Epoch 25/150:  81%|████████  | 243/300 [00:01<00:00, 217.11it/s]
Epoch 25/150:  88%|████████▊ | 265/300 [00:01<00:00, 204.90it/s]
Epoch 25/150:  96%|█████████▋| 289/300 [00:01<00:00, 210.74it/s]
Epoch 25/150: 100%|██████████| 300/300 [00:01<00:00, 189.37it/s]

Epoch 26/150:   0%|          | 0/300 [00:00<?, ?it/s]
Epoch 26/150:   0%|          | 1/300 [00:00<00:30,  9.67it/s]
Epoch 26/150:   8%|▊         | 23/300 [00:00<00:02, 128.36it/s]
Epoch 26/150:  15%|█▍        | 44/300 [00:00<00:01, 163.04it/s]
Epoch 26/150:  23%|██▎       | 69/300 [00:00<00:01, 195.19it/s]
Epoch 26/150:  30%|██▉       | 89/300 [00:00<00:01, 180.08it/s]
Epoch 26/150:  38%|███▊      | 114/300 [00:00<00:00, 200.31it/s]
Epoch 26/150:  45%|████▌     | 135/300 [00:00<00:00, 192.10it/s]
Epoch 26/150:  53%|█████▎    | 158/300 [00:00<00:00, 202.63it/s]
Epoch 26/150:  60%|█████▉    | 179/300 [00:00<00:00, 196.07it/s]
Epoch 26/150:  67%|██████▋   | 200/300 [00:01<00:00, 198.96it/s]
Epoch 26/150:  74%|███████▎  | 221/300 [00:01<00:00, 200.92it/s]
Epoch 26/150:  81%|████████  | 242/300 [00:01<00:00, 199.21it/s]
Epoch 26/150:  89%|████████▉ | 268/300 [00:01<00:00, 215.16it/s]
Epoch 26/150:  97%|█████████▋| 290/300 [00:01<00:00, 201.08it/s]
Epoch 26/150: 100%|██████████| 300/300 [00:01<00:00, 185.90it/s]

Epoch 27/150:   0%|          | 0/300 [00:00<?, ?it/s]
Epoch 27/150:   0%|          | 1/300 [00:00<00:31,  9.49it/s]
Epoch 27/150:   8%|▊         | 23/300 [00:00<00:02, 129.92it/s]
Epoch 27/150:  16%|█▌        | 47/300 [00:00<00:01, 178.06it/s]
Epoch 27/150:  22%|██▏       | 65/300 [00:00<00:01, 174.21it/s]
Epoch 27/150:  29%|██▉       | 88/300 [00:00<00:01, 192.70it/s]
Epoch 27/150:  36%|███▌      | 108/300 [00:00<00:01, 189.72it/s]
Epoch 27/150:  43%|████▎     | 130/300 [00:00<00:00, 196.73it/s]
Epoch 27/150:  51%|█████     | 152/300 [00:00<00:00, 202.27it/s]
Epoch 27/150:  58%|█████▊    | 173/300 [00:00<00:00, 192.62it/s]
Epoch 27/150:  65%|██████▌   | 196/300 [00:01<00:00, 203.23it/s]
Epoch 27/150:  72%|███████▏  | 217/300 [00:01<00:00, 200.08it/s]
Epoch 27/150:  80%|████████  | 241/300 [00:01<00:00, 211.50it/s]
Epoch 27/150:  88%|████████▊ | 263/300 [00:01<00:00, 202.09it/s]
Epoch 27/150:  95%|█████████▍| 284/300 [00:01<00:00, 203.53it/s]
Epoch 27/150: 100%|██████████| 300/300 [00:01<00:00, 187.39it/s]

Epoch 28/150:   0%|          | 0/300 [00:00<?, ?it/s]
Epoch 28/150:   0%|          | 1/300 [00:00<00:30,  9.78it/s]
Epoch 28/150:  10%|▉         | 29/300 [00:00<00:01, 163.79it/s]
Epoch 28/150:  16%|█▋        | 49/300 [00:00<00:01, 178.74it/s]
Epoch 28/150:  23%|██▎       | 70/300 [00:00<00:01, 190.58it/s]
Epoch 28/150:  30%|███       | 90/300 [00:00<00:01, 189.48it/s]
Epoch 28/150:  37%|███▋      | 111/300 [00:00<00:00, 196.24it/s]
Epoch 28/150:  45%|████▌     | 136/300 [00:00<00:00, 212.59it/s]
Epoch 28/150:  53%|█████▎    | 158/300 [00:00<00:00, 199.05it/s]
Epoch 28/150:  61%|██████    | 182/300 [00:00<00:00, 208.42it/s]
Epoch 28/150:  68%|██████▊   | 204/300 [00:01<00:00, 199.79it/s]
Epoch 28/150:  76%|███████▋  | 229/300 [00:01<00:00, 211.68it/s]
Epoch 28/150:  84%|████████▎ | 251/300 [00:01<00:00, 201.53it/s]
Epoch 28/150:  91%|█████████▏| 274/300 [00:01<00:00, 207.31it/s]
Epoch 28/150:  98%|█████████▊| 295/300 [00:01<00:00, 201.87it/s]
Epoch 28/150: 100%|██████████| 300/300 [00:01<00:00, 190.42it/s]

Epoch 29/150:   0%|          | 0/300 [00:00<?, ?it/s]
Epoch 29/150:   0%|          | 1/300 [00:00<00:29,  9.99it/s]
Epoch 29/150:   7%|▋         | 22/300 [00:00<00:02, 126.18it/s]
Epoch 29/150:  16%|█▌        | 47/300 [00:00<00:01, 180.43it/s]
Epoch 29/150:  24%|██▎       | 71/300 [00:00<00:01, 197.96it/s]
Epoch 29/150:  31%|███       | 92/300 [00:00<00:01, 201.59it/s]
Epoch 29/150:  39%|███▉      | 117/300 [00:00<00:00, 214.94it/s]
Epoch 29/150:  46%|████▋     | 139/300 [00:00<00:00, 207.69it/s]
Epoch 29/150:  54%|█████▍    | 162/300 [00:00<00:00, 213.78it/s]
Epoch 29/150:  61%|██████▏   | 184/300 [00:00<00:00, 205.08it/s]
Epoch 29/150:  69%|██████▊   | 206/300 [00:01<00:00, 208.71it/s]
Epoch 29/150:  76%|███████▌  | 227/300 [00:01<00:00, 207.84it/s]
Epoch 29/150:  83%|████████▎ | 248/300 [00:01<00:00, 205.66it/s]
Epoch 29/150:  91%|█████████ | 272/300 [00:01<00:00, 215.09it/s]
Epoch 29/150:  98%|█████████▊| 294/300 [00:01<00:00, 201.10it/s]
Epoch 29/150: 100%|██████████| 300/300 [00:01<00:00, 193.04it/s]

Epoch 30/150:   0%|          | 0/300 [00:00<?, ?it/s]
Epoch 30/150:   0%|          | 1/300 [00:00<00:32,  9.06it/s]
Epoch 30/150:   7%|▋         | 21/300 [00:00<00:02, 111.41it/s]
Epoch 30/150:  16%|█▌        | 48/300 [00:00<00:01, 178.28it/s]
Epoch 30/150:  22%|██▏       | 67/300 [00:00<00:01, 175.84it/s]
Epoch 30/150:  30%|███       | 90/300 [00:00<00:01, 193.04it/s]
Epoch 30/150:  37%|███▋      | 110/300 [00:00<00:00, 193.35it/s]
Epoch 30/150:  43%|████▎     | 130/300 [00:00<00:00, 190.24it/s]
Epoch 30/150:  51%|█████     | 153/300 [00:00<00:00, 199.30it/s]
Epoch 30/150:  58%|█████▊    | 174/300 [00:00<00:00, 197.66it/s]
Epoch 30/150:  66%|██████▋   | 199/300 [00:01<00:00, 210.01it/s]
Epoch 30/150:  74%|███████▎  | 221/300 [00:01<00:00, 200.25it/s]
Epoch 30/150:  81%|████████▏ | 244/300 [00:01<00:00, 207.98it/s]
Epoch 30/150:  88%|████████▊ | 265/300 [00:01<00:00, 198.61it/s]
Epoch 30/150:  95%|█████████▌| 286/300 [00:01<00:00, 199.95it/s]
Epoch 30/150: 100%|██████████| 300/300 [00:01<00:00, 186.78it/s]

Epoch 31/150:   0%|          | 0/300 [00:00<?, ?it/s]
Epoch 31/150:   0%|          | 1/300 [00:00<00:32,  9.34it/s]
Epoch 31/150:   9%|▉         | 28/300 [00:00<00:01, 155.97it/s]
Epoch 31/150:  16%|█▌        | 47/300 [00:00<00:01, 168.17it/s]
Epoch 31/150:  23%|██▎       | 68/300 [00:00<00:01, 183.29it/s]
Epoch 31/150:  30%|███       | 91/300 [00:00<00:01, 194.31it/s]
Epoch 31/150:  37%|███▋      | 111/300 [00:00<00:00, 193.88it/s]
Epoch 31/150:  46%|████▌     | 137/300 [00:00<00:00, 211.79it/s]
Epoch 31/150:  53%|█████▎    | 159/300 [00:00<00:00, 196.64it/s]
Epoch 31/150:  60%|██████    | 181/300 [00:00<00:00, 201.68it/s]
Epoch 31/150:  67%|██████▋   | 202/300 [00:01<00:00, 194.45it/s]
Epoch 31/150:  74%|███████▍  | 223/300 [00:01<00:00, 197.83it/s]
Epoch 31/150:  81%|████████  | 243/300 [00:01<00:00, 194.51it/s]
Epoch 31/150:  88%|████████▊ | 263/300 [00:01<00:00, 193.18it/s]
Epoch 31/150:  96%|█████████▌| 288/300 [00:01<00:00, 204.69it/s]
Epoch 31/150: 100%|██████████| 300/300 [00:01<00:00, 185.98it/s]

Epoch 32/150:   0%|          | 0/300 [00:00<?, ?it/s]
Epoch 32/150:   0%|          | 1/300 [00:00<00:30,  9.87it/s]
Epoch 32/150:   7%|▋         | 22/300 [00:00<00:02, 124.22it/s]
Epoch 32/150:  16%|█▌        | 47/300 [00:00<00:01, 179.05it/s]
Epoch 32/150:  23%|██▎       | 68/300 [00:00<00:01, 186.15it/s]
Epoch 32/150:  29%|██▉       | 87/300 [00:00<00:01, 183.66it/s]
Epoch 32/150:  37%|███▋      | 112/300 [00:00<00:00, 203.31it/s]
Epoch 32/150:  44%|████▍     | 133/300 [00:00<00:00, 186.64it/s]
Epoch 32/150:  53%|█████▎    | 158/300 [00:00<00:00, 204.83it/s]
Epoch 32/150:  60%|█████▉    | 179/300 [00:00<00:00, 195.25it/s]
Epoch 32/150:  67%|██████▋   | 200/300 [00:01<00:00, 198.71it/s]
Epoch 32/150:  74%|███████▎  | 221/300 [00:01<00:00, 196.73it/s]
Epoch 32/150:  81%|████████  | 243/300 [00:01<00:00, 202.97it/s]
Epoch 32/150:  89%|████████▉ | 267/300 [00:01<00:00, 209.38it/s]
Epoch 32/150:  96%|█████████▋| 289/300 [00:01<00:00, 197.59it/s]
Epoch 32/150: 100%|██████████| 300/300 [00:01<00:00, 187.05it/s]

Epoch 33/150:   0%|          | 0/300 [00:00<?, ?it/s]
Epoch 33/150:   0%|          | 1/300 [00:00<00:30,  9.93it/s]
Epoch 33/150:   8%|▊         | 23/300 [00:00<00:02, 132.97it/s]
Epoch 33/150:  15%|█▌        | 46/300 [00:00<00:01, 168.47it/s]
Epoch 33/150:  22%|██▏       | 66/300 [00:00<00:01, 179.06it/s]
Epoch 33/150:  31%|███       | 92/300 [00:00<00:01, 206.23it/s]
Epoch 33/150:  38%|███▊      | 113/300 [00:00<00:00, 198.69it/s]
Epoch 33/150:  45%|████▌     | 135/300 [00:00<00:00, 203.56it/s]
Epoch 33/150:  52%|█████▏    | 156/300 [00:00<00:00, 197.71it/s]
Epoch 33/150:  60%|█████▉    | 179/300 [00:00<00:00, 205.52it/s]
Epoch 33/150:  67%|██████▋   | 200/300 [00:01<00:00, 204.35it/s]
Epoch 33/150:  74%|███████▎  | 221/300 [00:01<00:00, 197.85it/s]
Epoch 33/150:  82%|████████▏ | 245/300 [00:01<00:00, 208.27it/s]
Epoch 33/150:  89%|████████▊ | 266/300 [00:01<00:00, 191.54it/s]
Epoch 33/150:  97%|█████████▋| 290/300 [00:01<00:00, 204.02it/s]
Epoch 33/150: 100%|██████████| 300/300 [00:01<00:00, 185.90it/s]

Epoch 34/150:   0%|          | 0/300 [00:00<?, ?it/s]
Epoch 34/150:   0%|          | 1/300 [00:00<00:30,  9.66it/s]
Epoch 34/150:   7%|▋         | 21/300 [00:00<00:02, 118.04it/s]
Epoch 34/150:  14%|█▍        | 43/300 [00:00<00:01, 161.97it/s]
Epoch 34/150:  22%|██▏       | 67/300 [00:00<00:01, 191.46it/s]
Epoch 34/150:  29%|██▉       | 87/300 [00:00<00:01, 186.58it/s]
Epoch 34/150:  38%|███▊      | 113/300 [00:00<00:00, 209.46it/s]
Epoch 34/150:  45%|████▌     | 135/300 [00:00<00:00, 197.41it/s]
Epoch 34/150:  52%|█████▏    | 156/300 [00:00<00:00, 198.95it/s]
Epoch 34/150:  59%|█████▉    | 178/300 [00:00<00:00, 201.52it/s]
Epoch 34/150:  66%|██████▋   | 199/300 [00:01<00:00, 197.42it/s]
Epoch 34/150:  74%|███████▍  | 223/300 [00:01<00:00, 209.44it/s]
Epoch 34/150:  82%|████████▏ | 245/300 [00:01<00:00, 197.66it/s]
Epoch 34/150:  90%|█████████ | 270/300 [00:01<00:00, 211.16it/s]
Epoch 34/150:  97%|█████████▋| 292/300 [00:01<00:00, 198.42it/s]
Epoch 34/150: 100%|██████████| 300/300 [00:01<00:00, 186.19it/s]

Epoch 35/150:   0%|          | 0/300 [00:00<?, ?it/s]
Epoch 35/150:   0%|          | 1/300 [00:00<00:30,  9.80it/s]
Epoch 35/150:   7%|▋         | 20/300 [00:00<00:02, 112.65it/s]
Epoch 35/150:  15%|█▌        | 45/300 [00:00<00:01, 172.22it/s]
Epoch 35/150:  21%|██▏       | 64/300 [00:00<00:01, 176.82it/s]
Epoch 35/150:  29%|██▉       | 87/300 [00:00<00:01, 193.34it/s]
Epoch 35/150:  36%|███▌      | 107/300 [00:00<00:01, 189.02it/s]
Epoch 35/150:  42%|████▏     | 127/300 [00:00<00:00, 191.10it/s]
Epoch 35/150:  50%|█████     | 150/300 [00:00<00:00, 202.04it/s]
Epoch 35/150:  57%|█████▋    | 171/300 [00:00<00:00, 193.57it/s]
Epoch 35/150:  65%|██████▍   | 194/300 [00:01<00:00, 202.41it/s]
Epoch 35/150:  72%|███████▏  | 215/300 [00:01<00:00, 193.79it/s]
Epoch 35/150:  79%|███████▉  | 237/300 [00:01<00:00, 200.94it/s]
Epoch 35/150:  86%|████████▋ | 259/300 [00:01<00:00, 202.31it/s]
Epoch 35/150:  93%|█████████▎| 280/300 [00:01<00:00, 139.51it/s]
Epoch 35/150: 100%|██████████| 300/300 [00:01<00:00, 169.26it/s]

Epoch 36/150:   0%|          | 0/300 [00:00<?, ?it/s]
Epoch 36/150:   0%|          | 1/300 [00:00<00:33,  8.99it/s]
Epoch 36/150:   8%|▊         | 23/300 [00:00<00:02, 125.29it/s]
Epoch 36/150:  16%|█▋        | 49/300 [00:00<00:01, 182.88it/s]
Epoch 36/150:  23%|██▎       | 68/300 [00:00<00:01, 179.26it/s]
Epoch 36/150:  30%|███       | 91/300 [00:00<00:01, 194.94it/s]
Epoch 36/150:  37%|███▋      | 111/300 [00:00<00:00, 189.68it/s]
Epoch 36/150:  44%|████▍     | 133/300 [00:00<00:00, 198.66it/s]
Epoch 36/150:  51%|█████     | 153/300 [00:00<00:00, 198.43it/s]
Epoch 36/150:  58%|█████▊    | 174/300 [00:00<00:00, 201.95it/s]
Epoch 36/150:  66%|██████▋   | 199/300 [00:01<00:00, 214.72it/s]
Epoch 36/150:  74%|███████▎  | 221/300 [00:01<00:00, 202.68it/s]
Epoch 36/150:  82%|████████▏ | 246/300 [00:01<00:00, 215.04it/s]
Epoch 36/150:  89%|████████▉ | 268/300 [00:01<00:00, 204.11it/s]
Epoch 36/150:  97%|█████████▋| 290/300 [00:01<00:00, 207.59it/s]
Epoch 36/150: 100%|██████████| 300/300 [00:01<00:00, 189.57it/s]

Epoch 37/150:   0%|          | 0/300 [00:00<?, ?it/s]
Epoch 37/150:   0%|          | 1/300 [00:00<00:30,  9.83it/s]
Epoch 37/150:   9%|▉         | 28/300 [00:00<00:01, 161.65it/s]
Epoch 37/150:  15%|█▌        | 46/300 [00:00<00:01, 167.44it/s]
Epoch 37/150:  23%|██▎       | 68/300 [00:00<00:01, 186.08it/s]
Epoch 37/150:  30%|██▉       | 89/300 [00:00<00:01, 189.05it/s]
Epoch 37/150:  36%|███▌      | 108/300 [00:00<00:01, 186.18it/s]
Epoch 37/150:  44%|████▍     | 132/300 [00:00<00:00, 201.39it/s]
Epoch 37/150:  51%|█████     | 153/300 [00:00<00:00, 187.11it/s]
Epoch 37/150:  60%|█████▉    | 179/300 [00:00<00:00, 206.21it/s]
Epoch 37/150:  67%|██████▋   | 200/300 [00:01<00:00, 196.46it/s]
Epoch 37/150:  74%|███████▍  | 222/300 [00:01<00:00, 201.38it/s]
Epoch 37/150:  81%|████████  | 243/300 [00:01<00:00, 199.58it/s]
Epoch 37/150:  89%|████████▊ | 266/300 [00:01<00:00, 206.85it/s]
Epoch 37/150:  96%|█████████▌| 287/300 [00:01<00:00, 199.29it/s]
Epoch 37/150: 100%|██████████| 300/300 [00:01<00:00, 185.62it/s]

Epoch 38/150:   0%|          | 0/300 [00:00<?, ?it/s]
Epoch 38/150:   0%|          | 1/300 [00:00<00:31,  9.36it/s]
Epoch 38/150:   7%|▋         | 21/300 [00:00<00:02, 115.38it/s]
Epoch 38/150:  15%|█▌        | 46/300 [00:00<00:01, 174.22it/s]
Epoch 38/150:  22%|██▏       | 65/300 [00:00<00:01, 179.96it/s]
Epoch 38/150:  29%|██▉       | 87/300 [00:00<00:01, 192.86it/s]
Epoch 38/150:  36%|███▌      | 108/300 [00:00<00:00, 194.57it/s]
Epoch 38/150:  43%|████▎     | 128/300 [00:00<00:00, 190.18it/s]
Epoch 38/150:  51%|█████     | 152/300 [00:00<00:00, 204.30it/s]
Epoch 38/150:  58%|█████▊    | 173/300 [00:00<00:00, 200.40it/s]
Epoch 38/150:  66%|██████▌   | 197/300 [00:01<00:00, 212.09it/s]
Epoch 38/150:  73%|███████▎  | 219/300 [00:01<00:00, 197.05it/s]
Epoch 38/150:  80%|████████  | 241/300 [00:01<00:00, 203.26it/s]
Epoch 38/150:  87%|████████▋ | 262/300 [00:01<00:00, 197.85it/s]
Epoch 38/150:  95%|█████████▍| 284/300 [00:01<00:00, 202.70it/s]
Epoch 38/150: 100%|██████████| 300/300 [00:01<00:00, 187.48it/s]

Epoch 39/150:   0%|          | 0/300 [00:00<?, ?it/s]
Epoch 39/150:   0%|          | 1/300 [00:00<00:31,  9.64it/s]
Epoch 39/150:   9%|▊         | 26/300 [00:00<00:01, 146.37it/s]
Epoch 39/150:  15%|█▍        | 44/300 [00:00<00:01, 160.26it/s]
Epoch 39/150:  22%|██▏       | 65/300 [00:00<00:01, 178.14it/s]
Epoch 39/150:  28%|██▊       | 85/300 [00:00<00:01, 184.81it/s]
Epoch 39/150:  35%|███▍      | 104/300 [00:00<00:01, 185.64it/s]
Epoch 39/150:  43%|████▎     | 128/300 [00:00<00:00, 202.97it/s]
Epoch 39/150:  50%|████▉     | 149/300 [00:00<00:00, 193.49it/s]
Epoch 39/150:  57%|█████▋    | 172/300 [00:00<00:00, 203.77it/s]
Epoch 39/150:  64%|██████▍   | 193/300 [00:01<00:00, 192.23it/s]
Epoch 39/150:  71%|███████▏  | 214/300 [00:01<00:00, 197.08it/s]
Epoch 39/150:  78%|███████▊  | 235/300 [00:01<00:00, 196.66it/s]
Epoch 39/150:  85%|████████▌ | 255/300 [00:01<00:00, 192.14it/s]
Epoch 39/150:  93%|█████████▎| 279/300 [00:01<00:00, 204.45it/s]
Epoch 39/150: 100%|██████████| 300/300 [00:01<00:00, 199.60it/s]
Epoch 39/150: 100%|██████████| 300/300 [00:01<00:00, 183.78it/s]

Epoch 40/150:   0%|          | 0/300 [00:00<?, ?it/s]
Epoch 40/150:   0%|          | 1/300 [00:00<00:30,  9.90it/s]
Epoch 40/150:   7%|▋         | 22/300 [00:00<00:02, 124.67it/s]
Epoch 40/150:  15%|█▌        | 45/300 [00:00<00:01, 171.14it/s]
Epoch 40/150:  22%|██▏       | 66/300 [00:00<00:01, 182.43it/s]
Epoch 40/150:  29%|██▊       | 86/300 [00:00<00:01, 186.27it/s]
Epoch 40/150:  36%|███▋      | 109/300 [00:00<00:00, 197.92it/s]
Epoch 40/150:  43%|████▎     | 129/300 [00:00<00:00, 187.51it/s]
Epoch 40/150:  51%|█████     | 153/300 [00:00<00:00, 201.19it/s]
Epoch 40/150:  58%|█████▊    | 174/300 [00:00<00:00, 196.06it/s]
Epoch 40/150:  66%|██████▌   | 197/300 [00:01<00:00, 204.86it/s]
Epoch 40/150:  73%|███████▎  | 218/300 [00:01<00:00, 199.22it/s]
Epoch 40/150:  80%|███████▉  | 239/300 [00:01<00:00, 199.39it/s]
Epoch 40/150:  87%|████████▋ | 260/300 [00:01<00:00, 196.82it/s]
Epoch 40/150:  93%|█████████▎| 280/300 [00:01<00:00, 194.75it/s]
Epoch 40/150: 100%|██████████| 300/300 [00:01<00:00, 185.92it/s]

Epoch 41/150:   0%|          | 0/300 [00:00<?, ?it/s]
Epoch 41/150:   0%|          | 1/300 [00:00<00:30,  9.82it/s]
Epoch 41/150:   8%|▊         | 25/300 [00:00<00:01, 141.21it/s]
Epoch 41/150:  14%|█▍        | 43/300 [00:00<00:01, 156.80it/s]
Epoch 41/150:  22%|██▏       | 66/300 [00:00<00:01, 183.86it/s]
Epoch 41/150:  29%|██▊       | 86/300 [00:00<00:01, 186.41it/s]
Epoch 41/150:  35%|███▌      | 105/300 [00:00<00:01, 185.49it/s]
Epoch 41/150:  43%|████▎     | 129/300 [00:00<00:00, 201.14it/s]
Epoch 41/150:  50%|█████     | 150/300 [00:00<00:00, 190.58it/s]
Epoch 41/150:  59%|█████▊    | 176/300 [00:00<00:00, 210.13it/s]
Epoch 41/150:  66%|██████▌   | 198/300 [00:01<00:00, 200.36it/s]
Epoch 41/150:  73%|███████▎  | 220/300 [00:01<00:00, 205.66it/s]
Epoch 41/150:  80%|████████  | 241/300 [00:01<00:00, 197.46it/s]
Epoch 41/150:  87%|████████▋ | 261/300 [00:01<00:00, 197.00it/s]
Epoch 41/150:  94%|█████████▍| 283/300 [00:01<00:00, 197.88it/s]
Epoch 41/150: 100%|██████████| 300/300 [00:01<00:00, 184.00it/s]

Epoch 42/150:   0%|          | 0/300 [00:00<?, ?it/s]
Epoch 42/150:   0%|          | 1/300 [00:00<00:30,  9.85it/s]
Epoch 42/150:   7%|▋         | 20/300 [00:00<00:02, 114.90it/s]
Epoch 42/150:  15%|█▌        | 46/300 [00:00<00:01, 178.82it/s]
Epoch 42/150:  22%|██▏       | 65/300 [00:00<00:01, 181.63it/s]
Epoch 42/150:  28%|██▊       | 85/300 [00:00<00:01, 185.88it/s]
Epoch 42/150:  36%|███▋      | 109/300 [00:00<00:00, 202.06it/s]
Epoch 42/150:  43%|████▎     | 130/300 [00:00<00:00, 189.01it/s]
Epoch 42/150:  52%|█████▏    | 155/300 [00:00<00:00, 206.81it/s]
Epoch 42/150:  59%|█████▊    | 176/300 [00:00<00:00, 195.68it/s]
Epoch 42/150:  67%|██████▋   | 200/300 [00:01<00:00, 207.74it/s]
Epoch 42/150:  74%|███████▍  | 222/300 [00:01<00:00, 200.32it/s]
Epoch 42/150:  81%|████████▏ | 244/300 [00:01<00:00, 205.34it/s]
Epoch 42/150:  88%|████████▊ | 265/300 [00:01<00:00, 205.27it/s]
Epoch 42/150:  96%|█████████▌| 287/300 [00:01<00:00, 208.97it/s]
Epoch 42/150: 100%|██████████| 300/300 [00:01<00:00, 191.56it/s]

Epoch 43/150:   0%|          | 0/300 [00:00<?, ?it/s]
Epoch 43/150:   0%|          | 1/300 [00:00<00:31,  9.64it/s]
Epoch 43/150:   7%|▋         | 22/300 [00:00<00:02, 124.06it/s]
Epoch 43/150:  15%|█▌        | 45/300 [00:00<00:01, 168.36it/s]
Epoch 43/150:  21%|██        | 62/300 [00:00<00:01, 166.84it/s]
Epoch 43/150:  29%|██▊       | 86/300 [00:00<00:01, 192.15it/s]
Epoch 43/150:  35%|███▌      | 106/300 [00:00<00:01, 184.21it/s]
Epoch 43/150:  43%|████▎     | 129/300 [00:00<00:00, 196.66it/s]
Epoch 43/150:  50%|████▉     | 149/300 [00:00<00:00, 191.06it/s]
Epoch 43/150:  57%|█████▋    | 171/300 [00:00<00:00, 198.28it/s]
Epoch 43/150:  64%|██████▎   | 191/300 [00:01<00:00, 197.28it/s]
Epoch 43/150:  70%|███████   | 211/300 [00:01<00:00, 195.65it/s]
Epoch 43/150:  78%|███████▊  | 235/300 [00:01<00:00, 207.30it/s]
Epoch 43/150:  85%|████████▌ | 256/300 [00:01<00:00, 192.42it/s]
Epoch 43/150:  93%|█████████▎| 280/300 [00:01<00:00, 203.19it/s]
Epoch 43/150: 100%|██████████| 300/300 [00:01<00:00, 182.78it/s]

Epoch 44/150:   0%|          | 0/300 [00:00<?, ?it/s]
Epoch 44/150:   0%|          | 1/300 [00:00<00:30,  9.71it/s]
Epoch 44/150:   7%|▋         | 21/300 [00:00<00:02, 118.59it/s]
Epoch 44/150:  15%|█▌        | 46/300 [00:00<00:01, 176.02it/s]
Epoch 44/150:  24%|██▍       | 72/300 [00:00<00:01, 200.87it/s]
Epoch 44/150:  31%|███       | 93/300 [00:00<00:01, 192.20it/s]
Epoch 44/150:  39%|███▉      | 117/300 [00:00<00:00, 205.31it/s]
Epoch 44/150:  46%|████▌     | 138/300 [00:00<00:00, 191.42it/s]
Epoch 44/150:  54%|█████▍    | 162/300 [00:00<00:00, 204.81it/s]
Epoch 44/150:  61%|██████    | 183/300 [00:00<00:00, 194.59it/s]
Epoch 44/150:  68%|██████▊   | 205/300 [00:01<00:00, 201.47it/s]
Epoch 44/150:  75%|███████▌  | 226/300 [00:01<00:00, 194.60it/s]
Epoch 44/150:  82%|████████▏ | 246/300 [00:01<00:00, 195.02it/s]
Epoch 44/150:  89%|████████▉ | 268/300 [00:01<00:00, 197.90it/s]
Epoch 44/150:  96%|█████████▌| 288/300 [00:01<00:00, 197.92it/s]
Epoch 44/150: 100%|██████████| 300/300 [00:01<00:00, 186.34it/s]

Epoch 45/150:   0%|          | 0/300 [00:00<?, ?it/s]
Epoch 45/150:   0%|          | 1/300 [00:00<00:30,  9.69it/s]
Epoch 45/150:   7%|▋         | 21/300 [00:00<00:02, 119.38it/s]
Epoch 45/150:  15%|█▌        | 46/300 [00:00<00:01, 175.47it/s]
Epoch 45/150:  21%|██▏       | 64/300 [00:00<00:01, 174.64it/s]
Epoch 45/150:  30%|███       | 90/300 [00:00<00:01, 202.37it/s]
Epoch 45/150:  37%|███▋      | 111/300 [00:00<00:00, 200.59it/s]
Epoch 45/150:  44%|████▍     | 132/300 [00:00<00:00, 203.51it/s]
Epoch 45/150:  52%|█████▏    | 156/300 [00:00<00:00, 214.52it/s]
Epoch 45/150:  59%|█████▉    | 178/300 [00:00<00:00, 208.76it/s]
Epoch 45/150:  67%|██████▋   | 202/300 [00:01<00:00, 216.66it/s]
Epoch 45/150:  75%|███████▍  | 224/300 [00:01<00:00, 204.07it/s]
Epoch 45/150:  82%|████████▏ | 245/300 [00:01<00:00, 205.24it/s]
Epoch 45/150:  89%|████████▊ | 266/300 [00:01<00:00, 199.18it/s]
Epoch 45/150:  96%|█████████▌| 287/300 [00:01<00:00, 197.92it/s]
Epoch 45/150: 100%|██████████| 300/300 [00:01<00:00, 190.59it/s]

Epoch 46/150:   0%|          | 0/300 [00:00<?, ?it/s]
Epoch 46/150:   0%|          | 1/300 [00:00<00:30,  9.91it/s]
Epoch 46/150:   9%|▉         | 27/300 [00:00<00:01, 154.78it/s]
Epoch 46/150:  16%|█▋        | 49/300 [00:00<00:01, 181.22it/s]
Epoch 46/150:  23%|██▎       | 70/300 [00:00<00:01, 192.35it/s]
Epoch 46/150:  32%|███▏      | 96/300 [00:00<00:00, 213.69it/s]
Epoch 46/150:  39%|███▉      | 118/300 [00:00<00:00, 205.90it/s]
Epoch 46/150:  47%|████▋     | 141/300 [00:00<00:00, 213.22it/s]
Epoch 46/150:  54%|█████▍    | 163/300 [00:00<00:00, 202.69it/s]
Epoch 46/150:  61%|██████▏   | 184/300 [00:00<00:00, 203.52it/s]
Epoch 46/150:  68%|██████▊   | 205/300 [00:01<00:00, 202.12it/s]
Epoch 46/150:  75%|███████▌  | 226/300 [00:01<00:00, 197.66it/s]
Epoch 46/150:  83%|████████▎ | 248/300 [00:01<00:00, 201.93it/s]
Epoch 46/150:  90%|████████▉ | 269/300 [00:01<00:00, 192.65it/s]
Epoch 46/150:  98%|█████████▊| 293/300 [00:01<00:00, 205.81it/s]
Epoch 46/150: 100%|██████████| 300/300 [00:01<00:00, 191.61it/s]

Epoch 47/150:   0%|          | 0/300 [00:00<?, ?it/s]
Epoch 47/150:   0%|          | 1/300 [00:00<00:30,  9.70it/s]
Epoch 47/150:   9%|▊         | 26/300 [00:00<00:01, 147.42it/s]
Epoch 47/150:  15%|█▌        | 45/300 [00:00<00:01, 163.95it/s]
Epoch 47/150:  23%|██▎       | 68/300 [00:00<00:01, 188.57it/s]
Epoch 47/150:  29%|██▉       | 87/300 [00:00<00:01, 183.95it/s]
Epoch 47/150:  36%|███▌      | 107/300 [00:00<00:01, 187.20it/s]
Epoch 47/150:  43%|████▎     | 129/300 [00:00<00:00, 192.51it/s]
Epoch 47/150:  50%|████▉     | 149/300 [00:00<00:00, 192.62it/s]
Epoch 47/150:  59%|█████▉    | 177/300 [00:00<00:00, 218.81it/s]
Epoch 47/150:  66%|██████▋   | 199/300 [00:01<00:00, 204.44it/s]
Epoch 47/150:  74%|███████▍  | 222/300 [00:01<00:00, 209.31it/s]
Epoch 47/150:  81%|████████▏ | 244/300 [00:01<00:00, 204.73it/s]
Epoch 47/150:  89%|████████▉ | 268/300 [00:01<00:00, 212.84it/s]
Epoch 47/150:  97%|█████████▋| 290/300 [00:01<00:00, 213.94it/s]
Epoch 47/150: 100%|██████████| 300/300 [00:01<00:00, 189.74it/s]

Epoch 48/150:   0%|          | 0/300 [00:00<?, ?it/s]
Epoch 48/150:   0%|          | 1/300 [00:00<00:30,  9.81it/s]
Epoch 48/150:   7%|▋         | 20/300 [00:00<00:02, 114.28it/s]
Epoch 48/150:  14%|█▍        | 43/300 [00:00<00:01, 166.39it/s]
Epoch 48/150:  22%|██▏       | 66/300 [00:00<00:01, 188.83it/s]
Epoch 48/150:  28%|██▊       | 85/300 [00:00<00:01, 182.15it/s]
Epoch 48/150:  37%|███▋      | 111/300 [00:00<00:00, 207.10it/s]
Epoch 48/150:  44%|████▍     | 132/300 [00:00<00:00, 206.67it/s]
Epoch 48/150:  52%|█████▏    | 157/300 [00:00<00:00, 218.10it/s]
Epoch 48/150:  60%|█████▉    | 179/300 [00:00<00:00, 210.93it/s]
Epoch 48/150:  67%|██████▋   | 201/300 [00:01<00:00, 204.04it/s]
Epoch 48/150:  75%|███████▍  | 224/300 [00:01<00:00, 207.73it/s]
Epoch 48/150:  82%|████████▏ | 245/300 [00:01<00:00, 202.61it/s]
Epoch 48/150:  90%|████████▉ | 269/300 [00:01<00:00, 212.59it/s]
Epoch 48/150:  97%|█████████▋| 291/300 [00:01<00:00, 152.46it/s]
Epoch 48/150: 100%|██████████| 300/300 [00:01<00:00, 176.13it/s]

Epoch 49/150:   0%|          | 0/300 [00:00<?, ?it/s]
Epoch 49/150:   0%|          | 1/300 [00:00<00:31,  9.64it/s]
Epoch 49/150:   9%|▊         | 26/300 [00:00<00:01, 147.91it/s]
Epoch 49/150:  15%|█▌        | 46/300 [00:00<00:01, 169.52it/s]
Epoch 49/150:  24%|██▎       | 71/300 [00:00<00:01, 198.47it/s]
Epoch 49/150:  30%|███       | 91/300 [00:00<00:01, 193.31it/s]
Epoch 49/150:  37%|███▋      | 111/300 [00:00<00:00, 193.70it/s]
Epoch 49/150:  44%|████▍     | 133/300 [00:00<00:00, 200.91it/s]
Epoch 49/150:  51%|█████▏    | 154/300 [00:00<00:00, 197.24it/s]
Epoch 49/150:  59%|█████▉    | 178/300 [00:00<00:00, 209.08it/s]
Epoch 49/150:  66%|██████▋   | 199/300 [00:01<00:00, 192.26it/s]
Epoch 49/150:  74%|███████▍  | 223/300 [00:01<00:00, 204.36it/s]
Epoch 49/150:  81%|████████▏ | 244/300 [00:01<00:00, 197.01it/s]
Epoch 49/150:  89%|████████▉ | 267/300 [00:01<00:00, 204.60it/s]
Epoch 49/150:  96%|█████████▌| 288/300 [00:01<00:00, 197.61it/s]
Epoch 49/150: 100%|██████████| 300/300 [00:01<00:00, 184.81it/s]

Epoch 50/150:   0%|          | 0/300 [00:00<?, ?it/s]
Epoch 50/150:   0%|          | 1/300 [00:00<00:31,  9.39it/s]
Epoch 50/150:   8%|▊         | 23/300 [00:00<00:02, 128.47it/s]
Epoch 50/150:  16%|█▌        | 47/300 [00:00<00:01, 176.49it/s]
Epoch 50/150:  22%|██▏       | 65/300 [00:00<00:01, 170.91it/s]
Epoch 50/150:  29%|██▊       | 86/300 [00:00<00:01, 184.13it/s]
Epoch 50/150:  35%|███▌      | 105/300 [00:00<00:01, 184.78it/s]
Epoch 50/150:  42%|████▏     | 125/300 [00:00<00:00, 189.22it/s]
Epoch 50/150:  49%|████▉     | 148/300 [00:00<00:00, 199.52it/s]
Epoch 50/150:  56%|█████▌    | 168/300 [00:00<00:00, 188.07it/s]
Epoch 50/150:  64%|██████▍   | 193/300 [00:01<00:00, 204.50it/s]
Epoch 50/150:  71%|███████▏  | 214/300 [00:01<00:00, 190.08it/s]
Epoch 50/150:  79%|███████▉  | 237/300 [00:01<00:00, 199.99it/s]
Epoch 50/150:  86%|████████▌ | 258/300 [00:01<00:00, 192.50it/s]
Epoch 50/150:  93%|█████████▎| 279/300 [00:01<00:00, 195.98it/s]
Epoch 50/150: 100%|█████████▉| 299/300 [00:01<00:00, 195.73it/s]
Epoch 50/150: 100%|██████████| 300/300 [00:01<00:00, 180.63it/s]

Epoch 51/150:   0%|          | 0/300 [00:00<?, ?it/s]
Epoch 51/150:   0%|          | 1/300 [00:00<00:31,  9.62it/s]
Epoch 51/150:   7%|▋         | 22/300 [00:00<00:02, 125.24it/s]
Epoch 51/150:  15%|█▌        | 45/300 [00:00<00:01, 170.23it/s]
Epoch 51/150:  23%|██▎       | 68/300 [00:00<00:01, 190.22it/s]
Epoch 51/150:  29%|██▉       | 88/300 [00:00<00:01, 182.36it/s]
Epoch 51/150:  37%|███▋      | 112/300 [00:00<00:00, 199.47it/s]
Epoch 51/150:  44%|████▍     | 133/300 [00:00<00:00, 193.87it/s]
Epoch 51/150:  52%|█████▏    | 157/300 [00:00<00:00, 205.73it/s]
Epoch 51/150:  59%|█████▉    | 178/300 [00:00<00:00, 204.08it/s]
Epoch 51/150:  66%|██████▋   | 199/300 [00:01<00:00, 202.08it/s]
Epoch 51/150:  74%|███████▎  | 221/300 [00:01<00:00, 206.12it/s]
Epoch 51/150:  81%|████████  | 242/300 [00:01<00:00, 193.71it/s]
Epoch 51/150:  89%|████████▊ | 266/300 [00:01<00:00, 206.72it/s]
Epoch 51/150:  96%|█████████▌| 287/300 [00:01<00:00, 192.71it/s]
Epoch 51/150: 100%|██████████| 300/300 [00:01<00:00, 186.44it/s]

Epoch 52/150:   0%|          | 0/300 [00:00<?, ?it/s]
Epoch 52/150:   0%|          | 1/300 [00:00<00:32,  9.12it/s]
Epoch 52/150:   7%|▋         | 22/300 [00:00<00:02, 122.44it/s]
Epoch 52/150:  15%|█▌        | 46/300 [00:00<00:01, 173.38it/s]
Epoch 52/150:  21%|██▏       | 64/300 [00:00<00:01, 170.92it/s]
Epoch 52/150:  29%|██▉       | 87/300 [00:00<00:01, 190.43it/s]
Epoch 52/150:  36%|███▌      | 107/300 [00:00<00:01, 184.96it/s]
Epoch 52/150:  43%|████▎     | 128/300 [00:00<00:00, 192.48it/s]
Epoch 52/150:  50%|████▉     | 149/300 [00:00<00:00, 195.40it/s]
Epoch 52/150:  56%|█████▋    | 169/300 [00:00<00:00, 191.81it/s]
Epoch 52/150:  64%|██████▍   | 192/300 [00:01<00:00, 202.20it/s]
Epoch 52/150:  71%|███████   | 213/300 [00:01<00:00, 195.29it/s]
Epoch 52/150:  79%|███████▊  | 236/300 [00:01<00:00, 203.53it/s]
Epoch 52/150:  86%|████████▌ | 257/300 [00:01<00:00, 193.88it/s]
Epoch 52/150:  93%|█████████▎| 278/300 [00:01<00:00, 198.14it/s]
Epoch 52/150:  99%|█████████▉| 298/300 [00:01<00:00, 197.69it/s]
Epoch 52/150: 100%|██████████| 300/300 [00:01<00:00, 182.45it/s]

Epoch 53/150:   0%|          | 0/300 [00:00<?, ?it/s]
Epoch 53/150:   0%|          | 1/300 [00:00<00:30,  9.73it/s]
Epoch 53/150:   8%|▊         | 24/300 [00:00<00:02, 132.34it/s]
Epoch 53/150:  16%|█▌        | 47/300 [00:00<00:01, 172.89it/s]
Epoch 53/150:  24%|██▍       | 72/300 [00:00<00:01, 199.40it/s]
Epoch 53/150:  31%|███       | 92/300 [00:00<00:01, 183.46it/s]
Epoch 53/150:  39%|███▊      | 116/300 [00:00<00:00, 200.36it/s]
Epoch 53/150:  46%|████▌     | 137/300 [00:00<00:00, 193.33it/s]
Epoch 53/150:  53%|█████▎    | 160/300 [00:00<00:00, 203.46it/s]
Epoch 53/150:  60%|██████    | 181/300 [00:00<00:00, 197.31it/s]
Epoch 53/150:  67%|██████▋   | 201/300 [00:01<00:00, 195.46it/s]
Epoch 53/150:  74%|███████▍  | 222/300 [00:01<00:00, 196.40it/s]
Epoch 53/150:  81%|████████  | 243/300 [00:01<00:00, 199.37it/s]
Epoch 53/150:  89%|████████▉ | 267/300 [00:01<00:00, 209.63it/s]
Epoch 53/150:  96%|█████████▋| 289/300 [00:01<00:00, 198.78it/s]
Epoch 53/150: 100%|██████████| 300/300 [00:01<00:00, 185.92it/s]

Epoch 54/150:   0%|          | 0/300 [00:00<?, ?it/s]
Epoch 54/150:   0%|          | 1/300 [00:00<00:31,  9.40it/s]
Epoch 54/150:   7%|▋         | 22/300 [00:00<00:02, 123.86it/s]
Epoch 54/150:  15%|█▌        | 46/300 [00:00<00:01, 174.90it/s]
Epoch 54/150:  21%|██▏       | 64/300 [00:00<00:01, 172.10it/s]
Epoch 54/150:  29%|██▊       | 86/300 [00:00<00:01, 187.10it/s]
Epoch 54/150:  35%|███▌      | 105/300 [00:00<00:01, 184.84it/s]
Epoch 54/150:  43%|████▎     | 128/300 [00:00<00:00, 196.97it/s]
Epoch 54/150:  50%|████▉     | 149/300 [00:00<00:00, 196.08it/s]
Epoch 54/150:  56%|█████▋    | 169/300 [00:00<00:00, 191.22it/s]
Epoch 54/150:  64%|██████▍   | 192/300 [00:01<00:00, 200.29it/s]
Epoch 54/150:  71%|███████   | 213/300 [00:01<00:00, 188.70it/s]
Epoch 54/150:  79%|███████▊  | 236/300 [00:01<00:00, 199.88it/s]
Epoch 54/150:  86%|████████▌ | 257/300 [00:01<00:00, 192.05it/s]
Epoch 54/150:  93%|█████████▎| 279/300 [00:01<00:00, 198.80it/s]
Epoch 54/150: 100%|██████████| 300/300 [00:01<00:00, 195.99it/s]
Epoch 54/150: 100%|██████████| 300/300 [00:01<00:00, 181.62it/s]

Epoch 55/150:   0%|          | 0/300 [00:00<?, ?it/s]
Epoch 55/150:   0%|          | 1/300 [00:00<00:30,  9.65it/s]
Epoch 55/150:   7%|▋         | 21/300 [00:00<00:02, 117.87it/s]
Epoch 55/150:  15%|█▍        | 44/300 [00:00<00:01, 166.65it/s]
Epoch 55/150:  21%|██▏       | 64/300 [00:00<00:01, 178.63it/s]
Epoch 55/150:  28%|██▊       | 84/300 [00:00<00:01, 184.23it/s]
Epoch 55/150:  36%|███▌      | 108/300 [00:00<00:00, 202.10it/s]
Epoch 55/150:  43%|████▎     | 129/300 [00:00<00:00, 186.86it/s]
Epoch 55/150:  51%|█████     | 152/300 [00:00<00:00, 199.50it/s]
Epoch 55/150:  58%|█████▊    | 173/300 [00:00<00:00, 189.92it/s]
Epoch 55/150:  65%|██████▌   | 195/300 [00:01<00:00, 198.18it/s]
Epoch 55/150:  72%|███████▏  | 216/300 [00:01<00:00, 190.75it/s]
Epoch 55/150:  79%|███████▉  | 237/300 [00:01<00:00, 195.64it/s]
Epoch 55/150:  86%|████████▌ | 257/300 [00:01<00:00, 191.50it/s]
Epoch 55/150:  92%|█████████▏| 277/300 [00:01<00:00, 192.24it/s]
Epoch 55/150: 100%|██████████| 300/300 [00:01<00:00, 196.77it/s]
Epoch 55/150: 100%|██████████| 300/300 [00:01<00:00, 180.59it/s]

Epoch 56/150:   0%|          | 0/300 [00:00<?, ?it/s]
Epoch 56/150:   0%|          | 1/300 [00:00<00:30,  9.70it/s]
Epoch 56/150:   8%|▊         | 24/300 [00:00<00:02, 136.51it/s]
Epoch 56/150:  15%|█▍        | 44/300 [00:00<00:01, 159.12it/s]
Epoch 56/150:  23%|██▎       | 68/300 [00:00<00:01, 187.97it/s]
Epoch 56/150:  29%|██▉       | 87/300 [00:00<00:01, 178.88it/s]
Epoch 56/150:  37%|███▋      | 110/300 [00:00<00:00, 193.55it/s]
Epoch 56/150:  43%|████▎     | 130/300 [00:00<00:00, 189.28it/s]
Epoch 56/150:  50%|█████     | 151/300 [00:00<00:00, 194.67it/s]
Epoch 56/150:  57%|█████▋    | 172/300 [00:00<00:00, 195.04it/s]
Epoch 56/150:  64%|██████▍   | 192/300 [00:01<00:00, 193.89it/s]
Epoch 56/150:  72%|███████▏  | 216/300 [00:01<00:00, 206.66it/s]
Epoch 56/150:  79%|███████▉  | 237/300 [00:01<00:00, 195.72it/s]
Epoch 56/150:  86%|████████▌ | 258/300 [00:01<00:00, 198.19it/s]
Epoch 56/150:  93%|█████████▎| 278/300 [00:01<00:00, 193.51it/s]
Epoch 56/150:  99%|█████████▉| 298/300 [00:01<00:00, 195.24it/s]
Epoch 56/150: 100%|██████████| 300/300 [00:01<00:00, 182.28it/s]

Epoch 57/150:   0%|          | 0/300 [00:00<?, ?it/s]
Epoch 57/150:   0%|          | 1/300 [00:00<00:31,  9.56it/s]
Epoch 57/150:   7%|▋         | 22/300 [00:00<00:02, 124.74it/s]
Epoch 57/150:  15%|█▌        | 46/300 [00:00<00:01, 171.62it/s]
Epoch 57/150:  21%|██▏       | 64/300 [00:00<00:01, 171.54it/s]
Epoch 57/150:  30%|██▉       | 89/300 [00:00<00:01, 195.69it/s]
Epoch 57/150:  36%|███▋      | 109/300 [00:00<00:01, 188.54it/s]
Epoch 57/150:  44%|████▍     | 132/300 [00:00<00:00, 198.97it/s]
Epoch 57/150:  51%|█████     | 152/300 [00:00<00:00, 190.93it/s]
Epoch 57/150:  58%|█████▊    | 174/300 [00:00<00:00, 198.95it/s]
Epoch 57/150:  65%|██████▌   | 195/300 [00:01<00:00, 200.63it/s]
Epoch 57/150:  72%|███████▏  | 216/300 [00:01<00:00, 196.36it/s]
Epoch 57/150:  80%|████████  | 240/300 [00:01<00:00, 207.49it/s]
Epoch 57/150:  87%|████████▋ | 261/300 [00:01<00:00, 193.24it/s]
Epoch 57/150:  95%|█████████▌| 285/300 [00:01<00:00, 204.41it/s]
Epoch 57/150: 100%|██████████| 300/300 [00:01<00:00, 184.40it/s]

Epoch 58/150:   0%|          | 0/300 [00:00<?, ?it/s]
Epoch 58/150:   0%|          | 1/300 [00:00<00:34,  8.78it/s]
Epoch 58/150:   8%|▊         | 25/300 [00:00<00:02, 128.53it/s]
Epoch 58/150:  15%|█▌        | 46/300 [00:00<00:01, 160.57it/s]
Epoch 58/150:  24%|██▎       | 71/300 [00:00<00:01, 191.10it/s]
Epoch 58/150:  30%|███       | 91/300 [00:00<00:01, 182.70it/s]
Epoch 58/150:  38%|███▊      | 115/300 [00:00<00:00, 200.38it/s]
Epoch 58/150:  45%|████▌     | 136/300 [00:00<00:00, 193.09it/s]
Epoch 58/150:  52%|█████▏    | 157/300 [00:00<00:00, 196.66it/s]
Epoch 58/150:  59%|█████▉    | 177/300 [00:00<00:00, 195.60it/s]
Epoch 58/150:  66%|██████▌   | 197/300 [00:01<00:00, 194.54it/s]
Epoch 58/150:  74%|███████▍  | 222/300 [00:01<00:00, 209.14it/s]
Epoch 58/150:  81%|████████  | 243/300 [00:01<00:00, 202.82it/s]
Epoch 58/150:  89%|████████▉ | 267/300 [00:01<00:00, 212.66it/s]
Epoch 58/150:  96%|█████████▋| 289/300 [00:01<00:00, 200.13it/s]
Epoch 58/150: 100%|██████████| 300/300 [00:01<00:00, 185.07it/s]

Epoch 59/150:   0%|          | 0/300 [00:00<?, ?it/s]
Epoch 59/150:   0%|          | 1/300 [00:00<00:30,  9.79it/s]
Epoch 59/150:   7%|▋         | 22/300 [00:00<00:02, 124.27it/s]
Epoch 59/150:  16%|█▌        | 47/300 [00:00<00:01, 180.67it/s]
Epoch 59/150:  22%|██▏       | 66/300 [00:00<00:01, 181.84it/s]
Epoch 59/150:  29%|██▉       | 88/300 [00:00<00:01, 194.44it/s]
Epoch 59/150:  37%|███▋      | 111/300 [00:00<00:00, 197.70it/s]
Epoch 59/150:  44%|████▎     | 131/300 [00:00<00:00, 191.46it/s]
Epoch 59/150:  52%|█████▏    | 156/300 [00:00<00:00, 207.40it/s]
Epoch 59/150:  59%|█████▉    | 177/300 [00:00<00:00, 206.20it/s]
Epoch 59/150:  68%|██████▊   | 203/300 [00:01<00:00, 221.60it/s]
Epoch 59/150:  75%|███████▌  | 226/300 [00:01<00:00, 212.40it/s]
Epoch 59/150:  83%|████████▎ | 248/300 [00:01<00:00, 209.16it/s]
Epoch 59/150:  90%|█████████ | 270/300 [00:01<00:00, 203.80it/s]
Epoch 59/150:  97%|█████████▋| 291/300 [00:01<00:00, 203.57it/s]
Epoch 59/150: 100%|██████████| 300/300 [00:01<00:00, 191.35it/s]

Epoch 60/150:   0%|          | 0/300 [00:00<?, ?it/s]
Epoch 60/150:   0%|          | 1/300 [00:00<00:30,  9.69it/s]
Epoch 60/150:   7%|▋         | 22/300 [00:00<00:02, 125.28it/s]
Epoch 60/150:  14%|█▍        | 42/300 [00:00<00:01, 156.66it/s]
Epoch 60/150:  20%|██        | 61/300 [00:00<00:01, 169.48it/s]
Epoch 60/150:  28%|██▊       | 85/300 [00:00<00:01, 193.69it/s]
Epoch 60/150:  35%|███▌      | 105/300 [00:00<00:01, 191.26it/s]
Epoch 60/150:  43%|████▎     | 128/300 [00:00<00:00, 202.69it/s]
Epoch 60/150:  50%|████▉     | 149/300 [00:00<00:00, 193.45it/s]
Epoch 60/150:  57%|█████▋    | 170/300 [00:00<00:00, 197.26it/s]
Epoch 60/150:  63%|██████▎   | 190/300 [00:01<00:00, 192.92it/s]
Epoch 60/150:  71%|███████   | 212/300 [00:01<00:00, 198.87it/s]
Epoch 60/150:  78%|███████▊  | 235/300 [00:01<00:00, 205.66it/s]
Epoch 60/150:  85%|████████▌ | 256/300 [00:01<00:00, 195.48it/s]
Epoch 60/150:  94%|█████████▎| 281/300 [00:01<00:00, 208.84it/s]
Epoch 60/150: 100%|██████████| 300/300 [00:01<00:00, 184.76it/s]

Epoch 61/150:   0%|          | 0/300 [00:00<?, ?it/s]
Epoch 61/150:   0%|          | 1/300 [00:00<00:30,  9.72it/s]
Epoch 61/150:   7%|▋         | 22/300 [00:00<00:02, 124.17it/s]
Epoch 61/150:  15%|█▌        | 45/300 [00:00<00:01, 170.27it/s]
Epoch 61/150:  23%|██▎       | 68/300 [00:00<00:01, 192.60it/s]
Epoch 61/150:  30%|██▉       | 89/300 [00:00<00:01, 194.52it/s]
Epoch 61/150:  38%|███▊      | 114/300 [00:00<00:00, 212.26it/s]
Epoch 61/150:  45%|████▌     | 136/300 [00:00<00:00, 198.53it/s]
Epoch 61/150:  53%|█████▎    | 158/300 [00:00<00:00, 204.39it/s]
Epoch 61/150:  60%|█████▉    | 179/300 [00:00<00:00, 197.65it/s]
Epoch 61/150:  67%|██████▋   | 200/300 [00:01<00:00, 200.12it/s]
Epoch 61/150:  74%|███████▍  | 222/300 [00:01<00:00, 201.04it/s]
Epoch 61/150:  81%|████████  | 243/300 [00:01<00:00, 138.61it/s]
Epoch 61/150:  89%|████████▊ | 266/300 [00:01<00:00, 157.98it/s]
Epoch 61/150:  97%|█████████▋| 290/300 [00:01<00:00, 175.40it/s]
Epoch 61/150: 100%|██████████| 300/300 [00:01<00:00, 172.83it/s]

Epoch 62/150:   0%|          | 0/300 [00:00<?, ?it/s]
Epoch 62/150:   0%|          | 1/300 [00:00<00:30,  9.76it/s]
Epoch 62/150:   7%|▋         | 20/300 [00:00<00:02, 114.11it/s]
Epoch 62/150:  14%|█▍        | 42/300 [00:00<00:01, 159.26it/s]
Epoch 62/150:  23%|██▎       | 68/300 [00:00<00:01, 191.94it/s]
Epoch 62/150:  29%|██▉       | 88/300 [00:00<00:01, 184.25it/s]
Epoch 62/150:  37%|███▋      | 112/300 [00:00<00:00, 199.87it/s]
Epoch 62/150:  44%|████▍     | 133/300 [00:00<00:00, 193.16it/s]
Epoch 62/150:  52%|█████▏    | 156/300 [00:00<00:00, 203.55it/s]
Epoch 62/150:  59%|█████▉    | 177/300 [00:00<00:00, 194.58it/s]
Epoch 62/150:  66%|██████▋   | 199/300 [00:01<00:00, 200.30it/s]
Epoch 62/150:  73%|███████▎  | 220/300 [00:01<00:00, 198.69it/s]
Epoch 62/150:  80%|████████  | 240/300 [00:01<00:00, 196.69it/s]
Epoch 62/150:  88%|████████▊ | 263/300 [00:01<00:00, 205.56it/s]
Epoch 62/150:  95%|█████████▍| 284/300 [00:01<00:00, 198.06it/s]
Epoch 62/150: 100%|██████████| 300/300 [00:01<00:00, 185.03it/s]

Epoch 63/150:   0%|          | 0/300 [00:00<?, ?it/s]
Epoch 63/150:   0%|          | 1/300 [00:00<00:31,  9.47it/s]
Epoch 63/150:   8%|▊         | 24/300 [00:00<00:02, 133.69it/s]
Epoch 63/150:  15%|█▌        | 46/300 [00:00<00:01, 171.07it/s]
Epoch 63/150:  21%|██▏       | 64/300 [00:00<00:01, 168.99it/s]
Epoch 63/150:  29%|██▉       | 88/300 [00:00<00:01, 192.43it/s]
Epoch 63/150:  36%|███▌      | 108/300 [00:00<00:01, 185.27it/s]
Epoch 63/150:  44%|████▎     | 131/300 [00:00<00:00, 197.95it/s]
Epoch 63/150:  50%|█████     | 151/300 [00:00<00:00, 192.86it/s]
Epoch 63/150:  57%|█████▋    | 171/300 [00:00<00:00, 193.26it/s]
Epoch 63/150:  64%|██████▍   | 193/300 [00:01<00:00, 196.25it/s]
Epoch 63/150:  71%|███████   | 213/300 [00:01<00:00, 193.70it/s]
Epoch 63/150:  79%|███████▊  | 236/300 [00:01<00:00, 202.66it/s]
Epoch 63/150:  86%|████████▌ | 257/300 [00:01<00:00, 191.21it/s]
Epoch 63/150:  94%|█████████▎| 281/300 [00:01<00:00, 203.81it/s]
Epoch 63/150: 100%|██████████| 300/300 [00:01<00:00, 182.40it/s]

Epoch 64/150:   0%|          | 0/300 [00:00<?, ?it/s]
Epoch 64/150:   0%|          | 1/300 [00:00<00:30,  9.88it/s]
Epoch 64/150:   7%|▋         | 21/300 [00:00<00:02, 120.07it/s]
Epoch 64/150:  15%|█▍        | 44/300 [00:00<00:01, 168.81it/s]
Epoch 64/150:  23%|██▎       | 68/300 [00:00<00:01, 185.60it/s]
Epoch 64/150:  29%|██▉       | 87/300 [00:00<00:01, 186.07it/s]
Epoch 64/150:  37%|███▋      | 111/300 [00:00<00:00, 201.31it/s]
Epoch 64/150:  44%|████▍     | 132/300 [00:00<00:00, 189.51it/s]
Epoch 64/150:  52%|█████▏    | 156/300 [00:00<00:00, 202.69it/s]
Epoch 64/150:  59%|█████▉    | 177/300 [00:00<00:00, 190.48it/s]
Epoch 64/150:  67%|██████▋   | 200/300 [00:01<00:00, 200.10it/s]
Epoch 64/150:  74%|███████▎  | 221/300 [00:01<00:00, 193.60it/s]
Epoch 64/150:  81%|████████  | 243/300 [00:01<00:00, 200.04it/s]
Epoch 64/150:  88%|████████▊ | 264/300 [00:01<00:00, 198.54it/s]
Epoch 64/150:  95%|█████████▌| 285/300 [00:01<00:00, 199.76it/s]
Epoch 64/150: 100%|██████████| 300/300 [00:01<00:00, 185.41it/s]
Applying spawner augmentation (this might take a while)...
Augmentation spawner applied successfully.
Fold 0 | Input Dim: 70 | Train: 9578, Val: 720, Test: 1347
Epoch 1, Train Loss: 0.2041, Train F1: 0.5472, Val F1: 0.6120, LR: 0.000040
✅ Model Saved (Best F1-score)
Epoch 2, Train Loss: 0.1876, Train F1: 0.6128, Val F1: 0.6376, LR: 0.000060
✅ Model Saved (Best F1-score)
Epoch 3, Train Loss: 0.1826, Train F1: 0.6340, Val F1: 0.6414, LR: 0.000080
✅ Model Saved (Best F1-score)
Epoch 4, Train Loss: 0.1785, Train F1: 0.6468, Val F1: 0.6454, LR: 0.000100
✅ Model Saved (Best F1-score)
Epoch 5, Train Loss: 0.1751, Train F1: 0.6579, Val F1: 0.6476, LR: 0.000100
✅ Model Saved (Best F1-score)
Epoch 6, Train Loss: 0.1723, Train F1: 0.6675, Val F1: 0.6598, LR: 0.000100
✅ Model Saved (Best F1-score)
Epoch 7, Train Loss: 0.1703, Train F1: 0.6743, Val F1: 0.6761, LR: 0.000100
✅ Model Saved (Best F1-score)
Epoch 8, Train Loss: 0.1681, Train F1: 0.6812, Val F1: 0.6702, LR: 0.000100
Epoch 9, Train Loss: 0.1667, Train F1: 0.6824, Val F1: 0.6575, LR: 0.000100
Epoch 10, Train Loss: 0.1647, Train F1: 0.6903, Val F1: 0.6707, LR: 0.000100
Epoch 11, Train Loss: 0.1624, Train F1: 0.6961, Val F1: 0.6714, LR: 0.000100
Epoch 12, Train Loss: 0.1611, Train F1: 0.6963, Val F1: 0.6859, LR: 0.000099
✅ Model Saved (Best F1-score)
Epoch 13, Train Loss: 0.1599, Train F1: 0.7035, Val F1: 0.6617, LR: 0.000099
Epoch 14, Train Loss: 0.1572, Train F1: 0.7071, Val F1: 0.6862, LR: 0.000099
✅ Model Saved (Best F1-score)
Epoch 15, Train Loss: 0.1563, Train F1: 0.7102, Val F1: 0.6839, LR: 0.000099
Epoch 16, Train Loss: 0.1537, Train F1: 0.7126, Val F1: 0.6626, LR: 0.000099
Epoch 17, Train Loss: 0.1531, Train F1: 0.7155, Val F1: 0.6689, LR: 0.000098
Epoch 18, Train Loss: 0.1517, Train F1: 0.7207, Val F1: 0.6502, LR: 0.000098
Epoch 19, Train Loss: 0.1496, Train F1: 0.7197, Val F1: 0.6739, LR: 0.000098
Epoch 20, Train Loss: 0.1478, Train F1: 0.7257, Val F1: 0.6631, LR: 0.000097
Epoch 21, Train Loss: 0.1471, Train F1: 0.7304, Val F1: 0.6651, LR: 0.000097
Epoch 22, Train Loss: 0.1439, Train F1: 0.7311, Val F1: 0.6522, LR: 0.000097
Epoch 23, Train Loss: 0.1432, Train F1: 0.7350, Val F1: 0.6678, LR: 0.000096
Epoch 24, Train Loss: 0.1413, Train F1: 0.7358, Val F1: 0.6760, LR: 0.000096
Epoch 25, Train Loss: 0.1397, Train F1: 0.7417, Val F1: 0.6763, LR: 0.000095
Epoch 26, Train Loss: 0.1369, Train F1: 0.7447, Val F1: 0.6641, LR: 0.000095
Epoch 27, Train Loss: 0.1359, Train F1: 0.7466, Val F1: 0.6580, LR: 0.000094
Epoch 28, Train Loss: 0.1341, Train F1: 0.7487, Val F1: 0.6639, LR: 0.000094
Epoch 29, Train Loss: 0.1321, Train F1: 0.7559, Val F1: 0.6517, LR: 0.000093
Epoch 30, Train Loss: 0.1307, Train F1: 0.7548, Val F1: 0.6618, LR: 0.000093
Epoch 31, Train Loss: 0.1280, Train F1: 0.7609, Val F1: 0.6553, LR: 0.000092
Epoch 32, Train Loss: 0.1267, Train F1: 0.7612, Val F1: 0.6718, LR: 0.000092
Epoch 33, Train Loss: 0.1248, Train F1: 0.7675, Val F1: 0.6494, LR: 0.000091
Epoch 34, Train Loss: 0.1228, Train F1: 0.7689, Val F1: 0.6545, LR: 0.000090
Epoch 35, Train Loss: 0.1207, Train F1: 0.7729, Val F1: 0.6606, LR: 0.000090
Epoch 36, Train Loss: 0.1183, Train F1: 0.7763, Val F1: 0.6553, LR: 0.000089
Epoch 37, Train Loss: 0.1162, Train F1: 0.7807, Val F1: 0.6449, LR: 0.000088
Epoch 38, Train Loss: 0.1151, Train F1: 0.7871, Val F1: 0.6633, LR: 0.000088
Epoch 39, Train Loss: 0.1129, Train F1: 0.7888, Val F1: 0.6616, LR: 0.000087
Epoch 40, Train Loss: 0.1115, Train F1: 0.7899, Val F1: 0.6515, LR: 0.000086
Epoch 41, Train Loss: 0.1101, Train F1: 0.7929, Val F1: 0.6554, LR: 0.000086
Epoch 42, Train Loss: 0.1077, Train F1: 0.7962, Val F1: 0.6502, LR: 0.000085
Epoch 43, Train Loss: 0.1043, Train F1: 0.8014, Val F1: 0.6617, LR: 0.000084
Epoch 44, Train Loss: 0.1034, Train F1: 0.8046, Val F1: 0.6550, LR: 0.000083
Epoch 45, Train Loss: 0.1023, Train F1: 0.8101, Val F1: 0.6372, LR: 0.000082
Epoch 46, Train Loss: 0.0992, Train F1: 0.8130, Val F1: 0.6543, LR: 0.000082
Epoch 47, Train Loss: 0.0980, Train F1: 0.8143, Val F1: 0.6514, LR: 0.000081
Epoch 48, Train Loss: 0.0953, Train F1: 0.8195, Val F1: 0.6370, LR: 0.000080
Epoch 49, Train Loss: 0.0948, Train F1: 0.8235, Val F1: 0.6364, LR: 0.000079
Epoch 50, Train Loss: 0.0922, Train F1: 0.8281, Val F1: 0.6441, LR: 0.000078
Epoch 51, Train Loss: 0.0915, Train F1: 0.8248, Val F1: 0.6389, LR: 0.000077
Epoch 52, Train Loss: 0.0901, Train F1: 0.8307, Val F1: 0.6402, LR: 0.000076
Epoch 53, Train Loss: 0.0869, Train F1: 0.8375, Val F1: 0.6352, LR: 0.000075
Epoch 54, Train Loss: 0.0856, Train F1: 0.8367, Val F1: 0.6551, LR: 0.000074
Epoch 55, Train Loss: 0.0840, Train F1: 0.8413, Val F1: 0.6361, LR: 0.000073
Epoch 56, Train Loss: 0.0823, Train F1: 0.8472, Val F1: 0.6485, LR: 0.000072
Epoch 57, Train Loss: 0.0801, Train F1: 0.8501, Val F1: 0.6288, LR: 0.000071
Epoch 58, Train Loss: 0.0798, Train F1: 0.8521, Val F1: 0.6374, LR: 0.000071
Epoch 59, Train Loss: 0.0776, Train F1: 0.8532, Val F1: 0.6429, LR: 0.000070
Epoch 60, Train Loss: 0.0757, Train F1: 0.8594, Val F1: 0.6553, LR: 0.000069
Epoch 61, Train Loss: 0.0752, Train F1: 0.8595, Val F1: 0.6458, LR: 0.000067
Epoch 62, Train Loss: 0.0720, Train F1: 0.8675, Val F1: 0.6586, LR: 0.000066
Epoch 63, Train Loss: 0.0713, Train F1: 0.8669, Val F1: 0.6437, LR: 0.000065
Epoch 64, Train Loss: 0.0710, Train F1: 0.8667, Val F1: 0.6447, LR: 0.000064
⏹️ Early Stopping Triggered
Fold 0 Test F1: 0.6770, Accuracy: 0.4039, cost 1.3342236445935992e-05 sec

✅ F1 scores from each Fold:
Fold 0: Macro F1 = 0.6770, Accuracy: 0.4039, cost time = 0.000013 sec
  - Correct: F1 = 0.5434
  - Far from the shins: F1 = 0.6614
  - Hips rise first: F1 = 0.7285
  - Collide with the knees: F1 = 0.6522
  - Lower back rounding: F1 = 0.6661

📊 Average F1 Score: 0.6770 ± 0.0000
  Average F1 Score per Class:
  - Correct: 0.5434 ± 0.0000
  - Far from the shins: 0.6614 ± 0.0000
  - Hips rise first: 0.7285 ± 0.0000
  - Collide with the knees: 0.6522 ± 0.0000
  - Lower back rounding: 0.6661 ± 0.0000
🏆 Best F1: 0.6770 from Fold 0
📁 Best model saved at: ./models/deadlift/TST_Deadlift_3D/phase4.8_test_heads8_spawner/PatchTST_model_fold0.pth

✅ 寫入完成：./models/deadlift/TST_Deadlift_3D/phase4.8_test_heads8_spawner/results_summary.txt

  0%|          | 0/4789 [00:00<?, ?it/s]
  2%|▏         | 81/4789 [00:00<00:05, 804.96it/s]
  3%|▎         | 165/4789 [00:00<00:05, 822.50it/s]
  5%|▌         | 248/4789 [00:00<00:05, 811.22it/s]
  7%|▋         | 332/4789 [00:00<00:05, 821.63it/s]
  9%|▊         | 415/4789 [00:00<00:05, 817.45it/s]
 10%|█         | 499/4789 [00:00<00:05, 823.22it/s]
 12%|█▏        | 582/4789 [00:00<00:05, 820.02it/s]
 14%|█▍        | 665/4789 [00:00<00:05, 820.86it/s]
 16%|█▌        | 748/4789 [00:00<00:04, 822.55it/s]
 17%|█▋        | 831/4789 [00:01<00:04, 817.36it/s]
 19%|█▉        | 914/4789 [00:01<00:04, 819.74it/s]
 21%|██        | 996/4789 [00:01<00:04, 812.25it/s]
 23%|██▎       | 1080/4789 [00:01<00:04, 819.14it/s]
 24%|██▍       | 1162/4789 [00:01<00:04, 813.16it/s]
 26%|██▌       | 1245/4789 [00:01<00:04, 816.79it/s]
 28%|██▊       | 1327/4789 [00:01<00:04, 810.52it/s]
 29%|██▉       | 1410/4789 [00:01<00:04, 815.22it/s]
 31%|███       | 1492/4789 [00:01<00:04, 815.71it/s]
 33%|███▎      | 1574/4789 [00:01<00:03, 816.96it/s]
 35%|███▍      | 1657/4789 [00:02<00:03, 820.82it/s]
 36%|███▋      | 1740/4789 [00:02<00:03, 815.39it/s]
 38%|███▊      | 1824/4789 [00:02<00:03, 821.57it/s]
 40%|███▉      | 1907/4789 [00:02<00:03, 816.99it/s]
 42%|████▏     | 1991/4789 [00:02<00:03, 823.13it/s]
 43%|████▎     | 2074/4789 [00:02<00:03, 818.70it/s]
 45%|████▌     | 2157/4789 [00:02<00:03, 821.07it/s]
 47%|████▋     | 2240/4789 [00:02<00:03, 819.58it/s]
 48%|████▊     | 2322/4789 [00:02<00:03, 819.51it/s]
 50%|█████     | 2404/4789 [00:02<00:02, 819.31it/s]
 52%|█████▏    | 2486/4789 [00:03<00:02, 814.90it/s]
 54%|█████▎    | 2568/4789 [00:03<00:02, 811.83it/s]
 55%|█████▌    | 2650/4789 [00:03<00:02, 807.88it/s]
 57%|█████▋    | 2731/4789 [00:03<00:02, 808.27it/s]
 59%|█████▊    | 2812/4789 [00:03<00:02, 805.47it/s]
 60%|██████    | 2893/4789 [00:03<00:02, 806.35it/s]
 62%|██████▏   | 2974/4789 [00:03<00:02, 804.26it/s]
 64%|██████▍   | 3055/4789 [00:03<00:02, 803.49it/s]
 65%|██████▌   | 3136/4789 [00:03<00:02, 803.99it/s]
 67%|██████▋   | 3218/4789 [00:03<00:01, 806.98it/s]
 69%|██████▉   | 3302/4789 [00:04<00:01, 814.81it/s]
 71%|███████   | 3384/4789 [00:04<00:01, 812.43it/s]
 72%|███████▏  | 3468/4789 [00:04<00:01, 818.95it/s]
 74%|███████▍  | 3550/4789 [00:04<00:01, 813.51it/s]
 76%|███████▌  | 3634/4789 [00:04<00:01, 819.38it/s]
 78%|███████▊  | 3716/4789 [00:04<00:01, 814.88it/s]
 79%|███████▉  | 3798/4789 [00:04<00:01, 812.08it/s]
 81%|████████  | 3880/4789 [00:04<00:01, 808.98it/s]
 83%|████████▎ | 3964/4789 [00:04<00:01, 815.36it/s]
 84%|████████▍ | 4046/4789 [00:04<00:00, 816.12it/s]
 86%|████████▌ | 4129/4789 [00:05<00:00, 817.68it/s]
 88%|████████▊ | 4211/4789 [00:05<00:00, 813.99it/s]
 90%|████████▉ | 4293/4789 [00:05<00:00, 809.15it/s]
 91%|█████████▏| 4374/4789 [00:05<00:00, 806.94it/s]
 93%|█████████▎| 4455/4789 [00:05<00:00, 803.71it/s]
 95%|█████████▍| 4536/4789 [00:05<00:00, 803.32it/s]
 96%|█████████▋| 4617/4789 [00:05<00:00, 801.01it/s]
 98%|█████████▊| 4698/4789 [00:05<00:00, 803.04it/s]
100%|█████████▉| 4779/4789 [00:05<00:00, 800.72it/s]
100%|██████████| 4789/4789 [00:05<00:00, 813.11it/s]

Epoch 1/150:   0%|          | 0/300 [00:00<?, ?it/s]
Epoch 1/150:   0%|          | 1/300 [00:00<02:21,  2.11it/s]
Epoch 1/150:   8%|▊         | 25/300 [00:00<00:04, 56.82it/s]
Epoch 1/150:  15%|█▌        | 46/300 [00:00<00:02, 93.54it/s]
Epoch 1/150:  22%|██▏       | 67/300 [00:00<00:01, 123.17it/s]
Epoch 1/150:  31%|███       | 93/300 [00:00<00:01, 159.82it/s]
Epoch 1/150:  38%|███▊      | 114/300 [00:01<00:01, 165.58it/s]
Epoch 1/150:  47%|████▋     | 142/300 [00:01<00:00, 196.17it/s]
Epoch 1/150:  55%|█████▌    | 165/300 [00:01<00:00, 190.69it/s]
Epoch 1/150:  64%|██████▍   | 192/300 [00:01<00:00, 210.92it/s]
Epoch 1/150:  72%|███████▏  | 215/300 [00:01<00:00, 203.99it/s]
Epoch 1/150:  80%|████████  | 240/300 [00:01<00:00, 215.34it/s]
Epoch 1/150:  88%|████████▊ | 263/300 [00:01<00:00, 208.55it/s]
Epoch 1/150:  96%|█████████▌| 288/300 [00:01<00:00, 219.30it/s]
Epoch 1/150: 100%|██████████| 300/300 [00:01<00:00, 160.79it/s]

Epoch 2/150:   0%|          | 0/300 [00:00<?, ?it/s]
Epoch 2/150:   0%|          | 1/300 [00:00<00:32,  9.13it/s]
Epoch 2/150:   9%|▊         | 26/300 [00:00<00:01, 143.00it/s]
Epoch 2/150:  15%|█▌        | 45/300 [00:00<00:01, 159.11it/s]
Epoch 2/150:  24%|██▍       | 72/300 [00:00<00:01, 200.13it/s]
Epoch 2/150:  31%|███       | 93/300 [00:00<00:01, 197.08it/s]
Epoch 2/150:  39%|███▉      | 118/300 [00:00<00:00, 213.99it/s]
Epoch 2/150:  47%|████▋     | 140/300 [00:00<00:00, 208.15it/s]
Epoch 2/150:  54%|█████▍    | 163/300 [00:00<00:00, 213.78it/s]
Epoch 2/150:  62%|██████▏   | 185/300 [00:00<00:00, 214.12it/s]
Epoch 2/150:  69%|██████▉   | 207/300 [00:01<00:00, 209.56it/s]
Epoch 2/150:  78%|███████▊  | 233/300 [00:01<00:00, 220.21it/s]
Epoch 2/150:  85%|████████▌ | 256/300 [00:01<00:00, 210.26it/s]
Epoch 2/150:  94%|█████████▍| 283/300 [00:01<00:00, 225.00it/s]
Epoch 2/150: 100%|██████████| 300/300 [00:01<00:00, 195.81it/s]

Epoch 3/150:   0%|          | 0/300 [00:00<?, ?it/s]
Epoch 3/150:   0%|          | 1/300 [00:00<00:35,  8.45it/s]
Epoch 3/150:   9%|▊         | 26/300 [00:00<00:01, 138.56it/s]
Epoch 3/150:  18%|█▊        | 53/300 [00:00<00:01, 187.81it/s]
Epoch 3/150:  24%|██▍       | 73/300 [00:00<00:01, 185.88it/s]
Epoch 3/150:  33%|███▎      | 100/300 [00:00<00:00, 211.66it/s]
Epoch 3/150:  41%|████      | 122/300 [00:00<00:00, 201.52it/s]
Epoch 3/150:  50%|████▉     | 149/300 [00:00<00:00, 221.91it/s]
Epoch 3/150:  57%|█████▋    | 172/300 [00:00<00:00, 206.07it/s]
Epoch 3/150:  66%|██████▌   | 198/300 [00:00<00:00, 219.40it/s]
Epoch 3/150:  74%|███████▎  | 221/300 [00:01<00:00, 208.98it/s]
Epoch 3/150:  82%|████████▏ | 245/300 [00:01<00:00, 217.55it/s]
Epoch 3/150:  89%|████████▉ | 268/300 [00:01<00:00, 210.35it/s]
Epoch 3/150:  97%|█████████▋| 292/300 [00:01<00:00, 217.75it/s]
Epoch 3/150: 100%|██████████| 300/300 [00:01<00:00, 197.77it/s]

Epoch 4/150:   0%|          | 0/300 [00:00<?, ?it/s]
Epoch 4/150:   0%|          | 1/300 [00:00<00:33,  8.85it/s]
Epoch 4/150:   9%|▊         | 26/300 [00:00<00:01, 143.14it/s]
Epoch 4/150:  15%|█▌        | 46/300 [00:00<00:01, 166.15it/s]
Epoch 4/150:  25%|██▍       | 74/300 [00:00<00:01, 208.01it/s]
Epoch 4/150:  32%|███▏      | 96/300 [00:00<00:01, 201.13it/s]
Epoch 4/150:  41%|████      | 122/300 [00:00<00:00, 219.98it/s]
Epoch 4/150:  48%|████▊     | 145/300 [00:00<00:00, 211.65it/s]
Epoch 4/150:  56%|█████▋    | 169/300 [00:00<00:00, 219.48it/s]
Epoch 4/150:  64%|██████▍   | 192/300 [00:00<00:00, 216.97it/s]
Epoch 4/150:  71%|███████▏  | 214/300 [00:01<00:00, 216.50it/s]
Epoch 4/150:  80%|████████  | 240/300 [00:01<00:00, 225.34it/s]
Epoch 4/150:  88%|████████▊ | 263/300 [00:01<00:00, 216.20it/s]
Epoch 4/150:  97%|█████████▋| 290/300 [00:01<00:00, 230.07it/s]
Epoch 4/150: 100%|██████████| 300/300 [00:01<00:00, 199.64it/s]

Epoch 5/150:   0%|          | 0/300 [00:00<?, ?it/s]
Epoch 5/150:   0%|          | 1/300 [00:00<00:33,  9.04it/s]
Epoch 5/150:   7%|▋         | 22/300 [00:00<00:02, 121.35it/s]
Epoch 5/150:  16%|█▋        | 49/300 [00:00<00:01, 187.26it/s]
Epoch 5/150:  23%|██▎       | 69/300 [00:00<00:01, 187.23it/s]
Epoch 5/150:  31%|███▏      | 94/300 [00:00<00:00, 207.01it/s]
Epoch 5/150:  38%|███▊      | 115/300 [00:00<00:00, 205.52it/s]
Epoch 5/150:  46%|████▌     | 137/300 [00:00<00:00, 210.11it/s]
Epoch 5/150:  54%|█████▍    | 162/300 [00:00<00:00, 221.58it/s]
Epoch 5/150:  62%|██████▏   | 185/300 [00:00<00:00, 213.52it/s]
Epoch 5/150:  71%|███████   | 212/300 [00:01<00:00, 229.27it/s]
Epoch 5/150:  79%|███████▊  | 236/300 [00:01<00:00, 212.29it/s]
Epoch 5/150:  88%|████████▊ | 263/300 [00:01<00:00, 227.48it/s]
Epoch 5/150:  96%|█████████▌| 287/300 [00:01<00:00, 215.21it/s]
Epoch 5/150: 100%|██████████| 300/300 [00:01<00:00, 199.28it/s]

Epoch 6/150:   0%|          | 0/300 [00:00<?, ?it/s]
Epoch 6/150:   0%|          | 1/300 [00:00<00:35,  8.34it/s]
Epoch 6/150:   9%|▉         | 27/300 [00:00<00:01, 143.61it/s]
Epoch 6/150:  16%|█▌        | 48/300 [00:00<00:01, 169.43it/s]
Epoch 6/150:  23%|██▎       | 70/300 [00:00<00:01, 188.43it/s]
Epoch 6/150:  32%|███▏      | 95/300 [00:00<00:00, 208.94it/s]
Epoch 6/150:  39%|███▉      | 117/300 [00:00<00:00, 200.87it/s]
Epoch 6/150:  48%|████▊     | 144/300 [00:00<00:00, 220.61it/s]
Epoch 6/150:  56%|█████▌    | 167/300 [00:00<00:00, 207.63it/s]
Epoch 6/150:  65%|██████▍   | 194/300 [00:00<00:00, 223.69it/s]
Epoch 6/150:  72%|███████▏  | 217/300 [00:01<00:00, 212.16it/s]
Epoch 6/150:  81%|████████  | 242/300 [00:01<00:00, 222.10it/s]
Epoch 6/150:  88%|████████▊ | 265/300 [00:01<00:00, 208.58it/s]
Epoch 6/150:  97%|█████████▋| 290/300 [00:01<00:00, 219.47it/s]
Epoch 6/150: 100%|██████████| 300/300 [00:01<00:00, 198.50it/s]

Epoch 7/150:   0%|          | 0/300 [00:00<?, ?it/s]
Epoch 7/150:   0%|          | 1/300 [00:00<00:32,  9.27it/s]
Epoch 7/150:   8%|▊         | 25/300 [00:00<00:01, 139.79it/s]
Epoch 7/150:  15%|█▍        | 44/300 [00:00<00:01, 158.97it/s]
Epoch 7/150:  24%|██▍       | 72/300 [00:00<00:01, 203.38it/s]
Epoch 7/150:  31%|███       | 93/300 [00:00<00:01, 198.45it/s]
Epoch 7/150:  40%|████      | 120/300 [00:00<00:00, 219.77it/s]
Epoch 7/150:  48%|████▊     | 143/300 [00:00<00:00, 210.87it/s]
Epoch 7/150:  56%|█████▌    | 168/300 [00:00<00:00, 221.24it/s]
Epoch 7/150:  64%|██████▎   | 191/300 [00:00<00:00, 216.80it/s]
Epoch 7/150:  72%|███████▏  | 215/300 [00:01<00:00, 221.35it/s]
Epoch 7/150:  80%|████████  | 240/300 [00:01<00:00, 222.61it/s]
Epoch 7/150:  88%|████████▊ | 263/300 [00:01<00:00, 221.43it/s]
Epoch 7/150:  97%|█████████▋| 290/300 [00:01<00:00, 232.69it/s]
Epoch 7/150: 100%|██████████| 300/300 [00:01<00:00, 201.98it/s]

Epoch 8/150:   0%|          | 0/300 [00:00<?, ?it/s]
Epoch 8/150:   0%|          | 1/300 [00:00<00:34,  8.55it/s]
Epoch 8/150:   7%|▋         | 21/300 [00:00<00:02, 113.50it/s]
Epoch 8/150:  16%|█▋        | 49/300 [00:00<00:01, 185.95it/s]
Epoch 8/150:  23%|██▎       | 69/300 [00:00<00:01, 185.06it/s]
Epoch 8/150:  31%|███▏      | 94/300 [00:00<00:00, 206.45it/s]
Epoch 8/150:  38%|███▊      | 115/300 [00:00<00:00, 205.44it/s]
Epoch 8/150:  46%|████▌     | 137/300 [00:00<00:00, 208.31it/s]
Epoch 8/150:  54%|█████▍    | 162/300 [00:00<00:00, 221.09it/s]
Epoch 8/150:  62%|██████▏   | 185/300 [00:00<00:00, 210.29it/s]
Epoch 8/150:  70%|███████   | 211/300 [00:01<00:00, 221.83it/s]
Epoch 8/150:  78%|███████▊  | 234/300 [00:01<00:00, 211.35it/s]
Epoch 8/150:  87%|████████▋ | 261/300 [00:01<00:00, 226.53it/s]
Epoch 8/150:  95%|█████████▍| 284/300 [00:01<00:00, 214.44it/s]
Epoch 8/150: 100%|██████████| 300/300 [00:01<00:00, 196.60it/s]

Epoch 9/150:   0%|          | 0/300 [00:00<?, ?it/s]
Epoch 9/150:   0%|          | 1/300 [00:00<00:33,  9.04it/s]
Epoch 9/150:   9%|▊         | 26/300 [00:00<00:01, 143.32it/s]
Epoch 9/150:  16%|█▌        | 48/300 [00:00<00:01, 174.76it/s]
Epoch 9/150:  23%|██▎       | 70/300 [00:00<00:01, 191.86it/s]
Epoch 9/150:  32%|███▏      | 97/300 [00:00<00:00, 216.84it/s]
Epoch 9/150:  40%|███▉      | 119/300 [00:00<00:00, 204.49it/s]
Epoch 9/150:  48%|████▊     | 145/300 [00:00<00:00, 220.93it/s]
Epoch 9/150:  56%|█████▌    | 168/300 [00:00<00:00, 210.57it/s]
Epoch 9/150:  65%|██████▍   | 194/300 [00:00<00:00, 222.56it/s]
Epoch 9/150:  72%|███████▏  | 217/300 [00:01<00:00, 213.40it/s]
Epoch 9/150:  81%|████████  | 243/300 [00:01<00:00, 225.76it/s]
Epoch 9/150:  89%|████████▊ | 266/300 [00:01<00:00, 219.07it/s]
Epoch 9/150:  97%|█████████▋| 292/300 [00:01<00:00, 229.17it/s]
Epoch 9/150: 100%|██████████| 300/300 [00:01<00:00, 185.39it/s]

Epoch 10/150:   0%|          | 0/300 [00:00<?, ?it/s]
Epoch 10/150:   0%|          | 1/300 [00:00<00:34,  8.69it/s]
Epoch 10/150:   8%|▊         | 25/300 [00:00<00:02, 134.31it/s]
Epoch 10/150:  16%|█▋        | 49/300 [00:00<00:01, 173.93it/s]
Epoch 10/150:  24%|██▎       | 71/300 [00:00<00:01, 189.85it/s]
Epoch 10/150:  33%|███▎      | 98/300 [00:00<00:00, 215.26it/s]
Epoch 10/150:  40%|████      | 120/300 [00:00<00:00, 204.61it/s]
Epoch 10/150:  49%|████▉     | 147/300 [00:00<00:00, 222.61it/s]
Epoch 10/150:  57%|█████▋    | 170/300 [00:00<00:00, 207.99it/s]
Epoch 10/150:  66%|██████▌   | 198/300 [00:00<00:00, 227.42it/s]
Epoch 10/150:  74%|███████▍  | 222/300 [00:01<00:00, 217.79it/s]
Epoch 10/150:  82%|████████▏ | 247/300 [00:01<00:00, 225.70it/s]
Epoch 10/150:  90%|█████████ | 270/300 [00:01<00:00, 215.36it/s]
Epoch 10/150:  98%|█████████▊| 295/300 [00:01<00:00, 224.14it/s]
Epoch 10/150: 100%|██████████| 300/300 [00:01<00:00, 201.13it/s]

Epoch 11/150:   0%|          | 0/300 [00:00<?, ?it/s]
Epoch 11/150:   0%|          | 1/300 [00:00<00:32,  9.11it/s]
Epoch 11/150:   9%|▉         | 28/300 [00:00<00:01, 154.64it/s]
Epoch 11/150:  16%|█▌        | 48/300 [00:00<00:01, 170.90it/s]
Epoch 11/150:  25%|██▍       | 74/300 [00:00<00:01, 202.40it/s]
Epoch 11/150:  32%|███▏      | 95/300 [00:00<00:01, 202.29it/s]
Epoch 11/150:  39%|███▉      | 118/300 [00:00<00:00, 209.77it/s]
Epoch 11/150:  47%|████▋     | 141/300 [00:00<00:00, 213.20it/s]
Epoch 11/150:  54%|█████▍    | 163/300 [00:00<00:00, 212.26it/s]
Epoch 11/150:  64%|██████▎   | 191/300 [00:00<00:00, 230.44it/s]
Epoch 11/150:  72%|███████▏  | 215/300 [00:01<00:00, 215.05it/s]
Epoch 11/150:  81%|████████  | 243/300 [00:01<00:00, 231.13it/s]
Epoch 11/150:  89%|████████▉ | 267/300 [00:01<00:00, 220.43it/s]
Epoch 11/150:  98%|█████████▊| 293/300 [00:01<00:00, 230.39it/s]
Epoch 11/150: 100%|██████████| 300/300 [00:01<00:00, 204.82it/s]

Epoch 12/150:   0%|          | 0/300 [00:00<?, ?it/s]
Epoch 12/150:   0%|          | 1/300 [00:00<00:32,  9.15it/s]
Epoch 12/150:   9%|▊         | 26/300 [00:00<00:01, 139.87it/s]
Epoch 12/150:  15%|█▌        | 45/300 [00:00<00:01, 160.18it/s]
Epoch 12/150:  24%|██▍       | 72/300 [00:00<00:01, 199.88it/s]
Epoch 12/150:  31%|███       | 93/300 [00:00<00:01, 195.88it/s]
Epoch 12/150:  39%|███▉      | 118/300 [00:00<00:00, 211.87it/s]
Epoch 12/150:  47%|████▋     | 140/300 [00:00<00:00, 202.86it/s]
Epoch 12/150:  54%|█████▍    | 163/300 [00:00<00:00, 210.09it/s]
Epoch 12/150:  62%|██████▏   | 185/300 [00:00<00:00, 204.87it/s]
Epoch 12/150:  70%|██████▉   | 209/300 [00:01<00:00, 214.48it/s]
Epoch 12/150:  77%|███████▋  | 231/300 [00:01<00:00, 215.95it/s]
Epoch 12/150:  84%|████████▍ | 253/300 [00:01<00:00, 214.97it/s]
Epoch 12/150:  93%|█████████▎| 280/300 [00:01<00:00, 229.15it/s]
Epoch 12/150: 100%|██████████| 300/300 [00:01<00:00, 197.75it/s]

Epoch 13/150:   0%|          | 0/300 [00:00<?, ?it/s]
Epoch 13/150:   0%|          | 1/300 [00:00<00:38,  7.75it/s]
Epoch 13/150:   8%|▊         | 23/300 [00:00<00:02, 117.86it/s]
Epoch 13/150:  17%|█▋        | 52/300 [00:00<00:01, 188.04it/s]
Epoch 13/150:  24%|██▍       | 72/300 [00:00<00:01, 186.70it/s]
Epoch 13/150:  33%|███▎      | 98/300 [00:00<00:00, 209.94it/s]
Epoch 13/150:  40%|████      | 120/300 [00:00<00:00, 204.09it/s]
Epoch 13/150:  48%|████▊     | 145/300 [00:00<00:00, 216.75it/s]
Epoch 13/150:  56%|█████▌    | 167/300 [00:00<00:00, 211.67it/s]
Epoch 13/150:  63%|██████▎   | 190/300 [00:00<00:00, 215.70it/s]
Epoch 13/150:  71%|███████▏  | 214/300 [00:01<00:00, 222.73it/s]
Epoch 13/150:  79%|███████▉  | 237/300 [00:01<00:00, 212.86it/s]
Epoch 13/150:  88%|████████▊ | 263/300 [00:01<00:00, 226.17it/s]
Epoch 13/150:  95%|█████████▌| 286/300 [00:01<00:00, 213.09it/s]
Epoch 13/150: 100%|██████████| 300/300 [00:01<00:00, 197.92it/s]

Epoch 14/150:   0%|          | 0/300 [00:00<?, ?it/s]
Epoch 14/150:   0%|          | 1/300 [00:00<00:32,  9.08it/s]
Epoch 14/150:   9%|▉         | 28/300 [00:00<00:01, 154.98it/s]
Epoch 14/150:  16%|█▌        | 48/300 [00:00<00:01, 174.72it/s]
Epoch 14/150:  24%|██▎       | 71/300 [00:00<00:01, 194.52it/s]
Epoch 14/150:  32%|███▏      | 96/300 [00:00<00:00, 212.65it/s]
Epoch 14/150:  39%|███▉      | 118/300 [00:00<00:00, 204.71it/s]
Epoch 14/150:  49%|████▊     | 146/300 [00:00<00:00, 226.02it/s]
Epoch 14/150:  56%|█████▋    | 169/300 [00:00<00:00, 206.98it/s]
Epoch 14/150:  65%|██████▌   | 196/300 [00:00<00:00, 224.07it/s]
Epoch 14/150:  73%|███████▎  | 219/300 [00:01<00:00, 212.22it/s]
Epoch 14/150:  82%|████████▏ | 246/300 [00:01<00:00, 226.63it/s]
Epoch 14/150:  90%|█████████ | 270/300 [00:01<00:00, 212.29it/s]
Epoch 14/150:  99%|█████████▉| 297/300 [00:01<00:00, 227.07it/s]
Epoch 14/150: 100%|██████████| 300/300 [00:01<00:00, 201.18it/s]

Epoch 15/150:   0%|          | 0/300 [00:00<?, ?it/s]
Epoch 15/150:   0%|          | 1/300 [00:00<00:33,  9.00it/s]
Epoch 15/150:   8%|▊         | 25/300 [00:00<00:02, 131.02it/s]
Epoch 15/150:  16%|█▌        | 47/300 [00:00<00:01, 169.10it/s]
Epoch 15/150:  25%|██▍       | 74/300 [00:00<00:01, 201.41it/s]
Epoch 15/150:  32%|███▏      | 95/300 [00:00<00:01, 199.08it/s]
Epoch 15/150:  41%|████      | 123/300 [00:00<00:00, 223.56it/s]
Epoch 15/150:  49%|████▊     | 146/300 [00:00<00:00, 212.76it/s]
Epoch 15/150:  57%|█████▋    | 171/300 [00:00<00:00, 222.88it/s]
Epoch 15/150:  65%|██████▍   | 194/300 [00:00<00:00, 215.64it/s]
Epoch 15/150:  72%|███████▏  | 217/300 [00:01<00:00, 219.39it/s]
Epoch 15/150:  81%|████████  | 242/300 [00:01<00:00, 220.71it/s]
Epoch 15/150:  88%|████████▊ | 265/300 [00:01<00:00, 220.02it/s]
Epoch 15/150:  97%|█████████▋| 292/300 [00:01<00:00, 232.23it/s]
Epoch 15/150: 100%|██████████| 300/300 [00:01<00:00, 200.54it/s]

Epoch 16/150:   0%|          | 0/300 [00:00<?, ?it/s]
Epoch 16/150:   0%|          | 1/300 [00:00<00:33,  9.06it/s]
Epoch 16/150:   7%|▋         | 21/300 [00:00<00:02, 115.74it/s]
Epoch 16/150:  16%|█▌        | 47/300 [00:00<00:01, 177.21it/s]
Epoch 16/150:  22%|██▏       | 67/300 [00:00<00:01, 183.04it/s]
Epoch 16/150:  30%|███       | 91/300 [00:00<00:01, 201.98it/s]
Epoch 16/150:  38%|███▊      | 115/300 [00:00<00:00, 214.56it/s]
Epoch 16/150:  46%|████▌     | 137/300 [00:00<00:00, 204.11it/s]
Epoch 16/150:  54%|█████▍    | 163/300 [00:00<00:00, 219.46it/s]
Epoch 16/150:  62%|██████▏   | 186/300 [00:00<00:00, 205.41it/s]
Epoch 16/150:  71%|███████   | 213/300 [00:01<00:00, 221.25it/s]
Epoch 16/150:  79%|███████▊  | 236/300 [00:01<00:00, 208.02it/s]
Epoch 16/150:  87%|████████▋ | 262/300 [00:01<00:00, 220.89it/s]
Epoch 16/150:  95%|█████████▌| 285/300 [00:01<00:00, 208.69it/s]
Epoch 16/150: 100%|██████████| 300/300 [00:01<00:00, 195.83it/s]

Epoch 17/150:   0%|          | 0/300 [00:00<?, ?it/s]
Epoch 17/150:   0%|          | 1/300 [00:00<00:35,  8.42it/s]
Epoch 17/150:   9%|▉         | 27/300 [00:00<00:01, 143.20it/s]
Epoch 17/150:  16%|█▌        | 47/300 [00:00<00:01, 165.50it/s]
Epoch 17/150:  23%|██▎       | 70/300 [00:00<00:01, 188.30it/s]
Epoch 17/150:  31%|███▏      | 94/300 [00:00<00:01, 197.79it/s]
Epoch 17/150:  38%|███▊      | 115/300 [00:00<00:00, 201.36it/s]
Epoch 17/150:  47%|████▋     | 142/300 [00:00<00:00, 221.91it/s]
Epoch 17/150:  55%|█████▌    | 165/300 [00:00<00:00, 209.26it/s]
Epoch 17/150:  64%|██████▎   | 191/300 [00:00<00:00, 222.37it/s]
Epoch 17/150:  71%|███████▏  | 214/300 [00:01<00:00, 213.54it/s]
Epoch 17/150:  80%|████████  | 241/300 [00:01<00:00, 228.50it/s]
Epoch 17/150:  88%|████████▊ | 265/300 [00:01<00:00, 222.35it/s]
Epoch 17/150:  96%|█████████▌| 288/300 [00:01<00:00, 224.44it/s]
Epoch 17/150: 100%|██████████| 300/300 [00:01<00:00, 200.92it/s]

Epoch 18/150:   0%|          | 0/300 [00:00<?, ?it/s]
Epoch 18/150:   0%|          | 1/300 [00:00<00:34,  8.60it/s]
Epoch 18/150:  10%|▉         | 29/300 [00:00<00:01, 154.48it/s]
Epoch 18/150:  16%|█▋        | 49/300 [00:00<00:01, 171.85it/s]
Epoch 18/150:  25%|██▍       | 74/300 [00:00<00:01, 200.92it/s]
Epoch 18/150:  32%|███▏      | 96/300 [00:00<00:00, 204.28it/s]
Epoch 18/150:  40%|███▉      | 119/300 [00:00<00:00, 210.50it/s]
Epoch 18/150:  48%|████▊     | 144/300 [00:00<00:00, 222.58it/s]
Epoch 18/150:  56%|█████▌    | 167/300 [00:00<00:00, 216.35it/s]
Epoch 18/150:  65%|██████▍   | 194/300 [00:00<00:00, 231.11it/s]
Epoch 18/150:  73%|███████▎  | 218/300 [00:01<00:00, 214.46it/s]
Epoch 18/150:  82%|████████▏ | 245/300 [00:01<00:00, 229.72it/s]
Epoch 18/150:  90%|████████▉ | 269/300 [00:01<00:00, 217.56it/s]
Epoch 18/150:  98%|█████████▊| 295/300 [00:01<00:00, 227.69it/s]
Epoch 18/150: 100%|██████████| 300/300 [00:01<00:00, 203.20it/s]

Epoch 19/150:   0%|          | 0/300 [00:00<?, ?it/s]
Epoch 19/150:   0%|          | 1/300 [00:00<00:32,  9.08it/s]
Epoch 19/150:   9%|▊         | 26/300 [00:00<00:01, 143.15it/s]
Epoch 19/150:  15%|█▌        | 45/300 [00:00<00:01, 159.99it/s]
Epoch 19/150:  24%|██▍       | 72/300 [00:00<00:01, 201.76it/s]
Epoch 19/150:  31%|███       | 93/300 [00:00<00:01, 196.72it/s]
Epoch 19/150:  39%|███▉      | 118/300 [00:00<00:00, 213.07it/s]
Epoch 19/150:  47%|████▋     | 140/300 [00:00<00:00, 207.64it/s]
Epoch 19/150:  55%|█████▍    | 164/300 [00:00<00:00, 216.88it/s]
Epoch 19/150:  63%|██████▎   | 188/300 [00:00<00:00, 220.26it/s]
Epoch 19/150:  70%|███████   | 211/300 [00:01<00:00, 219.02it/s]
Epoch 19/150:  79%|███████▊  | 236/300 [00:01<00:00, 224.63it/s]
Epoch 19/150:  86%|████████▋ | 259/300 [00:01<00:00, 213.79it/s]
Epoch 19/150:  95%|█████████▌| 286/300 [00:01<00:00, 227.77it/s]
Epoch 19/150: 100%|██████████| 300/300 [00:01<00:00, 199.53it/s]

Epoch 20/150:   0%|          | 0/300 [00:00<?, ?it/s]
Epoch 20/150:   0%|          | 1/300 [00:00<00:35,  8.50it/s]
Epoch 20/150:   7%|▋         | 22/300 [00:00<00:02, 116.77it/s]
Epoch 20/150:  16%|█▋        | 49/300 [00:00<00:01, 182.62it/s]
Epoch 20/150:  23%|██▎       | 69/300 [00:00<00:01, 188.00it/s]
Epoch 20/150:  31%|███▏      | 94/300 [00:00<00:00, 208.18it/s]
Epoch 20/150:  39%|███▊      | 116/300 [00:00<00:00, 208.50it/s]
Epoch 20/150:  46%|████▌     | 138/300 [00:00<00:00, 210.61it/s]
Epoch 20/150:  54%|█████▍    | 163/300 [00:00<00:00, 221.79it/s]
Epoch 20/150:  62%|██████▏   | 186/300 [00:00<00:00, 216.91it/s]
Epoch 20/150:  71%|███████   | 213/300 [00:01<00:00, 230.88it/s]
Epoch 20/150:  79%|███████▉  | 237/300 [00:01<00:00, 216.55it/s]
Epoch 20/150:  88%|████████▊ | 264/300 [00:01<00:00, 230.63it/s]
Epoch 20/150:  96%|█████████▌| 288/300 [00:01<00:00, 219.10it/s]
Epoch 20/150: 100%|██████████| 300/300 [00:01<00:00, 199.85it/s]

Epoch 21/150:   0%|          | 0/300 [00:00<?, ?it/s]
Epoch 21/150:   0%|          | 1/300 [00:00<00:34,  8.61it/s]
Epoch 21/150:   9%|▊         | 26/300 [00:00<00:01, 141.32it/s]
Epoch 21/150:  15%|█▌        | 46/300 [00:00<00:01, 167.01it/s]
Epoch 21/150:  22%|██▏       | 67/300 [00:00<00:01, 181.04it/s]
Epoch 21/150:  30%|███       | 91/300 [00:00<00:01, 201.19it/s]
Epoch 21/150:  37%|███▋      | 112/300 [00:00<00:00, 195.72it/s]
Epoch 21/150:  46%|████▋     | 139/300 [00:00<00:00, 217.82it/s]
Epoch 21/150:  54%|█████▎    | 161/300 [00:00<00:00, 208.68it/s]
Epoch 21/150:  62%|██████▏   | 187/300 [00:00<00:00, 222.61it/s]
Epoch 21/150:  70%|███████   | 210/300 [00:01<00:00, 214.07it/s]
Epoch 21/150:  78%|███████▊  | 234/300 [00:01<00:00, 219.86it/s]
Epoch 21/150:  86%|████████▌ | 257/300 [00:01<00:00, 216.05it/s]
Epoch 21/150:  93%|█████████▎| 279/300 [00:01<00:00, 214.03it/s]
Epoch 21/150: 100%|██████████| 300/300 [00:01<00:00, 197.66it/s]

Epoch 22/150:   0%|          | 0/300 [00:00<?, ?it/s]
Epoch 22/150:   0%|          | 1/300 [00:00<00:32,  9.15it/s]
Epoch 22/150:   9%|▉         | 27/300 [00:00<00:01, 145.55it/s]
Epoch 22/150:  15%|█▌        | 45/300 [00:00<00:01, 157.70it/s]
Epoch 22/150:  24%|██▍       | 73/300 [00:00<00:01, 202.40it/s]
Epoch 22/150:  31%|███▏      | 94/300 [00:00<00:01, 192.97it/s]
Epoch 22/150:  40%|████      | 120/300 [00:00<00:00, 212.22it/s]
Epoch 22/150:  47%|████▋     | 142/300 [00:00<00:00, 207.13it/s]
Epoch 22/150:  55%|█████▌    | 165/300 [00:00<00:00, 212.52it/s]
Epoch 22/150:  62%|██████▏   | 187/300 [00:00<00:00, 210.44it/s]
Epoch 22/150:  70%|██████▉   | 209/300 [00:01<00:00, 209.75it/s]
Epoch 22/150:  78%|███████▊  | 234/300 [00:01<00:00, 219.48it/s]
Epoch 22/150:  86%|████████▌ | 257/300 [00:01<00:00, 210.77it/s]
Epoch 22/150:  95%|█████████▍| 284/300 [00:01<00:00, 225.17it/s]
Epoch 22/150: 100%|██████████| 300/300 [00:01<00:00, 195.87it/s]

Epoch 23/150:   0%|          | 0/300 [00:00<?, ?it/s]
Epoch 23/150:   0%|          | 1/300 [00:00<00:32,  9.23it/s]
Epoch 23/150:   7%|▋         | 20/300 [00:00<00:02, 110.49it/s]
Epoch 23/150:  16%|█▌        | 47/300 [00:00<00:01, 179.05it/s]
Epoch 23/150:  22%|██▏       | 67/300 [00:00<00:01, 186.41it/s]
Epoch 23/150:  30%|███       | 90/300 [00:00<00:01, 200.23it/s]
Epoch 23/150:  38%|███▊      | 114/300 [00:00<00:00, 207.20it/s]
Epoch 23/150:  45%|████▌     | 135/300 [00:00<00:00, 207.65it/s]
Epoch 23/150:  54%|█████▎    | 161/300 [00:00<00:00, 223.41it/s]
Epoch 23/150:  61%|██████▏   | 184/300 [00:00<00:00, 208.54it/s]
Epoch 23/150:  70%|███████   | 211/300 [00:01<00:00, 224.22it/s]
Epoch 23/150:  78%|███████▊  | 234/300 [00:01<00:00, 209.68it/s]
Epoch 23/150:  87%|████████▋ | 262/300 [00:01<00:00, 228.48it/s]
Epoch 23/150:  95%|█████████▌| 286/300 [00:01<00:00, 218.38it/s]
Epoch 23/150: 100%|██████████| 300/300 [00:01<00:00, 198.65it/s]

Epoch 24/150:   0%|          | 0/300 [00:00<?, ?it/s]
Epoch 24/150:   0%|          | 1/300 [00:00<00:32,  9.19it/s]
Epoch 24/150:   9%|▊         | 26/300 [00:00<00:01, 145.45it/s]
Epoch 24/150:  17%|█▋        | 50/300 [00:00<00:01, 179.91it/s]
Epoch 24/150:  24%|██▍       | 73/300 [00:00<00:01, 196.61it/s]
Epoch 24/150:  33%|███▎      | 100/300 [00:00<00:00, 219.30it/s]
Epoch 24/150:  41%|████      | 123/300 [00:00<00:00, 206.37it/s]
Epoch 24/150:  50%|████▉     | 149/300 [00:00<00:00, 221.82it/s]
Epoch 24/150:  57%|█████▋    | 172/300 [00:00<00:00, 205.77it/s]
Epoch 24/150:  66%|██████▋   | 199/300 [00:00<00:00, 222.31it/s]
Epoch 24/150:  74%|███████▍  | 222/300 [00:01<00:00, 207.64it/s]
Epoch 24/150:  83%|████████▎ | 249/300 [00:01<00:00, 223.32it/s]
Epoch 24/150:  91%|█████████ | 272/300 [00:01<00:00, 212.94it/s]
Epoch 24/150:  99%|█████████▉| 297/300 [00:01<00:00, 220.45it/s]
Epoch 24/150: 100%|██████████| 300/300 [00:01<00:00, 199.76it/s]

Epoch 25/150:   0%|          | 0/300 [00:00<?, ?it/s]
Epoch 25/150:   0%|          | 1/300 [00:00<00:33,  9.04it/s]
Epoch 25/150:  10%|▉         | 29/300 [00:00<00:01, 160.94it/s]
Epoch 25/150:  16%|█▌        | 48/300 [00:00<00:01, 173.46it/s]
Epoch 25/150:  24%|██▎       | 71/300 [00:00<00:01, 194.34it/s]
Epoch 25/150:  31%|███       | 92/300 [00:00<00:01, 197.57it/s]
Epoch 25/150:  38%|███▊      | 114/300 [00:00<00:00, 203.87it/s]
Epoch 25/150:  45%|████▌     | 135/300 [00:00<00:01, 146.66it/s]
Epoch 25/150:  53%|█████▎    | 159/300 [00:00<00:00, 169.45it/s]
Epoch 25/150:  60%|█████▉    | 179/300 [00:01<00:00, 173.41it/s]
Epoch 25/150:  69%|██████▊   | 206/300 [00:01<00:00, 197.95it/s]
Epoch 25/150:  76%|███████▌  | 228/300 [00:01<00:00, 196.43it/s]
Epoch 25/150:  84%|████████▍ | 253/300 [00:01<00:00, 210.60it/s]
Epoch 25/150:  92%|█████████▏| 275/300 [00:01<00:00, 203.63it/s]
Epoch 25/150: 100%|██████████| 300/300 [00:01<00:00, 183.22it/s]

Epoch 26/150:   0%|          | 0/300 [00:00<?, ?it/s]
Epoch 26/150:   0%|          | 1/300 [00:00<00:32,  9.12it/s]
Epoch 26/150:   8%|▊         | 24/300 [00:00<00:02, 133.76it/s]
Epoch 26/150:  15%|█▍        | 44/300 [00:00<00:01, 160.47it/s]
Epoch 26/150:  23%|██▎       | 68/300 [00:00<00:01, 190.02it/s]
Epoch 26/150:  30%|███       | 91/300 [00:00<00:01, 201.36it/s]
Epoch 26/150:  37%|███▋      | 112/300 [00:00<00:00, 202.26it/s]
Epoch 26/150:  46%|████▌     | 138/300 [00:00<00:00, 219.32it/s]
Epoch 26/150:  54%|█████▎    | 161/300 [00:00<00:00, 207.16it/s]
Epoch 26/150:  62%|██████▏   | 187/300 [00:00<00:00, 222.23it/s]
Epoch 26/150:  70%|███████   | 210/300 [00:01<00:00, 213.82it/s]
Epoch 26/150:  79%|███████▊  | 236/300 [00:01<00:00, 225.84it/s]
Epoch 26/150:  86%|████████▋ | 259/300 [00:01<00:00, 219.17it/s]
Epoch 26/150:  95%|█████████▌| 286/300 [00:01<00:00, 232.80it/s]
Epoch 26/150: 100%|██████████| 300/300 [00:01<00:00, 201.96it/s]

Epoch 27/150:   0%|          | 0/300 [00:00<?, ?it/s]
Epoch 27/150:   0%|          | 1/300 [00:00<00:34,  8.77it/s]
Epoch 27/150:   8%|▊         | 24/300 [00:00<00:02, 131.24it/s]
Epoch 27/150:  14%|█▍        | 42/300 [00:00<00:01, 152.46it/s]
Epoch 27/150:  23%|██▎       | 70/300 [00:00<00:01, 200.59it/s]
Epoch 27/150:  30%|███       | 91/300 [00:00<00:01, 200.08it/s]
Epoch 27/150:  39%|███▊      | 116/300 [00:00<00:00, 216.01it/s]
Epoch 27/150:  46%|████▌     | 138/300 [00:00<00:00, 215.06it/s]
Epoch 27/150:  53%|█████▎    | 160/300 [00:00<00:00, 216.44it/s]
Epoch 27/150:  62%|██████▏   | 186/300 [00:00<00:00, 227.17it/s]
Epoch 27/150:  70%|██████▉   | 209/300 [00:01<00:00, 216.86it/s]
Epoch 27/150:  79%|███████▊  | 236/300 [00:01<00:00, 230.24it/s]
Epoch 27/150:  87%|████████▋ | 260/300 [00:01<00:00, 215.22it/s]
Epoch 27/150:  96%|█████████▌| 287/300 [00:01<00:00, 230.33it/s]
Epoch 27/150: 100%|██████████| 300/300 [00:01<00:00, 201.08it/s]

Epoch 28/150:   0%|          | 0/300 [00:00<?, ?it/s]
Epoch 28/150:   0%|          | 1/300 [00:00<00:32,  9.10it/s]
Epoch 28/150:   7%|▋         | 21/300 [00:00<00:02, 116.06it/s]
Epoch 28/150:  16%|█▌        | 48/300 [00:00<00:01, 184.24it/s]
Epoch 28/150:  23%|██▎       | 68/300 [00:00<00:01, 189.11it/s]
Epoch 28/150:  30%|███       | 91/300 [00:00<00:01, 202.50it/s]
Epoch 28/150:  38%|███▊      | 114/300 [00:00<00:00, 211.24it/s]
Epoch 28/150:  45%|████▌     | 136/300 [00:00<00:00, 210.93it/s]
Epoch 28/150:  54%|█████▍    | 163/300 [00:00<00:00, 229.40it/s]
Epoch 28/150:  62%|██████▏   | 187/300 [00:00<00:00, 212.39it/s]
Epoch 28/150:  72%|███████▏  | 215/300 [00:01<00:00, 229.21it/s]
Epoch 28/150:  80%|███████▉  | 239/300 [00:01<00:00, 220.03it/s]
Epoch 28/150:  88%|████████▊ | 264/300 [00:01<00:00, 227.83it/s]
Epoch 28/150:  96%|█████████▌| 288/300 [00:01<00:00, 214.84it/s]
Epoch 28/150: 100%|██████████| 300/300 [00:01<00:00, 199.81it/s]

Epoch 29/150:   0%|          | 0/300 [00:00<?, ?it/s]
Epoch 29/150:   0%|          | 1/300 [00:00<00:32,  9.07it/s]
Epoch 29/150:   9%|▉         | 27/300 [00:00<00:01, 148.28it/s]
Epoch 29/150:  16%|█▌        | 48/300 [00:00<00:01, 172.78it/s]
Epoch 29/150:  23%|██▎       | 69/300 [00:00<00:01, 186.55it/s]
Epoch 29/150:  31%|███▏      | 94/300 [00:00<00:00, 207.43it/s]
Epoch 29/150:  38%|███▊      | 115/300 [00:00<00:00, 201.03it/s]
Epoch 29/150:  48%|████▊     | 143/300 [00:00<00:00, 223.82it/s]
Epoch 29/150:  55%|█████▌    | 166/300 [00:00<00:00, 209.66it/s]
Epoch 29/150:  65%|██████▍   | 194/300 [00:00<00:00, 227.85it/s]
Epoch 29/150:  73%|███████▎  | 218/300 [00:01<00:00, 216.61it/s]
Epoch 29/150:  82%|████████▏ | 245/300 [00:01<00:00, 229.38it/s]
Epoch 29/150:  90%|████████▉ | 269/300 [00:01<00:00, 218.97it/s]
Epoch 29/150:  98%|█████████▊| 295/300 [00:01<00:00, 229.29it/s]
Epoch 29/150: 100%|██████████| 300/300 [00:01<00:00, 202.51it/s]

Epoch 30/150:   0%|          | 0/300 [00:00<?, ?it/s]
Epoch 30/150:   0%|          | 1/300 [00:00<00:33,  9.01it/s]
Epoch 30/150:   9%|▉         | 28/300 [00:00<00:01, 153.22it/s]
Epoch 30/150:  16%|█▌        | 47/300 [00:00<00:01, 167.82it/s]
Epoch 30/150:  24%|██▍       | 73/300 [00:00<00:01, 202.39it/s]
Epoch 30/150:  31%|███▏      | 94/300 [00:00<00:01, 200.14it/s]
Epoch 30/150:  39%|███▊      | 116/300 [00:00<00:00, 204.78it/s]
Epoch 30/150:  46%|████▋     | 139/300 [00:00<00:00, 208.04it/s]
Epoch 30/150:  54%|█████▎    | 161/300 [00:00<00:00, 209.51it/s]
Epoch 30/150:  62%|██████▏   | 185/300 [00:00<00:00, 216.99it/s]
Epoch 30/150:  69%|██████▉   | 207/300 [00:01<00:00, 207.43it/s]
Epoch 30/150:  78%|███████▊  | 233/300 [00:01<00:00, 221.95it/s]
Epoch 30/150:  85%|████████▌ | 256/300 [00:01<00:00, 205.82it/s]
Epoch 30/150:  95%|█████████▍| 284/300 [00:01<00:00, 223.95it/s]
Epoch 30/150: 100%|██████████| 300/300 [00:01<00:00, 197.16it/s]

Epoch 31/150:   0%|          | 0/300 [00:00<?, ?it/s]
Epoch 31/150:   0%|          | 1/300 [00:00<00:32,  9.10it/s]
Epoch 31/150:   7%|▋         | 21/300 [00:00<00:02, 114.92it/s]
Epoch 31/150:  16%|█▌        | 48/300 [00:00<00:01, 182.22it/s]
Epoch 31/150:  23%|██▎       | 68/300 [00:00<00:01, 187.57it/s]
Epoch 31/150:  30%|███       | 91/300 [00:00<00:01, 200.57it/s]
Epoch 31/150:  38%|███▊      | 115/300 [00:00<00:00, 212.63it/s]
Epoch 31/150:  46%|████▌     | 137/300 [00:00<00:00, 203.14it/s]
Epoch 31/150:  55%|█████▍    | 164/300 [00:00<00:00, 221.47it/s]
Epoch 31/150:  62%|██████▏   | 187/300 [00:00<00:00, 203.58it/s]
Epoch 31/150:  72%|███████▏  | 215/300 [00:01<00:00, 222.49it/s]
Epoch 31/150:  79%|███████▉  | 238/300 [00:01<00:00, 214.43it/s]
Epoch 31/150:  88%|████████▊ | 265/300 [00:01<00:00, 229.03it/s]
Epoch 31/150:  96%|█████████▋| 289/300 [00:01<00:00, 218.63it/s]
Epoch 31/150: 100%|██████████| 300/300 [00:01<00:00, 196.88it/s]

Epoch 32/150:   0%|          | 0/300 [00:00<?, ?it/s]
Epoch 32/150:   0%|          | 1/300 [00:00<00:33,  8.89it/s]
Epoch 32/150:   9%|▊         | 26/300 [00:00<00:01, 141.48it/s]
Epoch 32/150:  16%|█▌        | 48/300 [00:00<00:01, 175.32it/s]
Epoch 32/150:  23%|██▎       | 68/300 [00:00<00:01, 184.05it/s]
Epoch 32/150:  32%|███▏      | 95/300 [00:00<00:00, 211.17it/s]
Epoch 32/150:  39%|███▉      | 117/300 [00:00<00:00, 200.33it/s]
Epoch 32/150:  48%|████▊     | 144/300 [00:00<00:00, 221.24it/s]
Epoch 32/150:  56%|█████▌    | 167/300 [00:00<00:00, 211.08it/s]
Epoch 32/150:  64%|██████▍   | 193/300 [00:00<00:00, 222.66it/s]
Epoch 32/150:  72%|███████▏  | 216/300 [00:01<00:00, 214.41it/s]
Epoch 32/150:  80%|████████  | 241/300 [00:01<00:00, 223.12it/s]
Epoch 32/150:  88%|████████▊ | 264/300 [00:01<00:00, 215.06it/s]
Epoch 32/150:  96%|█████████▌| 288/300 [00:01<00:00, 220.57it/s]
Epoch 32/150: 100%|██████████| 300/300 [00:01<00:00, 199.58it/s]

Epoch 33/150:   0%|          | 0/300 [00:00<?, ?it/s]
Epoch 33/150:   0%|          | 1/300 [00:00<00:33,  8.98it/s]
Epoch 33/150:  10%|▉         | 29/300 [00:00<00:01, 154.62it/s]
Epoch 33/150:  16%|█▌        | 48/300 [00:00<00:01, 165.57it/s]
Epoch 33/150:  25%|██▌       | 75/300 [00:00<00:01, 204.48it/s]
Epoch 33/150:  32%|███▏      | 96/300 [00:00<00:01, 198.76it/s]
Epoch 33/150:  41%|████      | 122/300 [00:00<00:00, 217.21it/s]
Epoch 33/150:  48%|████▊     | 144/300 [00:00<00:00, 213.11it/s]
Epoch 33/150:  56%|█████▌    | 167/300 [00:00<00:00, 217.66it/s]
Epoch 33/150:  64%|██████▍   | 192/300 [00:00<00:00, 227.44it/s]
Epoch 33/150:  72%|███████▏  | 215/300 [00:01<00:00, 215.92it/s]
Epoch 33/150:  81%|████████  | 242/300 [00:01<00:00, 230.37it/s]
Epoch 33/150:  89%|████████▊ | 266/300 [00:01<00:00, 216.43it/s]
Epoch 33/150:  97%|█████████▋| 292/300 [00:01<00:00, 227.98it/s]
Epoch 33/150: 100%|██████████| 300/300 [00:01<00:00, 201.19it/s]

Epoch 34/150:   0%|          | 0/300 [00:00<?, ?it/s]
Epoch 34/150:   0%|          | 1/300 [00:00<00:37,  8.00it/s]
Epoch 34/150:   7%|▋         | 22/300 [00:00<00:02, 113.78it/s]
Epoch 34/150:  17%|█▋        | 52/300 [00:00<00:01, 191.83it/s]
Epoch 34/150:  24%|██▍       | 73/300 [00:00<00:01, 191.29it/s]
Epoch 34/150:  32%|███▏      | 96/300 [00:00<00:00, 204.41it/s]
Epoch 34/150:  39%|███▉      | 118/300 [00:00<00:00, 206.75it/s]
Epoch 34/150:  46%|████▋     | 139/300 [00:00<00:00, 204.89it/s]
Epoch 34/150:  54%|█████▍    | 163/300 [00:00<00:00, 215.67it/s]
Epoch 34/150:  62%|██████▏   | 185/300 [00:00<00:00, 205.06it/s]
Epoch 34/150:  70%|███████   | 211/300 [00:01<00:00, 220.63it/s]
Epoch 34/150:  78%|███████▊  | 234/300 [00:01<00:00, 211.01it/s]
Epoch 34/150:  86%|████████▋ | 259/300 [00:01<00:00, 221.93it/s]
Epoch 34/150:  94%|█████████▍| 282/300 [00:01<00:00, 213.51it/s]
Epoch 34/150: 100%|██████████| 300/300 [00:01<00:00, 196.11it/s]

Epoch 35/150:   0%|          | 0/300 [00:00<?, ?it/s]
Epoch 35/150:   0%|          | 1/300 [00:00<00:32,  9.18it/s]
Epoch 35/150:   9%|▉         | 28/300 [00:00<00:01, 156.59it/s]
Epoch 35/150:  16%|█▋        | 49/300 [00:00<00:01, 178.89it/s]
Epoch 35/150:  24%|██▍       | 72/300 [00:00<00:01, 196.05it/s]
Epoch 35/150:  32%|███▏      | 97/300 [00:00<00:00, 213.79it/s]
Epoch 35/150:  40%|███▉      | 119/300 [00:00<00:00, 204.67it/s]
Epoch 35/150:  49%|████▉     | 147/300 [00:00<00:00, 225.87it/s]
Epoch 35/150:  57%|█████▋    | 170/300 [00:00<00:00, 215.58it/s]
Epoch 35/150:  66%|██████▌   | 197/300 [00:00<00:00, 230.11it/s]
Epoch 35/150:  74%|███████▎  | 221/300 [00:01<00:00, 219.66it/s]
Epoch 35/150:  82%|████████▏ | 246/300 [00:01<00:00, 227.94it/s]
Epoch 35/150:  90%|█████████ | 270/300 [00:01<00:00, 220.18it/s]
Epoch 35/150:  98%|█████████▊| 294/300 [00:01<00:00, 224.59it/s]
Epoch 35/150: 100%|██████████| 300/300 [00:01<00:00, 204.51it/s]

Epoch 36/150:   0%|          | 0/300 [00:00<?, ?it/s]
Epoch 36/150:   0%|          | 1/300 [00:00<00:32,  9.26it/s]
Epoch 36/150:   9%|▊         | 26/300 [00:00<00:01, 144.57it/s]
Epoch 36/150:  15%|█▌        | 45/300 [00:00<00:01, 163.94it/s]
Epoch 36/150:  23%|██▎       | 70/300 [00:00<00:01, 195.67it/s]
Epoch 36/150:  31%|███       | 92/300 [00:00<00:01, 201.00it/s]
Epoch 36/150:  38%|███▊      | 115/300 [00:00<00:00, 208.50it/s]
Epoch 36/150:  47%|████▋     | 142/300 [00:00<00:00, 223.49it/s]
Epoch 36/150:  55%|█████▌    | 165/300 [00:00<00:00, 213.49it/s]
Epoch 36/150:  64%|██████▍   | 192/300 [00:00<00:00, 229.29it/s]
Epoch 36/150:  72%|███████▏  | 216/300 [00:01<00:00, 212.91it/s]
Epoch 36/150:  81%|████████  | 243/300 [00:01<00:00, 228.18it/s]
Epoch 36/150:  89%|████████▉ | 267/300 [00:01<00:00, 213.99it/s]
Epoch 36/150:  98%|█████████▊| 294/300 [00:01<00:00, 228.36it/s]
Epoch 36/150: 100%|██████████| 300/300 [00:01<00:00, 201.31it/s]

Epoch 37/150:   0%|          | 0/300 [00:00<?, ?it/s]
Epoch 37/150:   0%|          | 1/300 [00:00<00:34,  8.67it/s]
Epoch 37/150:   8%|▊         | 24/300 [00:00<00:02, 125.89it/s]
Epoch 37/150:  15%|█▌        | 46/300 [00:00<00:01, 166.37it/s]
Epoch 37/150:  25%|██▍       | 74/300 [00:00<00:01, 206.20it/s]
Epoch 37/150:  32%|███▏      | 95/300 [00:00<00:01, 196.28it/s]
Epoch 37/150:  41%|████      | 122/300 [00:00<00:00, 217.29it/s]
Epoch 37/150:  48%|████▊     | 144/300 [00:00<00:00, 206.72it/s]
Epoch 37/150:  56%|█████▋    | 169/300 [00:00<00:00, 218.96it/s]
Epoch 37/150:  64%|██████▍   | 192/300 [00:00<00:00, 214.72it/s]
Epoch 37/150:  72%|███████▏  | 215/300 [00:01<00:00, 219.09it/s]
Epoch 37/150:  80%|████████  | 240/300 [00:01<00:00, 225.23it/s]
Epoch 37/150:  88%|████████▊ | 263/300 [00:01<00:00, 217.11it/s]
Epoch 37/150:  97%|█████████▋| 290/300 [00:01<00:00, 230.81it/s]
Epoch 37/150: 100%|██████████| 300/300 [00:01<00:00, 197.50it/s]

Epoch 38/150:   0%|          | 0/300 [00:00<?, ?it/s]
Epoch 38/150:   0%|          | 1/300 [00:00<00:32,  9.06it/s]
Epoch 38/150:   7%|▋         | 21/300 [00:00<00:02, 116.01it/s]
Epoch 38/150:  16%|█▌        | 47/300 [00:00<00:01, 178.15it/s]
Epoch 38/150:  22%|██▏       | 66/300 [00:00<00:01, 181.62it/s]
Epoch 38/150:  30%|██▉       | 89/300 [00:00<00:01, 198.35it/s]
Epoch 38/150:  37%|███▋      | 112/300 [00:00<00:00, 207.87it/s]
Epoch 38/150:  44%|████▍     | 133/300 [00:00<00:00, 203.04it/s]
Epoch 38/150:  53%|█████▎    | 159/300 [00:00<00:00, 219.69it/s]
Epoch 38/150:  61%|██████    | 182/300 [00:01<00:00, 144.55it/s]
Epoch 38/150:  69%|██████▊   | 206/300 [00:01<00:00, 165.04it/s]
Epoch 38/150:  78%|███████▊  | 233/300 [00:01<00:00, 189.32it/s]
Epoch 38/150:  85%|████████▌ | 255/300 [00:01<00:00, 185.61it/s]
Epoch 38/150:  94%|█████████▍| 283/300 [00:01<00:00, 207.96it/s]
Epoch 38/150: 100%|██████████| 300/300 [00:01<00:00, 179.70it/s]

Epoch 39/150:   0%|          | 0/300 [00:00<?, ?it/s]
Epoch 39/150:   0%|          | 1/300 [00:00<00:32,  9.10it/s]
Epoch 39/150:   7%|▋         | 21/300 [00:00<00:02, 113.99it/s]
Epoch 39/150:  16%|█▋        | 49/300 [00:00<00:01, 184.28it/s]
Epoch 39/150:  23%|██▎       | 69/300 [00:00<00:01, 187.60it/s]
Epoch 39/150:  31%|███       | 93/300 [00:00<00:01, 205.45it/s]
Epoch 39/150:  39%|███▊      | 116/300 [00:00<00:00, 210.75it/s]
Epoch 39/150:  46%|████▋     | 139/300 [00:00<00:00, 214.43it/s]
Epoch 39/150:  55%|█████▌    | 165/300 [00:00<00:00, 222.35it/s]
Epoch 39/150:  63%|██████▎   | 188/300 [00:00<00:00, 209.69it/s]
Epoch 39/150:  72%|███████▏  | 215/300 [00:01<00:00, 223.94it/s]
Epoch 39/150:  79%|███████▉  | 238/300 [00:01<00:00, 208.84it/s]
Epoch 39/150:  88%|████████▊ | 264/300 [00:01<00:00, 221.57it/s]
Epoch 39/150:  96%|█████████▌| 287/300 [00:01<00:00, 210.90it/s]
Epoch 39/150: 100%|██████████| 300/300 [00:01<00:00, 196.57it/s]

Epoch 40/150:   0%|          | 0/300 [00:00<?, ?it/s]
Epoch 40/150:   0%|          | 1/300 [00:00<00:32,  9.07it/s]
Epoch 40/150:   9%|▊         | 26/300 [00:00<00:01, 144.61it/s]
Epoch 40/150:  16%|█▌        | 47/300 [00:00<00:01, 170.60it/s]
Epoch 40/150:  23%|██▎       | 70/300 [00:00<00:01, 192.69it/s]
Epoch 40/150:  31%|███       | 92/300 [00:00<00:01, 199.93it/s]
Epoch 40/150:  38%|███▊      | 114/300 [00:00<00:00, 204.49it/s]
Epoch 40/150:  47%|████▋     | 140/300 [00:00<00:00, 220.64it/s]
Epoch 40/150:  54%|█████▍    | 163/300 [00:00<00:00, 208.51it/s]
Epoch 40/150:  63%|██████▎   | 190/300 [00:00<00:00, 225.37it/s]
Epoch 40/150:  71%|███████   | 213/300 [00:01<00:00, 208.37it/s]
Epoch 40/150:  80%|████████  | 241/300 [00:01<00:00, 226.57it/s]
Epoch 40/150:  88%|████████▊ | 265/300 [00:01<00:00, 217.94it/s]
Epoch 40/150:  98%|█████████▊| 294/300 [00:01<00:00, 237.56it/s]
Epoch 40/150: 100%|██████████| 300/300 [00:01<00:00, 202.75it/s]

Epoch 41/150:   0%|          | 0/300 [00:00<?, ?it/s]
Epoch 41/150:   0%|          | 1/300 [00:00<00:32,  9.08it/s]
Epoch 41/150:   9%|▊         | 26/300 [00:00<00:01, 138.12it/s]
Epoch 41/150:  15%|█▌        | 46/300 [00:00<00:01, 162.42it/s]
Epoch 41/150:  24%|██▍       | 73/300 [00:00<00:01, 200.58it/s]
Epoch 41/150:  31%|███▏      | 94/300 [00:00<00:01, 195.12it/s]
Epoch 41/150:  40%|████      | 120/300 [00:00<00:00, 215.29it/s]
Epoch 41/150:  47%|████▋     | 142/300 [00:00<00:00, 208.03it/s]
Epoch 41/150:  55%|█████▌    | 166/300 [00:00<00:00, 216.23it/s]
Epoch 41/150:  63%|██████▎   | 188/300 [00:00<00:00, 216.81it/s]
Epoch 41/150:  70%|███████   | 210/300 [00:01<00:00, 215.28it/s]
Epoch 41/150:  79%|███████▉  | 237/300 [00:01<00:00, 229.41it/s]
Epoch 41/150:  87%|████████▋ | 260/300 [00:01<00:00, 214.03it/s]
Epoch 41/150:  96%|█████████▋| 289/300 [00:01<00:00, 232.60it/s]
Epoch 41/150: 100%|██████████| 300/300 [00:01<00:00, 198.27it/s]

Epoch 42/150:   0%|          | 0/300 [00:00<?, ?it/s]
Epoch 42/150:   0%|          | 1/300 [00:00<00:33,  8.86it/s]
Epoch 42/150:   7%|▋         | 21/300 [00:00<00:02, 114.44it/s]
Epoch 42/150:  16%|█▌        | 48/300 [00:00<00:01, 180.85it/s]
Epoch 42/150:  23%|██▎       | 70/300 [00:00<00:01, 194.17it/s]
Epoch 42/150:  31%|███       | 92/300 [00:00<00:01, 202.36it/s]
Epoch 42/150:  39%|███▉      | 117/300 [00:00<00:00, 215.29it/s]
Epoch 42/150:  46%|████▋     | 139/300 [00:00<00:00, 206.38it/s]
Epoch 42/150:  56%|█████▌    | 167/300 [00:00<00:00, 225.64it/s]
Epoch 42/150:  63%|██████▎   | 190/300 [00:00<00:00, 210.77it/s]
Epoch 42/150:  73%|███████▎  | 218/300 [00:01<00:00, 228.30it/s]
Epoch 42/150:  81%|████████  | 242/300 [00:01<00:00, 217.66it/s]
Epoch 42/150:  89%|████████▉ | 268/300 [00:01<00:00, 227.01it/s]
Epoch 42/150:  97%|█████████▋| 291/300 [00:01<00:00, 213.24it/s]
Epoch 42/150: 100%|██████████| 300/300 [00:01<00:00, 198.56it/s]

Epoch 43/150:   0%|          | 0/300 [00:00<?, ?it/s]
Epoch 43/150:   0%|          | 1/300 [00:00<00:34,  8.72it/s]
Epoch 43/150:   9%|▉         | 27/300 [00:00<00:01, 146.05it/s]
Epoch 43/150:  17%|█▋        | 52/300 [00:00<00:01, 186.17it/s]
Epoch 43/150:  24%|██▍       | 72/300 [00:00<00:01, 190.53it/s]
Epoch 43/150:  33%|███▎      | 99/300 [00:00<00:00, 215.44it/s]
Epoch 43/150:  40%|████      | 121/300 [00:00<00:00, 207.78it/s]
Epoch 43/150:  49%|████▉     | 147/300 [00:00<00:00, 223.78it/s]
Epoch 43/150:  57%|█████▋    | 170/300 [00:00<00:00, 213.39it/s]
Epoch 43/150:  65%|██████▍   | 194/300 [00:00<00:00, 221.20it/s]
Epoch 43/150:  72%|███████▏  | 217/300 [00:01<00:00, 211.84it/s]
Epoch 43/150:  80%|████████  | 241/300 [00:01<00:00, 218.83it/s]
Epoch 43/150:  88%|████████▊ | 264/300 [00:01<00:00, 214.64it/s]
Epoch 43/150:  96%|█████████▌| 287/300 [00:01<00:00, 218.58it/s]
Epoch 43/150: 100%|██████████| 300/300 [00:01<00:00, 201.67it/s]

Epoch 44/150:   0%|          | 0/300 [00:00<?, ?it/s]
Epoch 44/150:   0%|          | 1/300 [00:00<00:32,  9.07it/s]
Epoch 44/150:   9%|▉         | 28/300 [00:00<00:01, 154.30it/s]
Epoch 44/150:  15%|█▌        | 46/300 [00:00<00:01, 163.61it/s]
Epoch 44/150:  24%|██▍       | 72/300 [00:00<00:01, 198.86it/s]
Epoch 44/150:  31%|███       | 93/300 [00:00<00:01, 197.97it/s]
Epoch 44/150:  39%|███▉      | 117/300 [00:00<00:00, 209.92it/s]
Epoch 44/150:  46%|████▋     | 139/300 [00:00<00:00, 211.61it/s]
Epoch 44/150:  54%|█████▍    | 163/300 [00:00<00:00, 219.03it/s]
Epoch 44/150:  63%|██████▎   | 189/300 [00:00<00:00, 227.99it/s]
Epoch 44/150:  71%|███████   | 212/300 [00:01<00:00, 215.61it/s]
Epoch 44/150:  80%|███████▉  | 239/300 [00:01<00:00, 229.32it/s]
Epoch 44/150:  88%|████████▊ | 263/300 [00:01<00:00, 212.73it/s]
Epoch 44/150:  97%|█████████▋| 290/300 [00:01<00:00, 225.80it/s]
Epoch 44/150: 100%|██████████| 300/300 [00:01<00:00, 198.18it/s]

Epoch 45/150:   0%|          | 0/300 [00:00<?, ?it/s]
Epoch 45/150:   0%|          | 1/300 [00:00<00:32,  9.13it/s]
Epoch 45/150:   7%|▋         | 22/300 [00:00<00:02, 120.83it/s]
Epoch 45/150:  16%|█▋        | 49/300 [00:00<00:01, 186.12it/s]
Epoch 45/150:  23%|██▎       | 70/300 [00:00<00:01, 191.60it/s]
Epoch 45/150:  31%|███       | 92/300 [00:00<00:01, 201.14it/s]
Epoch 45/150:  39%|███▊      | 116/300 [00:00<00:00, 210.23it/s]
Epoch 45/150:  46%|████▌     | 138/300 [00:00<00:00, 206.64it/s]
Epoch 45/150:  55%|█████▍    | 164/300 [00:00<00:00, 218.74it/s]
Epoch 45/150:  62%|██████▏   | 186/300 [00:00<00:00, 212.23it/s]
Epoch 45/150:  71%|███████   | 213/300 [00:01<00:00, 227.81it/s]
Epoch 45/150:  79%|███████▊  | 236/300 [00:01<00:00, 212.93it/s]
Epoch 45/150:  87%|████████▋ | 262/300 [00:01<00:00, 225.59it/s]
Epoch 45/150:  97%|█████████▋| 291/300 [00:01<00:00, 241.76it/s]
Epoch 45/150: 100%|██████████| 300/300 [00:01<00:00, 204.74it/s]

Epoch 46/150:   0%|          | 0/300 [00:00<?, ?it/s]
Epoch 46/150:   0%|          | 1/300 [00:00<00:34,  8.67it/s]
Epoch 46/150:  10%|█         | 31/300 [00:00<00:01, 167.10it/s]
Epoch 46/150:  21%|██        | 62/300 [00:00<00:01, 228.92it/s]
Epoch 46/150:  31%|███       | 92/300 [00:00<00:00, 253.78it/s]
Epoch 46/150:  41%|████      | 122/300 [00:00<00:00, 269.59it/s]
Epoch 46/150:  51%|█████     | 153/300 [00:00<00:00, 280.80it/s]
Epoch 46/150:  61%|██████▏   | 184/300 [00:00<00:00, 289.93it/s]
Epoch 46/150:  71%|███████▏  | 214/300 [00:00<00:00, 292.52it/s]
Epoch 46/150:  82%|████████▏ | 246/300 [00:00<00:00, 298.04it/s]
Epoch 46/150:  93%|█████████▎| 278/300 [00:01<00:00, 303.24it/s]
Epoch 46/150: 100%|██████████| 300/300 [00:01<00:00, 261.30it/s]

Epoch 47/150:   0%|          | 0/300 [00:00<?, ?it/s]
Epoch 47/150:   0%|          | 1/300 [00:00<00:35,  8.50it/s]
Epoch 47/150:  10%|█         | 31/300 [00:00<00:01, 165.75it/s]
Epoch 47/150:  21%|██        | 62/300 [00:00<00:01, 228.10it/s]
Epoch 47/150:  31%|███       | 92/300 [00:00<00:00, 253.84it/s]
Epoch 47/150:  41%|████      | 122/300 [00:00<00:00, 269.95it/s]
Epoch 47/150:  51%|█████     | 153/300 [00:00<00:00, 282.41it/s]
Epoch 47/150:  62%|██████▏   | 185/300 [00:00<00:00, 291.73it/s]
Epoch 47/150:  72%|███████▏  | 217/300 [00:00<00:00, 297.89it/s]
Epoch 47/150:  83%|████████▎ | 248/300 [00:00<00:00, 301.39it/s]
Epoch 47/150:  93%|█████████▎| 279/300 [00:01<00:00, 301.37it/s]
Epoch 47/150: 100%|██████████| 300/300 [00:01<00:00, 262.24it/s]

Epoch 48/150:   0%|          | 0/300 [00:00<?, ?it/s]
Epoch 48/150:   0%|          | 1/300 [00:00<00:36,  8.15it/s]
Epoch 48/150:  10%|█         | 30/300 [00:00<00:01, 158.07it/s]
Epoch 48/150:  20%|█▉        | 59/300 [00:00<00:01, 214.20it/s]
Epoch 48/150:  30%|███       | 90/300 [00:00<00:00, 247.78it/s]
Epoch 48/150:  41%|████      | 122/300 [00:00<00:00, 271.89it/s]
Epoch 48/150:  51%|█████▏    | 154/300 [00:00<00:00, 287.30it/s]
Epoch 48/150:  62%|██████▏   | 186/300 [00:00<00:00, 296.03it/s]
Epoch 48/150:  72%|███████▏  | 217/300 [00:00<00:00, 298.40it/s]
Epoch 48/150:  83%|████████▎ | 249/300 [00:00<00:00, 304.33it/s]
Epoch 48/150:  93%|█████████▎| 280/300 [00:01<00:00, 305.66it/s]
Epoch 48/150: 100%|██████████| 300/300 [00:01<00:00, 262.73it/s]

Epoch 49/150:   0%|          | 0/300 [00:00<?, ?it/s]
Epoch 49/150:   0%|          | 1/300 [00:00<00:34,  8.61it/s]
Epoch 49/150:  11%|█▏        | 34/300 [00:00<00:01, 185.11it/s]
Epoch 49/150:  24%|██▍       | 73/300 [00:00<00:00, 274.20it/s]
Epoch 49/150:  38%|███▊      | 113/300 [00:00<00:00, 321.67it/s]
Epoch 49/150:  51%|█████     | 152/300 [00:00<00:00, 343.94it/s]
Epoch 49/150:  64%|██████▎   | 191/300 [00:00<00:00, 357.43it/s]
Epoch 49/150:  77%|███████▋  | 231/300 [00:00<00:00, 369.06it/s]
Epoch 49/150:  90%|█████████ | 271/300 [00:00<00:00, 376.97it/s]
Epoch 49/150: 100%|██████████| 300/300 [00:00<00:00, 315.65it/s]

Epoch 50/150:   0%|          | 0/300 [00:00<?, ?it/s]
Epoch 50/150:   0%|          | 1/300 [00:00<00:34,  8.76it/s]
Epoch 50/150:  13%|█▎        | 40/300 [00:00<00:01, 217.68it/s]
Epoch 50/150:  27%|██▋       | 81/300 [00:00<00:00, 298.91it/s]
Epoch 50/150:  41%|████      | 122/300 [00:00<00:00, 338.77it/s]
Epoch 50/150:  54%|█████▎    | 161/300 [00:00<00:00, 354.37it/s]
Epoch 50/150:  67%|██████▋   | 200/300 [00:00<00:00, 365.75it/s]
Epoch 50/150:  79%|███████▉  | 237/300 [00:00<00:00, 358.47it/s]
Epoch 50/150:  91%|█████████▏| 274/300 [00:00<00:00, 342.03it/s]
Epoch 50/150: 100%|██████████| 300/300 [00:00<00:00, 306.83it/s]

Epoch 51/150:   0%|          | 0/300 [00:00<?, ?it/s]
Epoch 51/150:   0%|          | 1/300 [00:00<00:32,  9.08it/s]
Epoch 51/150:  12%|█▏        | 37/300 [00:00<00:01, 204.62it/s]
Epoch 51/150:  25%|██▌       | 76/300 [00:00<00:00, 284.30it/s]
Epoch 51/150:  38%|███▊      | 115/300 [00:00<00:00, 321.48it/s]
Epoch 51/150:  51%|█████     | 153/300 [00:00<00:00, 339.35it/s]
Epoch 51/150:  63%|██████▎   | 188/300 [00:00<00:00, 325.02it/s]
Epoch 51/150:  74%|███████▎  | 221/300 [00:00<00:00, 279.33it/s]
Epoch 51/150:  84%|████████▎ | 251/300 [00:00<00:00, 270.08it/s]
Epoch 51/150:  93%|█████████▎| 279/300 [00:01<00:00, 240.25it/s]
Epoch 51/150: 100%|██████████| 300/300 [00:01<00:00, 251.99it/s]

Epoch 52/150:   0%|          | 0/300 [00:00<?, ?it/s]
Epoch 52/150:   0%|          | 1/300 [00:00<00:34,  8.78it/s]
Epoch 52/150:  10%|▉         | 29/300 [00:00<00:01, 158.69it/s]
Epoch 52/150:  16%|█▌        | 48/300 [00:00<00:01, 171.27it/s]
Epoch 52/150:  25%|██▍       | 74/300 [00:00<00:01, 203.04it/s]
Epoch 52/150:  32%|███▏      | 95/300 [00:00<00:01, 203.70it/s]
Epoch 52/150:  39%|███▉      | 118/300 [00:00<00:00, 210.19it/s]
Epoch 52/150:  48%|████▊     | 143/300 [00:00<00:00, 214.12it/s]
Epoch 52/150:  55%|█████▌    | 165/300 [00:00<00:00, 213.63it/s]
Epoch 52/150:  64%|██████▍   | 192/300 [00:00<00:00, 230.10it/s]
Epoch 52/150:  72%|███████▏  | 216/300 [00:01<00:00, 213.15it/s]
Epoch 52/150:  80%|████████  | 240/300 [00:01<00:00, 161.17it/s]
Epoch 52/150:  89%|████████▉ | 267/300 [00:01<00:00, 185.04it/s]
Epoch 52/150:  96%|█████████▌| 288/300 [00:01<00:00, 186.81it/s]
Epoch 52/150: 100%|██████████| 300/300 [00:01<00:00, 184.92it/s]

Epoch 53/150:   0%|          | 0/300 [00:00<?, ?it/s]
Epoch 53/150:   0%|          | 1/300 [00:00<00:34,  8.71it/s]
Epoch 53/150:   9%|▉         | 27/300 [00:00<00:01, 147.10it/s]
Epoch 53/150:  16%|█▋        | 49/300 [00:00<00:01, 178.37it/s]
Epoch 53/150:  24%|██▎       | 71/300 [00:00<00:01, 192.50it/s]
Epoch 53/150:  32%|███▏      | 97/300 [00:00<00:00, 216.22it/s]
Epoch 53/150:  40%|███▉      | 119/300 [00:00<00:00, 204.30it/s]
Epoch 53/150:  49%|████▊     | 146/300 [00:00<00:00, 224.51it/s]
Epoch 53/150:  56%|█████▋    | 169/300 [00:00<00:00, 212.54it/s]
Epoch 53/150:  65%|██████▍   | 194/300 [00:00<00:00, 222.72it/s]
Epoch 53/150:  72%|███████▏  | 217/300 [00:01<00:00, 213.28it/s]
Epoch 53/150:  80%|████████  | 241/300 [00:01<00:00, 220.20it/s]
Epoch 53/150:  88%|████████▊ | 264/300 [00:01<00:00, 214.98it/s]
Epoch 53/150:  96%|█████████▌| 287/300 [00:01<00:00, 218.95it/s]
Epoch 53/150: 100%|██████████| 300/300 [00:01<00:00, 202.17it/s]

Epoch 54/150:   0%|          | 0/300 [00:00<?, ?it/s]
Epoch 54/150:   0%|          | 1/300 [00:00<00:33,  9.06it/s]
Epoch 54/150:   9%|▉         | 28/300 [00:00<00:01, 156.03it/s]
Epoch 54/150:  15%|█▌        | 46/300 [00:00<00:01, 164.70it/s]
Epoch 54/150:  24%|██▎       | 71/300 [00:00<00:01, 196.29it/s]
Epoch 54/150:  30%|███       | 91/300 [00:00<00:01, 192.66it/s]
Epoch 54/150:  38%|███▊      | 115/300 [00:00<00:00, 207.27it/s]
Epoch 54/150:  46%|████▌     | 137/300 [00:00<00:00, 208.98it/s]
Epoch 54/150:  53%|█████▎    | 158/300 [00:00<00:00, 207.93it/s]
Epoch 54/150:  62%|██████▏   | 185/300 [00:00<00:00, 223.92it/s]
Epoch 54/150:  69%|██████▉   | 208/300 [00:01<00:00, 209.17it/s]
Epoch 54/150:  78%|███████▊  | 235/300 [00:01<00:00, 225.82it/s]
Epoch 54/150:  86%|████████▌ | 258/300 [00:01<00:00, 214.89it/s]
Epoch 54/150:  94%|█████████▍| 283/300 [00:01<00:00, 223.29it/s]
Epoch 54/150: 100%|██████████| 300/300 [00:01<00:00, 198.81it/s]

Epoch 55/150:   0%|          | 0/300 [00:00<?, ?it/s]
Epoch 55/150:   0%|          | 1/300 [00:00<00:33,  8.86it/s]
Epoch 55/150:   7%|▋         | 22/300 [00:00<00:02, 119.46it/s]
Epoch 55/150:  17%|█▋        | 50/300 [00:00<00:01, 187.77it/s]
Epoch 55/150:  24%|██▎       | 71/300 [00:00<00:01, 192.85it/s]
Epoch 55/150:  31%|███▏      | 94/300 [00:00<00:01, 204.95it/s]
Epoch 55/150:  40%|███▉      | 119/300 [00:00<00:00, 210.35it/s]
Epoch 55/150:  47%|████▋     | 141/300 [00:00<00:00, 210.14it/s]
Epoch 55/150:  56%|█████▌    | 168/300 [00:00<00:00, 226.65it/s]
Epoch 55/150:  64%|██████▎   | 191/300 [00:00<00:00, 211.88it/s]
Epoch 55/150:  73%|███████▎  | 218/300 [00:01<00:00, 226.09it/s]
Epoch 55/150:  80%|████████  | 241/300 [00:01<00:00, 213.28it/s]
Epoch 55/150:  90%|█████████ | 270/300 [00:01<00:00, 232.42it/s]
Epoch 55/150:  98%|█████████▊| 294/300 [00:01<00:00, 222.21it/s]
Epoch 55/150: 100%|██████████| 300/300 [00:01<00:00, 200.24it/s]

Epoch 56/150:   0%|          | 0/300 [00:00<?, ?it/s]
Epoch 56/150:   0%|          | 1/300 [00:00<00:35,  8.35it/s]
Epoch 56/150:   8%|▊         | 25/300 [00:00<00:02, 132.15it/s]
Epoch 56/150:  17%|█▋        | 51/300 [00:00<00:01, 181.93it/s]
Epoch 56/150:  24%|██▎       | 71/300 [00:00<00:01, 184.95it/s]
Epoch 56/150:  33%|███▎      | 99/300 [00:00<00:00, 215.66it/s]
Epoch 56/150:  40%|████      | 121/300 [00:00<00:00, 206.78it/s]
Epoch 56/150:  49%|████▊     | 146/300 [00:00<00:00, 218.48it/s]
Epoch 56/150:  56%|█████▋    | 169/300 [00:00<00:00, 210.98it/s]
Epoch 56/150:  65%|██████▍   | 194/300 [00:00<00:00, 220.20it/s]
Epoch 56/150:  72%|███████▏  | 217/300 [00:01<00:00, 216.86it/s]
Epoch 56/150:  80%|███████▉  | 239/300 [00:01<00:00, 216.71it/s]
Epoch 56/150:  88%|████████▊ | 263/300 [00:01<00:00, 222.79it/s]
Epoch 56/150:  95%|█████████▌| 286/300 [00:01<00:00, 213.67it/s]
Epoch 56/150: 100%|██████████| 300/300 [00:01<00:00, 199.09it/s]

Epoch 57/150:   0%|          | 0/300 [00:00<?, ?it/s]
Epoch 57/150:   0%|          | 1/300 [00:00<00:33,  8.94it/s]
Epoch 57/150:   9%|▉         | 27/300 [00:00<00:01, 149.30it/s]
Epoch 57/150:  15%|█▌        | 45/300 [00:00<00:01, 161.43it/s]
Epoch 57/150:  23%|██▎       | 70/300 [00:00<00:01, 195.47it/s]
Epoch 57/150:  30%|███       | 90/300 [00:00<00:01, 196.53it/s]
Epoch 57/150:  37%|███▋      | 112/300 [00:00<00:00, 203.77it/s]
Epoch 57/150:  46%|████▌     | 137/300 [00:00<00:00, 217.40it/s]
Epoch 57/150:  53%|█████▎    | 159/300 [00:00<00:00, 208.12it/s]
Epoch 57/150:  62%|██████▏   | 185/300 [00:00<00:00, 222.10it/s]
Epoch 57/150:  69%|██████▉   | 208/300 [00:01<00:00, 205.36it/s]
Epoch 57/150:  78%|███████▊  | 235/300 [00:01<00:00, 222.69it/s]
Epoch 57/150:  86%|████████▌ | 258/300 [00:01<00:00, 215.01it/s]
Epoch 57/150:  95%|█████████▌| 286/300 [00:01<00:00, 230.98it/s]
Epoch 57/150: 100%|██████████| 300/300 [00:01<00:00, 198.71it/s]

Epoch 58/150:   0%|          | 0/300 [00:00<?, ?it/s]
Epoch 58/150:   0%|          | 1/300 [00:00<00:33,  9.02it/s]
Epoch 58/150:   7%|▋         | 21/300 [00:00<00:02, 116.43it/s]
Epoch 58/150:  16%|█▌        | 48/300 [00:00<00:01, 182.27it/s]
Epoch 58/150:  23%|██▎       | 68/300 [00:00<00:01, 187.95it/s]
Epoch 58/150:  30%|███       | 91/300 [00:00<00:01, 200.91it/s]
Epoch 58/150:  38%|███▊      | 114/300 [00:00<00:00, 206.81it/s]
Epoch 58/150:  45%|████▌     | 135/300 [00:00<00:00, 206.97it/s]
Epoch 58/150:  54%|█████▍    | 162/300 [00:00<00:00, 224.61it/s]
Epoch 58/150:  62%|██████▏   | 185/300 [00:00<00:00, 208.96it/s]
Epoch 58/150:  71%|███████   | 212/300 [00:01<00:00, 224.45it/s]
Epoch 58/150:  78%|███████▊  | 235/300 [00:01<00:00, 215.35it/s]
Epoch 58/150:  87%|████████▋ | 261/300 [00:01<00:00, 227.47it/s]
Epoch 58/150:  95%|█████████▍| 284/300 [00:01<00:00, 218.36it/s]
Epoch 58/150: 100%|██████████| 300/300 [00:01<00:00, 197.78it/s]

Epoch 59/150:   0%|          | 0/300 [00:00<?, ?it/s]
Epoch 59/150:   0%|          | 1/300 [00:00<00:35,  8.37it/s]
Epoch 59/150:   9%|▉         | 28/300 [00:00<00:01, 150.32it/s]
Epoch 59/150:  17%|█▋        | 50/300 [00:00<00:01, 180.19it/s]
Epoch 59/150:  24%|██▎       | 71/300 [00:00<00:01, 189.57it/s]
Epoch 59/150:  32%|███▏      | 97/300 [00:00<00:00, 213.39it/s]
Epoch 59/150:  40%|███▉      | 119/300 [00:00<00:00, 203.63it/s]
Epoch 59/150:  49%|████▊     | 146/300 [00:00<00:00, 223.01it/s]
Epoch 59/150:  56%|█████▋    | 169/300 [00:00<00:00, 208.24it/s]
Epoch 59/150:  65%|██████▌   | 196/300 [00:00<00:00, 223.56it/s]
Epoch 59/150:  73%|███████▎  | 219/300 [00:01<00:00, 210.12it/s]
Epoch 59/150:  81%|████████▏ | 244/300 [00:01<00:00, 220.64it/s]
Epoch 59/150:  89%|████████▉ | 267/300 [00:01<00:00, 213.16it/s]
Epoch 59/150:  97%|█████████▋| 291/300 [00:01<00:00, 218.67it/s]
Epoch 59/150: 100%|██████████| 300/300 [00:01<00:00, 199.21it/s]
Applying dtwwarp augmentation (this might take a while)...
Augmentation dtwwarp applied successfully.
Fold 0 | Input Dim: 70 | Train: 9578, Val: 720, Test: 1347
Epoch 1, Train Loss: 0.2036, Train F1: 0.5476, Val F1: 0.5734, LR: 0.000040
✅ Model Saved (Best F1-score)
Epoch 2, Train Loss: 0.1854, Train F1: 0.6207, Val F1: 0.6591, LR: 0.000060
✅ Model Saved (Best F1-score)
Epoch 3, Train Loss: 0.1778, Train F1: 0.6419, Val F1: 0.6717, LR: 0.000080
✅ Model Saved (Best F1-score)
Epoch 4, Train Loss: 0.1734, Train F1: 0.6599, Val F1: 0.6408, LR: 0.000100
Epoch 5, Train Loss: 0.1687, Train F1: 0.6747, Val F1: 0.6690, LR: 0.000100
Epoch 6, Train Loss: 0.1646, Train F1: 0.6876, Val F1: 0.6601, LR: 0.000100
Epoch 7, Train Loss: 0.1616, Train F1: 0.6969, Val F1: 0.6761, LR: 0.000100
✅ Model Saved (Best F1-score)
Epoch 8, Train Loss: 0.1596, Train F1: 0.7026, Val F1: 0.6635, LR: 0.000100
Epoch 9, Train Loss: 0.1565, Train F1: 0.7102, Val F1: 0.6832, LR: 0.000100
✅ Model Saved (Best F1-score)
Epoch 10, Train Loss: 0.1541, Train F1: 0.7194, Val F1: 0.6752, LR: 0.000100
Epoch 11, Train Loss: 0.1514, Train F1: 0.7208, Val F1: 0.6668, LR: 0.000100
Epoch 12, Train Loss: 0.1504, Train F1: 0.7234, Val F1: 0.6754, LR: 0.000099
Epoch 13, Train Loss: 0.1459, Train F1: 0.7333, Val F1: 0.6692, LR: 0.000099
Epoch 14, Train Loss: 0.1433, Train F1: 0.7398, Val F1: 0.6473, LR: 0.000099
Epoch 15, Train Loss: 0.1407, Train F1: 0.7426, Val F1: 0.6621, LR: 0.000099
Epoch 16, Train Loss: 0.1376, Train F1: 0.7515, Val F1: 0.6484, LR: 0.000099
Epoch 17, Train Loss: 0.1338, Train F1: 0.7555, Val F1: 0.6458, LR: 0.000098
Epoch 18, Train Loss: 0.1307, Train F1: 0.7592, Val F1: 0.6496, LR: 0.000098
Epoch 19, Train Loss: 0.1278, Train F1: 0.7657, Val F1: 0.6510, LR: 0.000098
Epoch 20, Train Loss: 0.1247, Train F1: 0.7751, Val F1: 0.6538, LR: 0.000097
Epoch 21, Train Loss: 0.1202, Train F1: 0.7784, Val F1: 0.6692, LR: 0.000097
Epoch 22, Train Loss: 0.1172, Train F1: 0.7839, Val F1: 0.6485, LR: 0.000097
Epoch 23, Train Loss: 0.1121, Train F1: 0.7981, Val F1: 0.6509, LR: 0.000096
Epoch 24, Train Loss: 0.1094, Train F1: 0.7995, Val F1: 0.6356, LR: 0.000096
Epoch 25, Train Loss: 0.1065, Train F1: 0.8042, Val F1: 0.6323, LR: 0.000095
Epoch 26, Train Loss: 0.1026, Train F1: 0.8109, Val F1: 0.6432, LR: 0.000095
Epoch 27, Train Loss: 0.0988, Train F1: 0.8171, Val F1: 0.6467, LR: 0.000094
Epoch 28, Train Loss: 0.0956, Train F1: 0.8255, Val F1: 0.6373, LR: 0.000094
Epoch 29, Train Loss: 0.0924, Train F1: 0.8316, Val F1: 0.6253, LR: 0.000093
Epoch 30, Train Loss: 0.0891, Train F1: 0.8341, Val F1: 0.6227, LR: 0.000093
Epoch 31, Train Loss: 0.0872, Train F1: 0.8405, Val F1: 0.6487, LR: 0.000092
Epoch 32, Train Loss: 0.0825, Train F1: 0.8491, Val F1: 0.6426, LR: 0.000092
Epoch 33, Train Loss: 0.0814, Train F1: 0.8495, Val F1: 0.6389, LR: 0.000091
Epoch 34, Train Loss: 0.0768, Train F1: 0.8588, Val F1: 0.6404, LR: 0.000090
Epoch 35, Train Loss: 0.0751, Train F1: 0.8657, Val F1: 0.6334, LR: 0.000090
Epoch 36, Train Loss: 0.0727, Train F1: 0.8696, Val F1: 0.6265, LR: 0.000089
Epoch 37, Train Loss: 0.0687, Train F1: 0.8750, Val F1: 0.6322, LR: 0.000088
Epoch 38, Train Loss: 0.0666, Train F1: 0.8776, Val F1: 0.6229, LR: 0.000088
Epoch 39, Train Loss: 0.0640, Train F1: 0.8833, Val F1: 0.6296, LR: 0.000087
Epoch 40, Train Loss: 0.0607, Train F1: 0.8900, Val F1: 0.6193, LR: 0.000086
Epoch 41, Train Loss: 0.0600, Train F1: 0.8915, Val F1: 0.6212, LR: 0.000086
Epoch 42, Train Loss: 0.0579, Train F1: 0.8973, Val F1: 0.6217, LR: 0.000085
Epoch 43, Train Loss: 0.0558, Train F1: 0.9006, Val F1: 0.6046, LR: 0.000084
Epoch 44, Train Loss: 0.0537, Train F1: 0.9053, Val F1: 0.6286, LR: 0.000083
Epoch 45, Train Loss: 0.0518, Train F1: 0.9094, Val F1: 0.6196, LR: 0.000082
Epoch 46, Train Loss: 0.0487, Train F1: 0.9149, Val F1: 0.6209, LR: 0.000082
Epoch 47, Train Loss: 0.0474, Train F1: 0.9171, Val F1: 0.6315, LR: 0.000081
Epoch 48, Train Loss: 0.0461, Train F1: 0.9189, Val F1: 0.6178, LR: 0.000080
Epoch 49, Train Loss: 0.0428, Train F1: 0.9266, Val F1: 0.6122, LR: 0.000079
Epoch 50, Train Loss: 0.0433, Train F1: 0.9262, Val F1: 0.6197, LR: 0.000078
Epoch 51, Train Loss: 0.0414, Train F1: 0.9274, Val F1: 0.6136, LR: 0.000077
Epoch 52, Train Loss: 0.0378, Train F1: 0.9340, Val F1: 0.6168, LR: 0.000076
Epoch 53, Train Loss: 0.0385, Train F1: 0.9331, Val F1: 0.6203, LR: 0.000075
Epoch 54, Train Loss: 0.0363, Train F1: 0.9385, Val F1: 0.6263, LR: 0.000074
Epoch 55, Train Loss: 0.0347, Train F1: 0.9399, Val F1: 0.6238, LR: 0.000073
Epoch 56, Train Loss: 0.0334, Train F1: 0.9442, Val F1: 0.6259, LR: 0.000072
Epoch 57, Train Loss: 0.0316, Train F1: 0.9464, Val F1: 0.6394, LR: 0.000071
Epoch 58, Train Loss: 0.0309, Train F1: 0.9459, Val F1: 0.6270, LR: 0.000071
Epoch 59, Train Loss: 0.0298, Train F1: 0.9506, Val F1: 0.6186, LR: 0.000070
⏹️ Early Stopping Triggered
Fold 0 Test F1: 0.6965, Accuracy: 0.3786, cost 1.194677090945736e-05 sec

✅ F1 scores from each Fold:
Fold 0: Macro F1 = 0.6965, Accuracy: 0.3786, cost time = 0.000012 sec
  - Correct: F1 = 0.4894
  - Far from the shins: F1 = 0.7540
  - Hips rise first: F1 = 0.7326
  - Collide with the knees: F1 = 0.6200
  - Lower back rounding: F1 = 0.6792

📊 Average F1 Score: 0.6965 ± 0.0000
  Average F1 Score per Class:
  - Correct: 0.4894 ± 0.0000
  - Far from the shins: 0.7540 ± 0.0000
  - Hips rise first: 0.7326 ± 0.0000
  - Collide with the knees: 0.6200 ± 0.0000
  - Lower back rounding: 0.6792 ± 0.0000
🏆 Best F1: 0.6965 from Fold 0
📁 Best model saved at: ./models/deadlift/TST_Deadlift_3D/phase4.8_test_heads8_dtwwarp/PatchTST_model_fold0.pth

✅ 寫入完成：./models/deadlift/TST_Deadlift_3D/phase4.8_test_heads8_dtwwarp/results_summary.txt

  0%|          | 0/4789 [00:00<?, ?it/s]
  1%|          | 30/4789 [00:00<00:16, 296.30it/s]
  1%|▏         | 63/4789 [00:00<00:15, 312.12it/s]
  2%|▏         | 96/4789 [00:00<00:14, 318.43it/s]
  3%|▎         | 129/4789 [00:00<00:14, 321.40it/s]
  3%|▎         | 162/4789 [00:00<00:14, 322.54it/s]
  4%|▍         | 196/4789 [00:00<00:14, 325.08it/s]
  5%|▍         | 229/4789 [00:00<00:14, 323.87it/s]
  5%|▌         | 262/4789 [00:00<00:13, 325.46it/s]
  6%|▌         | 295/4789 [00:00<00:13, 323.27it/s]
  7%|▋         | 329/4789 [00:01<00:13, 326.10it/s]
  8%|▊         | 362/4789 [00:01<00:13, 324.54it/s]
  8%|▊         | 395/4789 [00:01<00:13, 326.07it/s]
  9%|▉         | 428/4789 [00:01<00:13, 325.24it/s]
 10%|▉         | 461/4789 [00:01<00:13, 325.85it/s]
 10%|█         | 494/4789 [00:01<00:13, 325.85it/s]
 11%|█         | 527/4789 [00:01<00:13, 324.09it/s]
 12%|█▏        | 560/4789 [00:01<00:13, 324.01it/s]
 12%|█▏        | 593/4789 [00:01<00:13, 322.66it/s]
 13%|█▎        | 627/4789 [00:01<00:12, 325.76it/s]
 14%|█▍        | 660/4789 [00:02<00:12, 324.27it/s]
 14%|█▍        | 694/4789 [00:02<00:12, 327.12it/s]
 15%|█▌        | 727/4789 [00:02<00:12, 326.14it/s]
 16%|█▌        | 761/4789 [00:02<00:12, 327.64it/s]
 17%|█▋        | 794/4789 [00:02<00:12, 327.43it/s]
 17%|█▋        | 827/4789 [00:02<00:12, 327.15it/s]
 18%|█▊        | 860/4789 [00:02<00:12, 326.67it/s]
 19%|█▊        | 893/4789 [00:02<00:12, 324.00it/s]
 19%|█▉        | 926/4789 [00:02<00:11, 322.14it/s]
 20%|██        | 959/4789 [00:02<00:11, 320.75it/s]
 21%|██        | 992/4789 [00:03<00:11, 320.52it/s]
 21%|██▏       | 1025/4789 [00:03<00:11, 319.63it/s]
 22%|██▏       | 1058/4789 [00:03<00:11, 321.86it/s]
 23%|██▎       | 1091/4789 [00:03<00:11, 321.59it/s]
 23%|██▎       | 1124/4789 [00:03<00:11, 322.79it/s]
 24%|██▍       | 1157/4789 [00:03<00:11, 322.59it/s]
 25%|██▍       | 1190/4789 [00:03<00:11, 322.77it/s]
 26%|██▌       | 1223/4789 [00:03<00:11, 321.45it/s]
 26%|██▌       | 1256/4789 [00:03<00:10, 322.51it/s]
 27%|██▋       | 1289/4789 [00:03<00:10, 323.75it/s]
 28%|██▊       | 1322/4789 [00:04<00:10, 322.21it/s]
 28%|██▊       | 1355/4789 [00:04<00:10, 322.02it/s]
 29%|██▉       | 1388/4789 [00:04<00:10, 320.95it/s]
 30%|██▉       | 1421/4789 [00:04<00:10, 322.42it/s]
 30%|███       | 1454/4789 [00:04<00:10, 321.37it/s]
 31%|███       | 1487/4789 [00:04<00:10, 322.07it/s]
 32%|███▏      | 1520/4789 [00:04<00:10, 321.90it/s]
 32%|███▏      | 1553/4789 [00:04<00:10, 321.88it/s]
 33%|███▎      | 1586/4789 [00:04<00:09, 322.10it/s]
 34%|███▍      | 1619/4789 [00:05<00:09, 323.12it/s]
 34%|███▍      | 1652/4789 [00:05<00:09, 323.32it/s]
 35%|███▌      | 1685/4789 [00:05<00:09, 323.59it/s]
 36%|███▌      | 1718/4789 [00:05<00:09, 324.75it/s]
 37%|███▋      | 1751/4789 [00:05<00:09, 323.79it/s]
 37%|███▋      | 1785/4789 [00:05<00:09, 325.92it/s]
 38%|███▊      | 1818/4789 [00:05<00:09, 323.58it/s]
 39%|███▊      | 1852/4789 [00:05<00:09, 325.73it/s]
 39%|███▉      | 1885/4789 [00:05<00:08, 324.51it/s]
 40%|████      | 1918/4789 [00:05<00:08, 325.93it/s]
 41%|████      | 1951/4789 [00:06<00:08, 325.60it/s]
 41%|████▏     | 1984/4789 [00:06<00:08, 324.56it/s]
 42%|████▏     | 2017/4789 [00:06<00:08, 325.98it/s]
 43%|████▎     | 2050/4789 [00:06<00:08, 325.11it/s]
 44%|████▎     | 2084/4789 [00:06<00:08, 326.70it/s]
 44%|████▍     | 2117/4789 [00:06<00:08, 325.02it/s]
 45%|████▍     | 2151/4789 [00:06<00:08, 326.80it/s]
 46%|████▌     | 2184/4789 [00:06<00:08, 324.70it/s]
 46%|████▋     | 2218/4789 [00:06<00:07, 326.28it/s]
 47%|████▋     | 2251/4789 [00:06<00:07, 324.66it/s]
 48%|████▊     | 2285/4789 [00:07<00:07, 327.05it/s]
 48%|████▊     | 2318/4789 [00:07<00:07, 324.89it/s]
 49%|████▉     | 2352/4789 [00:07<00:07, 326.58it/s]
 50%|████▉     | 2385/4789 [00:07<00:07, 325.24it/s]
 50%|█████     | 2418/4789 [00:07<00:07, 324.79it/s]
 51%|█████     | 2451/4789 [00:07<00:07, 323.88it/s]
 52%|█████▏    | 2484/4789 [00:07<00:07, 323.89it/s]
 53%|█████▎    | 2517/4789 [00:07<00:06, 325.06it/s]
 53%|█████▎    | 2550/4789 [00:07<00:06, 324.51it/s]
 54%|█████▍    | 2583/4789 [00:07<00:06, 325.49it/s]
 55%|█████▍    | 2616/4789 [00:08<00:06, 324.56it/s]
 55%|█████▌    | 2649/4789 [00:08<00:06, 326.02it/s]
 56%|█████▌    | 2682/4789 [00:08<00:06, 323.78it/s]
 57%|█████▋    | 2715/4789 [00:08<00:06, 322.77it/s]
 57%|█████▋    | 2748/4789 [00:08<00:06, 321.15it/s]
 58%|█████▊    | 2781/4789 [00:08<00:06, 319.85it/s]
 59%|█████▊    | 2813/4789 [00:08<00:06, 319.02it/s]
 59%|█████▉    | 2845/4789 [00:08<00:06, 318.47it/s]
 60%|██████    | 2877/4789 [00:08<00:06, 317.84it/s]
 61%|██████    | 2909/4789 [00:08<00:05, 317.68it/s]
 61%|██████▏   | 2942/4789 [00:09<00:05, 318.86it/s]
 62%|██████▏   | 2974/4789 [00:09<00:05, 318.26it/s]
 63%|██████▎   | 3006/4789 [00:09<00:05, 317.77it/s]
 63%|██████▎   | 3038/4789 [00:09<00:05, 317.87it/s]
 64%|██████▍   | 3072/4789 [00:09<00:05, 322.30it/s]
 65%|██████▍   | 3105/4789 [00:09<00:05, 321.88it/s]
 66%|██████▌   | 3138/4789 [00:09<00:05, 323.14it/s]
 66%|██████▌   | 3171/4789 [00:09<00:05, 322.47it/s]
 67%|██████▋   | 3204/4789 [00:09<00:04, 324.47it/s]
 68%|██████▊   | 3237/4789 [00:10<00:04, 324.25it/s]
 68%|██████▊   | 3270/4789 [00:10<00:04, 323.86it/s]
 69%|██████▉   | 3303/4789 [00:10<00:04, 325.31it/s]
 70%|██████▉   | 3336/4789 [00:10<00:04, 323.64it/s]
 70%|███████   | 3369/4789 [00:10<00:04, 325.50it/s]
 71%|███████   | 3402/4789 [00:10<00:04, 324.41it/s]
 72%|███████▏  | 3436/4789 [00:10<00:04, 326.31it/s]
 72%|███████▏  | 3469/4789 [00:10<00:04, 323.88it/s]
 73%|███████▎  | 3502/4789 [00:10<00:03, 323.33it/s]
 74%|███████▍  | 3535/4789 [00:10<00:03, 321.32it/s]
 75%|███████▍  | 3568/4789 [00:11<00:03, 319.97it/s]
 75%|███████▌  | 3601/4789 [00:11<00:03, 318.98it/s]
 76%|███████▌  | 3634/4789 [00:11<00:03, 319.67it/s]
 77%|███████▋  | 3667/4789 [00:11<00:03, 321.36it/s]
 77%|███████▋  | 3700/4789 [00:11<00:03, 320.07it/s]
 78%|███████▊  | 3733/4789 [00:11<00:03, 319.08it/s]
 79%|███████▊  | 3766/4789 [00:11<00:03, 319.79it/s]
 79%|███████▉  | 3800/4789 [00:11<00:03, 322.84it/s]
 80%|████████  | 3833/4789 [00:11<00:02, 321.65it/s]
 81%|████████  | 3867/4789 [00:11<00:02, 324.86it/s]
 81%|████████▏ | 3900/4789 [00:12<00:02, 323.81it/s]
 82%|████████▏ | 3933/4789 [00:12<00:02, 325.53it/s]
 83%|████████▎ | 3966/4789 [00:12<00:02, 325.15it/s]
 84%|████████▎ | 4000/4789 [00:12<00:02, 326.68it/s]
 84%|████████▍ | 4033/4789 [00:12<00:02, 325.79it/s]
 85%|████████▍ | 4066/4789 [00:12<00:02, 323.23it/s]
 86%|████████▌ | 4099/4789 [00:12<00:02, 321.34it/s]
 86%|████████▋ | 4132/4789 [00:12<00:02, 320.82it/s]
 87%|████████▋ | 4165/4789 [00:12<00:01, 322.72it/s]
 88%|████████▊ | 4198/4789 [00:12<00:01, 322.43it/s]
 88%|████████▊ | 4231/4789 [00:13<00:01, 322.01it/s]
 89%|████████▉ | 4264/4789 [00:13<00:01, 320.97it/s]
 90%|████████▉ | 4297/4789 [00:13<00:01, 321.69it/s]
 90%|█████████ | 4330/4789 [00:13<00:01, 320.52it/s]
 91%|█████████ | 4363/4789 [00:13<00:01, 319.93it/s]
 92%|█████████▏| 4396/4789 [00:13<00:01, 320.09it/s]
 92%|█████████▏| 4429/4789 [00:13<00:01, 319.42it/s]
 93%|█████████▎| 4461/4789 [00:13<00:01, 319.07it/s]
 94%|█████████▍| 4493/4789 [00:13<00:00, 319.31it/s]
 95%|█████████▍| 4526/4789 [00:14<00:00, 320.90it/s]
 95%|█████████▌| 4559/4789 [00:14<00:00, 320.17it/s]
 96%|█████████▌| 4592/4789 [00:14<00:00, 321.34it/s]
 97%|█████████▋| 4625/4789 [00:14<00:00, 320.63it/s]
 97%|█████████▋| 4658/4789 [00:14<00:00, 321.38it/s]
 98%|█████████▊| 4691/4789 [00:14<00:00, 321.30it/s]
 99%|█████████▊| 4724/4789 [00:14<00:00, 321.30it/s]
 99%|█████████▉| 4757/4789 [00:14<00:00, 322.44it/s]
100%|██████████| 4789/4789 [00:14<00:00, 322.95it/s]

Epoch 1/150:   0%|          | 0/300 [00:00<?, ?it/s]
Epoch 1/150:   0%|          | 1/300 [00:00<02:27,  2.03it/s]
Epoch 1/150:   7%|▋         | 21/300 [00:00<00:06, 46.42it/s]
Epoch 1/150:  15%|█▌        | 45/300 [00:00<00:02, 93.29it/s]
Epoch 1/150:  24%|██▍       | 73/300 [00:00<00:01, 139.85it/s]
Epoch 1/150:  32%|███▏      | 95/300 [00:00<00:01, 153.68it/s]
Epoch 1/150:  41%|████      | 123/300 [00:01<00:00, 185.41it/s]
Epoch 1/150:  49%|████▊     | 146/300 [00:01<00:00, 188.87it/s]
Epoch 1/150:  58%|█████▊    | 173/300 [00:01<00:00, 210.35it/s]
Epoch 1/150:  66%|██████▌   | 197/300 [00:01<00:00, 205.61it/s]
Epoch 1/150:  74%|███████▍  | 222/300 [00:01<00:00, 216.69it/s]
Epoch 1/150:  82%|████████▏ | 245/300 [00:01<00:00, 213.66it/s]
Epoch 1/150:  89%|████████▉ | 268/300 [00:01<00:00, 216.16it/s]
Epoch 1/150:  97%|█████████▋| 291/300 [00:01<00:00, 216.14it/s]
Epoch 1/150: 100%|██████████| 300/300 [00:01<00:00, 160.22it/s]

Epoch 2/150:   0%|          | 0/300 [00:00<?, ?it/s]
Epoch 2/150:   0%|          | 1/300 [00:00<00:31,  9.63it/s]
Epoch 2/150:   7%|▋         | 21/300 [00:00<00:02, 116.81it/s]
Epoch 2/150:  17%|█▋        | 51/300 [00:00<00:01, 198.30it/s]
Epoch 2/150:  24%|██▍       | 73/300 [00:00<00:01, 203.56it/s]
Epoch 2/150:  32%|███▏      | 95/300 [00:00<00:00, 207.32it/s]
Epoch 2/150:  40%|████      | 120/300 [00:00<00:00, 219.37it/s]
Epoch 2/150:  47%|████▋     | 142/300 [00:00<00:00, 209.32it/s]
Epoch 2/150:  56%|█████▋    | 169/300 [00:00<00:00, 226.15it/s]
Epoch 2/150:  64%|██████▍   | 192/300 [00:00<00:00, 214.54it/s]
Epoch 2/150:  73%|███████▎  | 219/300 [00:01<00:00, 229.89it/s]
Epoch 2/150:  81%|████████  | 243/300 [00:01<00:00, 217.39it/s]
Epoch 2/150:  90%|█████████ | 270/300 [00:01<00:00, 229.45it/s]
Epoch 2/150:  98%|█████████▊| 294/300 [00:01<00:00, 221.89it/s]
Epoch 2/150: 100%|██████████| 300/300 [00:01<00:00, 203.74it/s]

Epoch 3/150:   0%|          | 0/300 [00:00<?, ?it/s]
Epoch 3/150:   0%|          | 1/300 [00:00<00:34,  8.76it/s]
Epoch 3/150:   8%|▊         | 23/300 [00:00<00:02, 124.85it/s]
Epoch 3/150:  17%|█▋        | 51/300 [00:00<00:01, 189.70it/s]
Epoch 3/150:  24%|██▍       | 72/300 [00:00<00:01, 195.48it/s]
Epoch 3/150:  33%|███▎      | 100/300 [00:00<00:00, 224.41it/s]
Epoch 3/150:  41%|████      | 123/300 [00:00<00:00, 216.18it/s]
Epoch 3/150:  49%|████▉     | 147/300 [00:00<00:00, 223.42it/s]
Epoch 3/150:  57%|█████▋    | 170/300 [00:00<00:00, 220.09it/s]
Epoch 3/150:  64%|██████▍   | 193/300 [00:00<00:00, 221.79it/s]
Epoch 3/150:  74%|███████▎  | 221/300 [00:01<00:00, 237.12it/s]
Epoch 3/150:  82%|████████▏ | 245/300 [00:01<00:00, 220.38it/s]
Epoch 3/150:  91%|█████████ | 272/300 [00:01<00:00, 233.92it/s]
Epoch 3/150:  99%|█████████▊| 296/300 [00:01<00:00, 217.48it/s]
Epoch 3/150: 100%|██████████| 300/300 [00:01<00:00, 204.32it/s]

Epoch 4/150:   0%|          | 0/300 [00:00<?, ?it/s]
Epoch 4/150:   0%|          | 1/300 [00:00<00:32,  9.28it/s]
Epoch 4/150:   8%|▊         | 25/300 [00:00<00:01, 138.74it/s]
Epoch 4/150:  17%|█▋        | 50/300 [00:00<00:01, 185.68it/s]
Epoch 4/150:  23%|██▎       | 69/300 [00:00<00:01, 185.29it/s]
Epoch 4/150:  32%|███▏      | 97/300 [00:00<00:00, 215.45it/s]
Epoch 4/150:  40%|███▉      | 119/300 [00:00<00:00, 204.55it/s]
Epoch 4/150:  49%|████▉     | 147/300 [00:00<00:00, 226.50it/s]
Epoch 4/150:  57%|█████▋    | 170/300 [00:00<00:00, 214.35it/s]
Epoch 4/150:  65%|██████▌   | 196/300 [00:00<00:00, 227.10it/s]
Epoch 4/150:  73%|███████▎  | 219/300 [00:01<00:00, 219.87it/s]
Epoch 4/150:  81%|████████  | 243/300 [00:01<00:00, 224.67it/s]
Epoch 4/150:  89%|████████▊ | 266/300 [00:01<00:00, 218.86it/s]
Epoch 4/150:  96%|█████████▋| 289/300 [00:01<00:00, 217.95it/s]
Epoch 4/150: 100%|██████████| 300/300 [00:01<00:00, 202.50it/s]

Epoch 5/150:   0%|          | 0/300 [00:00<?, ?it/s]
Epoch 5/150:   0%|          | 1/300 [00:00<00:29,  9.97it/s]
Epoch 5/150:   8%|▊         | 23/300 [00:00<00:02, 132.70it/s]
Epoch 5/150:  15%|█▌        | 45/300 [00:00<00:01, 170.27it/s]
Epoch 5/150:  22%|██▏       | 67/300 [00:00<00:01, 188.82it/s]
Epoch 5/150:  31%|███▏      | 94/300 [00:00<00:00, 212.02it/s]
Epoch 5/150:  39%|███▊      | 116/300 [00:00<00:00, 205.80it/s]
Epoch 5/150:  48%|████▊     | 143/300 [00:00<00:00, 222.91it/s]
Epoch 5/150:  55%|█████▌    | 166/300 [00:00<00:00, 209.23it/s]
Epoch 5/150:  65%|██████▍   | 194/300 [00:00<00:00, 228.19it/s]
Epoch 5/150:  73%|███████▎  | 218/300 [00:01<00:00, 214.15it/s]
Epoch 5/150:  82%|████████▏ | 246/300 [00:01<00:00, 229.97it/s]
Epoch 5/150:  90%|█████████ | 270/300 [00:01<00:00, 213.68it/s]
Epoch 5/150:  99%|█████████▉| 298/300 [00:01<00:00, 229.95it/s]
Epoch 5/150: 100%|██████████| 300/300 [00:01<00:00, 202.65it/s]

Epoch 6/150:   0%|          | 0/300 [00:00<?, ?it/s]
Epoch 6/150:   0%|          | 1/300 [00:00<00:31,  9.57it/s]
Epoch 6/150:  10%|▉         | 29/300 [00:00<00:01, 164.89it/s]
Epoch 6/150:  16%|█▌        | 48/300 [00:00<00:01, 172.90it/s]
Epoch 6/150:  24%|██▍       | 72/300 [00:00<00:01, 198.27it/s]
Epoch 6/150:  31%|███       | 92/300 [00:00<00:01, 198.15it/s]
Epoch 6/150:  38%|███▊      | 114/300 [00:00<00:00, 204.90it/s]
Epoch 6/150:  46%|████▌     | 138/300 [00:00<00:00, 207.89it/s]
Epoch 6/150:  53%|█████▎    | 159/300 [00:00<00:00, 208.24it/s]
Epoch 6/150:  62%|██████▏   | 187/300 [00:00<00:00, 227.94it/s]
Epoch 6/150:  70%|███████   | 210/300 [00:01<00:00, 210.75it/s]
Epoch 6/150:  79%|███████▉  | 237/300 [00:01<00:00, 227.55it/s]
Epoch 6/150:  87%|████████▋ | 261/300 [00:01<00:00, 216.58it/s]
Epoch 6/150:  96%|█████████▌| 287/300 [00:01<00:00, 226.43it/s]
Epoch 6/150: 100%|██████████| 300/300 [00:01<00:00, 201.00it/s]

Epoch 7/150:   0%|          | 0/300 [00:00<?, ?it/s]
Epoch 7/150:   0%|          | 1/300 [00:00<00:31,  9.57it/s]
Epoch 7/150:   7%|▋         | 22/300 [00:00<00:02, 123.88it/s]
Epoch 7/150:  16%|█▌        | 47/300 [00:00<00:01, 179.98it/s]
Epoch 7/150:  23%|██▎       | 69/300 [00:00<00:01, 194.65it/s]
Epoch 7/150:  30%|███       | 91/300 [00:00<00:01, 203.07it/s]
Epoch 7/150:  39%|███▉      | 117/300 [00:00<00:00, 219.65it/s]
Epoch 7/150:  46%|████▋     | 139/300 [00:00<00:00, 208.81it/s]
Epoch 7/150:  55%|█████▌    | 166/300 [00:00<00:00, 225.85it/s]
Epoch 7/150:  63%|██████▎   | 189/300 [00:00<00:00, 217.59it/s]
Epoch 7/150:  72%|███████▏  | 216/300 [00:01<00:00, 231.06it/s]
Epoch 7/150:  80%|████████  | 240/300 [00:01<00:00, 220.65it/s]
Epoch 7/150:  89%|████████▊ | 266/300 [00:01<00:00, 231.29it/s]
Epoch 7/150:  97%|█████████▋| 290/300 [00:01<00:00, 219.61it/s]
Epoch 7/150: 100%|██████████| 300/300 [00:01<00:00, 202.06it/s]

Epoch 8/150:   0%|          | 0/300 [00:00<?, ?it/s]
Epoch 8/150:   0%|          | 1/300 [00:00<00:32,  9.28it/s]
Epoch 8/150:   7%|▋         | 22/300 [00:00<00:02, 122.03it/s]
Epoch 8/150:  15%|█▌        | 45/300 [00:00<00:01, 168.38it/s]
Epoch 8/150:  22%|██▏       | 65/300 [00:00<00:01, 179.56it/s]
Epoch 8/150:  31%|███       | 93/300 [00:00<00:00, 214.89it/s]
Epoch 8/150:  38%|███▊      | 115/300 [00:00<00:00, 202.98it/s]
Epoch 8/150:  47%|████▋     | 142/300 [00:00<00:00, 221.71it/s]
Epoch 8/150:  55%|█████▌    | 165/300 [00:00<00:00, 212.98it/s]
Epoch 8/150:  63%|██████▎   | 189/300 [00:00<00:00, 220.77it/s]
Epoch 8/150:  71%|███████   | 212/300 [00:01<00:00, 219.14it/s]
Epoch 8/150:  78%|███████▊  | 235/300 [00:01<00:00, 219.78it/s]
Epoch 8/150:  87%|████████▋ | 262/300 [00:01<00:00, 229.13it/s]
Epoch 8/150:  95%|█████████▌| 285/300 [00:01<00:00, 216.56it/s]
Epoch 8/150: 100%|██████████| 300/300 [00:01<00:00, 200.66it/s]

Epoch 9/150:   0%|          | 0/300 [00:00<?, ?it/s]
Epoch 9/150:   0%|          | 1/300 [00:00<00:31,  9.63it/s]
Epoch 9/150:   9%|▉         | 27/300 [00:00<00:01, 153.85it/s]
Epoch 9/150:  16%|█▌        | 47/300 [00:00<00:01, 173.52it/s]
Epoch 9/150:  23%|██▎       | 69/300 [00:00<00:01, 190.04it/s]
Epoch 9/150:  31%|███▏      | 94/300 [00:00<00:00, 208.97it/s]
Epoch 9/150:  38%|███▊      | 115/300 [00:00<00:00, 198.31it/s]
Epoch 9/150:  47%|████▋     | 141/300 [00:00<00:00, 216.49it/s]
Epoch 9/150:  54%|█████▍    | 163/300 [00:00<00:00, 204.71it/s]
Epoch 9/150:  64%|██████▎   | 191/300 [00:00<00:00, 224.73it/s]
Epoch 9/150:  71%|███████▏  | 214/300 [00:01<00:00, 216.04it/s]
Epoch 9/150:  80%|████████  | 240/300 [00:01<00:00, 226.60it/s]
Epoch 9/150:  88%|████████▊ | 263/300 [00:01<00:00, 216.92it/s]
Epoch 9/150:  95%|█████████▌| 285/300 [00:01<00:00, 151.23it/s]
Epoch 9/150: 100%|██████████| 300/300 [00:01<00:00, 182.48it/s]

Epoch 10/150:   0%|          | 0/300 [00:00<?, ?it/s]
Epoch 10/150:   0%|          | 1/300 [00:00<00:31,  9.47it/s]
Epoch 10/150:   9%|▉         | 28/300 [00:00<00:01, 158.44it/s]
Epoch 10/150:  16%|█▌        | 48/300 [00:00<00:01, 176.26it/s]
Epoch 10/150:  24%|██▎       | 71/300 [00:00<00:01, 195.28it/s]
Epoch 10/150:  32%|███▏      | 95/300 [00:00<00:00, 209.47it/s]
Epoch 10/150:  39%|███▉      | 117/300 [00:00<00:00, 202.87it/s]
Epoch 10/150:  48%|████▊     | 143/300 [00:00<00:00, 220.45it/s]
Epoch 10/150:  55%|█████▌    | 166/300 [00:00<00:00, 206.33it/s]
Epoch 10/150:  64%|██████▍   | 193/300 [00:00<00:00, 224.68it/s]
Epoch 10/150:  72%|███████▏  | 216/300 [00:01<00:00, 213.71it/s]
Epoch 10/150:  81%|████████  | 242/300 [00:01<00:00, 225.12it/s]
Epoch 10/150:  88%|████████▊ | 265/300 [00:01<00:00, 215.37it/s]
Epoch 10/150:  97%|█████████▋| 290/300 [00:01<00:00, 225.05it/s]
Epoch 10/150: 100%|██████████| 300/300 [00:01<00:00, 202.34it/s]

Epoch 11/150:   0%|          | 0/300 [00:00<?, ?it/s]
Epoch 11/150:   0%|          | 1/300 [00:00<00:31,  9.49it/s]
Epoch 11/150:   9%|▉         | 27/300 [00:00<00:01, 152.28it/s]
Epoch 11/150:  15%|█▌        | 45/300 [00:00<00:01, 163.73it/s]
Epoch 11/150:  24%|██▎       | 71/300 [00:00<00:01, 200.11it/s]
Epoch 11/150:  31%|███       | 92/300 [00:00<00:01, 196.07it/s]
Epoch 11/150:  39%|███▉      | 117/300 [00:00<00:00, 211.74it/s]
Epoch 11/150:  46%|████▋     | 139/300 [00:00<00:00, 212.96it/s]
Epoch 11/150:  54%|█████▎    | 161/300 [00:00<00:00, 215.09it/s]
Epoch 11/150:  63%|██████▎   | 188/300 [00:00<00:00, 229.52it/s]
Epoch 11/150:  70%|███████   | 211/300 [00:01<00:00, 211.35it/s]
Epoch 11/150:  79%|███████▉  | 238/300 [00:01<00:00, 225.89it/s]
Epoch 11/150:  87%|████████▋ | 261/300 [00:01<00:00, 211.62it/s]
Epoch 11/150:  96%|█████████▌| 288/300 [00:01<00:00, 227.69it/s]
Epoch 11/150: 100%|██████████| 300/300 [00:01<00:00, 200.92it/s]

Epoch 12/150:   0%|          | 0/300 [00:00<?, ?it/s]
Epoch 12/150:   0%|          | 1/300 [00:00<00:30,  9.74it/s]
Epoch 12/150:   7%|▋         | 22/300 [00:00<00:02, 125.95it/s]
Epoch 12/150:  16%|█▌        | 47/300 [00:00<00:01, 180.85it/s]
Epoch 12/150:  23%|██▎       | 70/300 [00:00<00:01, 196.10it/s]
Epoch 12/150:  31%|███       | 92/300 [00:00<00:01, 202.25it/s]
Epoch 12/150:  39%|███▉      | 118/300 [00:00<00:00, 221.19it/s]
Epoch 12/150:  47%|████▋     | 141/300 [00:00<00:00, 207.14it/s]
Epoch 12/150:  56%|█████▌    | 167/300 [00:00<00:00, 221.50it/s]
Epoch 12/150:  63%|██████▎   | 190/300 [00:00<00:00, 207.36it/s]
Epoch 12/150:  72%|███████▏  | 216/300 [00:01<00:00, 220.75it/s]
Epoch 12/150:  80%|███████▉  | 239/300 [00:01<00:00, 217.31it/s]
Epoch 12/150:  88%|████████▊ | 264/300 [00:01<00:00, 225.41it/s]
Epoch 12/150:  96%|█████████▌| 287/300 [00:01<00:00, 217.80it/s]
Epoch 12/150: 100%|██████████| 300/300 [00:01<00:00, 200.02it/s]

Epoch 13/150:   0%|          | 0/300 [00:00<?, ?it/s]
Epoch 13/150:   0%|          | 1/300 [00:00<00:30,  9.77it/s]
Epoch 13/150:   7%|▋         | 21/300 [00:00<00:02, 120.06it/s]
Epoch 13/150:  15%|█▌        | 46/300 [00:00<00:01, 176.74it/s]
Epoch 13/150:  22%|██▏       | 65/300 [00:00<00:01, 179.74it/s]
Epoch 13/150:  29%|██▉       | 87/300 [00:00<00:01, 191.71it/s]
Epoch 13/150:  36%|███▋      | 109/300 [00:00<00:00, 197.20it/s]
Epoch 13/150:  44%|████▎     | 131/300 [00:00<00:00, 202.92it/s]
Epoch 13/150:  52%|█████▏    | 157/300 [00:00<00:00, 220.35it/s]
Epoch 13/150:  60%|██████    | 180/300 [00:00<00:00, 207.21it/s]
Epoch 13/150:  69%|██████▉   | 208/300 [00:01<00:00, 228.15it/s]
Epoch 13/150:  77%|███████▋  | 232/300 [00:01<00:00, 216.72it/s]
Epoch 13/150:  86%|████████▌ | 257/300 [00:01<00:00, 225.22it/s]
Epoch 13/150:  93%|█████████▎| 280/300 [00:01<00:00, 213.11it/s]
Epoch 13/150: 100%|██████████| 300/300 [00:01<00:00, 196.54it/s]

Epoch 14/150:   0%|          | 0/300 [00:00<?, ?it/s]
Epoch 14/150:   0%|          | 1/300 [00:00<00:33,  8.98it/s]
Epoch 14/150:   8%|▊         | 24/300 [00:00<00:02, 130.95it/s]
Epoch 14/150:  15%|█▌        | 45/300 [00:00<00:01, 157.09it/s]
Epoch 14/150:  21%|██▏       | 64/300 [00:00<00:01, 168.90it/s]
Epoch 14/150:  30%|██▉       | 89/300 [00:00<00:01, 196.44it/s]
Epoch 14/150:  36%|███▋      | 109/300 [00:00<00:00, 193.64it/s]
Epoch 14/150:  43%|████▎     | 130/300 [00:00<00:00, 197.14it/s]
Epoch 14/150:  50%|█████     | 150/300 [00:00<00:00, 191.43it/s]
Epoch 14/150:  57%|█████▋    | 170/300 [00:00<00:00, 193.05it/s]
Epoch 14/150:  64%|██████▎   | 191/300 [00:01<00:00, 195.84it/s]
Epoch 14/150:  70%|███████   | 211/300 [00:01<00:00, 186.09it/s]
Epoch 14/150:  78%|███████▊  | 233/300 [00:01<00:00, 194.42it/s]
Epoch 14/150:  84%|████████▍ | 253/300 [00:01<00:00, 188.89it/s]
Epoch 14/150:  91%|█████████▏| 274/300 [00:01<00:00, 193.80it/s]
Epoch 14/150:  98%|█████████▊| 294/300 [00:01<00:00, 191.11it/s]
Epoch 14/150: 100%|██████████| 300/300 [00:01<00:00, 178.22it/s]

Epoch 15/150:   0%|          | 0/300 [00:00<?, ?it/s]
Epoch 15/150:   0%|          | 1/300 [00:00<00:37,  8.00it/s]
Epoch 15/150:   6%|▋         | 19/300 [00:00<00:02, 96.97it/s]
Epoch 15/150:  14%|█▍        | 42/300 [00:00<00:01, 152.77it/s]
Epoch 15/150:  20%|█▉        | 59/300 [00:00<00:01, 158.20it/s]
Epoch 15/150:  26%|██▌       | 78/300 [00:00<00:01, 166.54it/s]
Epoch 15/150:  32%|███▏      | 97/300 [00:00<00:01, 173.08it/s]
Epoch 15/150:  38%|███▊      | 115/300 [00:00<00:01, 170.32it/s]
Epoch 15/150:  45%|████▌     | 136/300 [00:00<00:00, 182.35it/s]
Epoch 15/150:  52%|█████▏    | 155/300 [00:00<00:00, 183.76it/s]
Epoch 15/150:  59%|█████▉    | 177/300 [00:01<00:00, 193.48it/s]
Epoch 15/150:  66%|██████▋   | 199/300 [00:01<00:00, 200.46it/s]
Epoch 15/150:  73%|███████▎  | 220/300 [00:01<00:00, 191.75it/s]
Epoch 15/150:  81%|████████  | 243/300 [00:01<00:00, 201.58it/s]
Epoch 15/150:  88%|████████▊ | 264/300 [00:01<00:00, 192.92it/s]
Epoch 15/150:  95%|█████████▌| 285/300 [00:01<00:00, 196.09it/s]
Epoch 15/150: 100%|██████████| 300/300 [00:01<00:00, 174.34it/s]

Epoch 16/150:   0%|          | 0/300 [00:00<?, ?it/s]
Epoch 16/150:   0%|          | 1/300 [00:00<00:38,  7.74it/s]
Epoch 16/150:   6%|▋         | 19/300 [00:00<00:02, 96.88it/s]
Epoch 16/150:  13%|█▎        | 39/300 [00:00<00:01, 138.60it/s]
Epoch 16/150:  20%|██        | 61/300 [00:00<00:01, 168.63it/s]
Epoch 16/150:  27%|██▋       | 80/300 [00:00<00:01, 174.02it/s]
Epoch 16/150:  34%|███▍      | 102/300 [00:00<00:01, 187.34it/s]
Epoch 16/150:  41%|████      | 122/300 [00:00<00:00, 179.45it/s]
Epoch 16/150:  48%|████▊     | 144/300 [00:00<00:00, 190.18it/s]
Epoch 16/150:  55%|█████▌    | 166/300 [00:00<00:00, 195.20it/s]
Epoch 16/150:  62%|██████▏   | 186/300 [00:01<00:00, 188.53it/s]
Epoch 16/150:  69%|██████▉   | 207/300 [00:01<00:00, 192.58it/s]
Epoch 16/150:  76%|███████▌  | 227/300 [00:01<00:00, 186.15it/s]
Epoch 16/150:  83%|████████▎ | 249/300 [00:01<00:00, 193.20it/s]
Epoch 16/150:  90%|█████████ | 270/300 [00:01<00:00, 194.60it/s]
Epoch 16/150:  97%|█████████▋| 290/300 [00:01<00:00, 194.58it/s]
Epoch 16/150: 100%|██████████| 300/300 [00:01<00:00, 176.46it/s]

Epoch 17/150:   0%|          | 0/300 [00:00<?, ?it/s]
Epoch 17/150:   0%|          | 1/300 [00:00<00:31,  9.53it/s]
Epoch 17/150:   8%|▊         | 25/300 [00:00<00:01, 141.75it/s]
Epoch 17/150:  16%|█▌        | 47/300 [00:00<00:01, 174.51it/s]
Epoch 17/150:  23%|██▎       | 69/300 [00:00<00:01, 192.01it/s]
Epoch 17/150:  32%|███▏      | 96/300 [00:00<00:00, 216.79it/s]
Epoch 17/150:  39%|███▉      | 118/300 [00:00<00:00, 203.35it/s]
Epoch 17/150:  47%|████▋     | 142/300 [00:00<00:00, 211.83it/s]
Epoch 17/150:  55%|█████▍    | 164/300 [00:00<00:00, 194.80it/s]
Epoch 17/150:  62%|██████▏   | 186/300 [00:00<00:00, 201.24it/s]
Epoch 17/150:  69%|██████▉   | 207/300 [00:01<00:00, 191.03it/s]
Epoch 17/150:  76%|███████▌  | 227/300 [00:01<00:00, 189.97it/s]
Epoch 17/150:  82%|████████▏ | 247/300 [00:01<00:00, 185.43it/s]
Epoch 17/150:  89%|████████▉ | 267/300 [00:01<00:00, 188.13it/s]
Epoch 17/150:  96%|█████████▌| 288/300 [00:01<00:00, 191.89it/s]
Epoch 17/150: 100%|██████████| 300/300 [00:01<00:00, 181.71it/s]

Epoch 18/150:   0%|          | 0/300 [00:00<?, ?it/s]
Epoch 18/150:   0%|          | 1/300 [00:00<00:34,  8.56it/s]
Epoch 18/150:   6%|▌         | 17/300 [00:00<00:03, 89.75it/s]
Epoch 18/150:  12%|█▏        | 37/300 [00:00<00:01, 137.15it/s]
Epoch 18/150:  19%|█▉        | 57/300 [00:00<00:01, 158.35it/s]
Epoch 18/150:  25%|██▌       | 75/300 [00:00<00:01, 162.25it/s]
Epoch 18/150:  32%|███▏      | 97/300 [00:00<00:01, 178.76it/s]
Epoch 18/150:  39%|███▊      | 116/300 [00:00<00:01, 173.44it/s]
Epoch 18/150:  46%|████▌     | 137/300 [00:00<00:00, 183.06it/s]
Epoch 18/150:  53%|█████▎    | 158/300 [00:00<00:00, 188.26it/s]
Epoch 18/150:  59%|█████▉    | 178/300 [00:01<00:00, 190.83it/s]
Epoch 18/150:  67%|██████▋   | 202/300 [00:01<00:00, 204.74it/s]
Epoch 18/150:  74%|███████▍  | 223/300 [00:01<00:00, 196.38it/s]
Epoch 18/150:  81%|████████▏ | 244/300 [00:01<00:00, 198.25it/s]
Epoch 18/150:  88%|████████▊ | 264/300 [00:01<00:00, 194.33it/s]
Epoch 18/150:  95%|█████████▌| 285/300 [00:01<00:00, 198.22it/s]
Epoch 18/150: 100%|██████████| 300/300 [00:01<00:00, 175.24it/s]

Epoch 19/150:   0%|          | 0/300 [00:00<?, ?it/s]
Epoch 19/150:   0%|          | 1/300 [00:00<00:34,  8.67it/s]
Epoch 19/150:   8%|▊         | 23/300 [00:00<00:02, 122.85it/s]
Epoch 19/150:  14%|█▎        | 41/300 [00:00<00:01, 146.31it/s]
Epoch 19/150:  21%|██        | 62/300 [00:00<00:01, 170.17it/s]
Epoch 19/150:  27%|██▋       | 80/300 [00:00<00:01, 173.05it/s]
Epoch 19/150:  34%|███▎      | 101/300 [00:00<00:01, 183.57it/s]
Epoch 19/150:  41%|████      | 122/300 [00:00<00:00, 190.81it/s]
Epoch 19/150:  47%|████▋     | 142/300 [00:00<00:00, 179.42it/s]
Epoch 19/150:  54%|█████▍    | 162/300 [00:00<00:00, 185.23it/s]
Epoch 19/150:  60%|██████    | 181/300 [00:01<00:00, 183.48it/s]
Epoch 19/150:  67%|██████▋   | 202/300 [00:01<00:00, 189.82it/s]
Epoch 19/150:  74%|███████▍  | 222/300 [00:01<00:00, 187.60it/s]
Epoch 19/150:  81%|████████  | 243/300 [00:01<00:00, 191.85it/s]
Epoch 19/150:  88%|████████▊ | 264/300 [00:01<00:00, 195.76it/s]
Epoch 19/150:  95%|█████████▍| 284/300 [00:01<00:00, 186.20it/s]
Epoch 19/150: 100%|██████████| 300/300 [00:01<00:00, 174.90it/s]

Epoch 20/150:   0%|          | 0/300 [00:00<?, ?it/s]
Epoch 20/150:   0%|          | 1/300 [00:00<00:33,  8.87it/s]
Epoch 20/150:   7%|▋         | 22/300 [00:00<00:02, 119.32it/s]
Epoch 20/150:  14%|█▍        | 42/300 [00:00<00:01, 148.77it/s]
Epoch 20/150:  20%|██        | 61/300 [00:00<00:01, 162.53it/s]
Epoch 20/150:  27%|██▋       | 82/300 [00:00<00:01, 176.15it/s]
Epoch 20/150:  33%|███▎      | 100/300 [00:00<00:01, 170.91it/s]
Epoch 20/150:  40%|████      | 121/300 [00:00<00:00, 181.97it/s]
Epoch 20/150:  47%|████▋     | 140/300 [00:00<00:00, 184.02it/s]
Epoch 20/150:  54%|█████▍    | 163/300 [00:00<00:00, 195.09it/s]
Epoch 20/150:  61%|██████▏   | 184/300 [00:01<00:00, 199.00it/s]
Epoch 20/150:  68%|██████▊   | 204/300 [00:01<00:00, 197.08it/s]
Epoch 20/150:  77%|███████▋  | 231/300 [00:01<00:00, 216.85it/s]
Epoch 20/150:  84%|████████▍ | 253/300 [00:01<00:00, 211.87it/s]
Epoch 20/150:  92%|█████████▏| 275/300 [00:01<00:00, 212.09it/s]
Epoch 20/150:  99%|█████████▉| 298/300 [00:01<00:00, 215.02it/s]
Epoch 20/150: 100%|██████████| 300/300 [00:01<00:00, 184.21it/s]

Epoch 21/150:   0%|          | 0/300 [00:00<?, ?it/s]
Epoch 21/150:   0%|          | 1/300 [00:00<00:32,  9.14it/s]
Epoch 21/150:   7%|▋         | 20/300 [00:00<00:02, 108.25it/s]
Epoch 21/150:  13%|█▎        | 39/300 [00:00<00:01, 143.51it/s]
Epoch 21/150:  20%|█▉        | 59/300 [00:00<00:01, 159.87it/s]
Epoch 21/150:  27%|██▋       | 80/300 [00:00<00:01, 176.69it/s]
Epoch 21/150:  34%|███▍      | 103/300 [00:00<00:01, 192.23it/s]
Epoch 21/150:  41%|████      | 123/300 [00:00<00:00, 187.04it/s]
Epoch 21/150:  48%|████▊     | 145/300 [00:00<00:00, 195.94it/s]
Epoch 21/150:  55%|█████▌    | 165/300 [00:00<00:00, 188.50it/s]
Epoch 21/150:  63%|██████▎   | 188/300 [00:01<00:00, 198.71it/s]
Epoch 21/150:  70%|███████   | 211/300 [00:01<00:00, 207.29it/s]
Epoch 21/150:  77%|███████▋  | 232/300 [00:01<00:00, 192.02it/s]
Epoch 21/150:  85%|████████▌ | 255/300 [00:01<00:00, 200.47it/s]
Epoch 21/150:  92%|█████████▏| 276/300 [00:01<00:00, 189.98it/s]
Epoch 21/150:  99%|█████████▊| 296/300 [00:01<00:00, 192.26it/s]
Epoch 21/150: 100%|██████████| 300/300 [00:01<00:00, 177.54it/s]

Epoch 22/150:   0%|          | 0/300 [00:00<?, ?it/s]
Epoch 22/150:   0%|          | 1/300 [00:00<00:35,  8.42it/s]
Epoch 22/150:   7%|▋         | 20/300 [00:00<00:02, 107.57it/s]
Epoch 22/150:  13%|█▎        | 39/300 [00:00<00:01, 142.97it/s]
Epoch 22/150:  20%|██        | 61/300 [00:00<00:01, 171.36it/s]
Epoch 22/150:  27%|██▋       | 81/300 [00:00<00:01, 181.21it/s]
Epoch 22/150:  33%|███▎      | 100/300 [00:00<00:01, 178.04it/s]
Epoch 22/150:  41%|████      | 123/300 [00:00<00:00, 194.41it/s]
Epoch 22/150:  48%|████▊     | 143/300 [00:00<00:00, 193.87it/s]
Epoch 22/150:  56%|█████▌    | 167/300 [00:00<00:00, 205.84it/s]
Epoch 22/150:  63%|██████▎   | 188/300 [00:01<00:00, 206.27it/s]
Epoch 22/150:  70%|██████▉   | 209/300 [00:01<00:00, 202.39it/s]
Epoch 22/150:  78%|███████▊  | 233/300 [00:01<00:00, 210.05it/s]
Epoch 22/150:  85%|████████▌ | 255/300 [00:01<00:00, 200.95it/s]
Epoch 22/150:  94%|█████████▍| 282/300 [00:01<00:00, 218.70it/s]
Epoch 22/150: 100%|██████████| 300/300 [00:01<00:00, 170.28it/s]

Epoch 23/150:   0%|          | 0/300 [00:00<?, ?it/s]
Epoch 23/150:   0%|          | 1/300 [00:00<00:31,  9.58it/s]
Epoch 23/150:   9%|▉         | 28/300 [00:00<00:01, 158.72it/s]
Epoch 23/150:  16%|█▌        | 47/300 [00:00<00:01, 171.46it/s]
Epoch 23/150:  24%|██▎       | 71/300 [00:00<00:01, 197.93it/s]
Epoch 23/150:  30%|███       | 91/300 [00:00<00:01, 197.31it/s]
Epoch 23/150:  38%|███▊      | 114/300 [00:00<00:00, 207.42it/s]
Epoch 23/150:  46%|████▌     | 137/300 [00:00<00:00, 210.33it/s]
Epoch 23/150:  53%|█████▎    | 159/300 [00:00<00:00, 210.83it/s]
Epoch 23/150:  61%|██████▏   | 184/300 [00:00<00:00, 215.32it/s]
Epoch 23/150:  69%|██████▊   | 206/300 [00:01<00:00, 210.55it/s]
Epoch 23/150:  77%|███████▋  | 232/300 [00:01<00:00, 220.88it/s]
Epoch 23/150:  85%|████████▌ | 255/300 [00:01<00:00, 210.77it/s]
Epoch 23/150:  94%|█████████▎| 281/300 [00:01<00:00, 223.28it/s]
Epoch 23/150: 100%|██████████| 300/300 [00:01<00:00, 198.78it/s]

Epoch 24/150:   0%|          | 0/300 [00:00<?, ?it/s]
Epoch 24/150:   0%|          | 1/300 [00:00<00:31,  9.47it/s]
Epoch 24/150:   7%|▋         | 20/300 [00:00<00:02, 111.39it/s]
Epoch 24/150:  16%|█▌        | 47/300 [00:00<00:01, 180.59it/s]
Epoch 24/150:  22%|██▏       | 66/300 [00:00<00:01, 184.07it/s]
Epoch 24/150:  30%|███       | 90/300 [00:00<00:01, 201.79it/s]
Epoch 24/150:  37%|███▋      | 111/300 [00:00<00:00, 203.89it/s]
Epoch 24/150:  44%|████▍     | 133/300 [00:00<00:00, 207.02it/s]
Epoch 24/150:  53%|█████▎    | 160/300 [00:00<00:00, 222.03it/s]
Epoch 24/150:  61%|██████    | 183/300 [00:00<00:00, 211.93it/s]
Epoch 24/150:  70%|███████   | 211/300 [00:01<00:00, 229.28it/s]
Epoch 24/150:  78%|███████▊  | 235/300 [00:01<00:00, 214.78it/s]
Epoch 24/150:  88%|████████▊ | 263/300 [00:01<00:00, 231.94it/s]
Epoch 24/150:  96%|█████████▌| 287/300 [00:01<00:00, 217.08it/s]
Epoch 24/150: 100%|██████████| 300/300 [00:01<00:00, 200.27it/s]

Epoch 25/150:   0%|          | 0/300 [00:00<?, ?it/s]
Epoch 25/150:   0%|          | 1/300 [00:00<00:31,  9.60it/s]
Epoch 25/150:   9%|▉         | 28/300 [00:00<00:01, 157.76it/s]
Epoch 25/150:  16%|█▋        | 49/300 [00:00<00:01, 177.40it/s]
Epoch 25/150:  24%|██▎       | 71/300 [00:00<00:01, 192.82it/s]
Epoch 25/150:  32%|███▏      | 96/300 [00:00<00:00, 210.44it/s]
Epoch 25/150:  39%|███▉      | 118/300 [00:00<00:00, 204.28it/s]
Epoch 25/150:  49%|████▊     | 146/300 [00:00<00:00, 225.35it/s]
Epoch 25/150:  56%|█████▋    | 169/300 [00:00<00:00, 208.68it/s]
Epoch 25/150:  65%|██████▌   | 196/300 [00:00<00:00, 225.18it/s]
Epoch 25/150:  73%|███████▎  | 219/300 [00:01<00:00, 216.99it/s]
Epoch 25/150:  82%|████████▏ | 246/300 [00:01<00:00, 229.96it/s]
Epoch 25/150:  90%|█████████ | 270/300 [00:01<00:00, 217.65it/s]
Epoch 25/150:  99%|█████████▉| 297/300 [00:01<00:00, 229.55it/s]
Epoch 25/150: 100%|██████████| 300/300 [00:01<00:00, 204.10it/s]

Epoch 26/150:   0%|          | 0/300 [00:00<?, ?it/s]
Epoch 26/150:   0%|          | 1/300 [00:00<00:30,  9.80it/s]
Epoch 26/150:   9%|▊         | 26/300 [00:00<00:01, 149.68it/s]
Epoch 26/150:  15%|█▌        | 45/300 [00:00<00:01, 166.95it/s]
Epoch 26/150:  24%|██▎       | 71/300 [00:00<00:01, 201.15it/s]
Epoch 26/150:  31%|███       | 92/300 [00:00<00:01, 200.95it/s]
Epoch 26/150:  39%|███▉      | 118/300 [00:00<00:00, 218.33it/s]
Epoch 26/150:  47%|████▋     | 140/300 [00:00<00:00, 218.30it/s]
Epoch 26/150:  54%|█████▍    | 162/300 [00:00<00:00, 218.19it/s]
Epoch 26/150:  63%|██████▎   | 189/300 [00:00<00:00, 231.24it/s]
Epoch 26/150:  71%|███████   | 213/300 [00:01<00:00, 215.18it/s]
Epoch 26/150:  80%|███████▉  | 239/300 [00:01<00:00, 226.95it/s]
Epoch 26/150:  87%|████████▋ | 262/300 [00:01<00:00, 211.73it/s]
Epoch 26/150:  96%|█████████▌| 288/300 [00:01<00:00, 224.97it/s]
Epoch 26/150: 100%|██████████| 300/300 [00:01<00:00, 200.30it/s]

Epoch 27/150:   0%|          | 0/300 [00:00<?, ?it/s]
Epoch 27/150:   0%|          | 1/300 [00:00<00:31,  9.57it/s]
Epoch 27/150:   7%|▋         | 21/300 [00:00<00:02, 118.86it/s]
Epoch 27/150:  15%|█▌        | 46/300 [00:00<00:01, 177.08it/s]
Epoch 27/150:  22%|██▏       | 67/300 [00:00<00:01, 187.69it/s]
Epoch 27/150:  29%|██▉       | 88/300 [00:00<00:01, 194.06it/s]
Epoch 27/150:  38%|███▊      | 113/300 [00:00<00:00, 207.97it/s]
Epoch 27/150:  45%|████▍     | 134/300 [00:00<00:00, 199.34it/s]
Epoch 27/150:  54%|█████▎    | 161/300 [00:00<00:00, 219.21it/s]
Epoch 27/150:  61%|██████▏   | 184/300 [00:00<00:00, 203.20it/s]
Epoch 27/150:  70%|███████   | 211/300 [00:01<00:00, 220.47it/s]
Epoch 27/150:  78%|███████▊  | 234/300 [00:01<00:00, 212.12it/s]
Epoch 27/150:  87%|████████▋ | 260/300 [00:01<00:00, 223.84it/s]
Epoch 27/150:  94%|█████████▍| 283/300 [00:01<00:00, 215.35it/s]
Epoch 27/150: 100%|██████████| 300/300 [00:01<00:00, 195.93it/s]

Epoch 28/150:   0%|          | 0/300 [00:00<?, ?it/s]
Epoch 28/150:   0%|          | 1/300 [00:00<00:32,  9.28it/s]
Epoch 28/150:   8%|▊         | 23/300 [00:00<00:02, 127.09it/s]
Epoch 28/150:  16%|█▌        | 47/300 [00:00<00:01, 175.74it/s]
Epoch 28/150:  22%|██▏       | 66/300 [00:00<00:01, 180.26it/s]
Epoch 28/150:  31%|███▏      | 94/300 [00:00<00:00, 213.96it/s]
Epoch 28/150:  39%|███▊      | 116/300 [00:00<00:00, 204.82it/s]
Epoch 28/150:  47%|████▋     | 141/300 [00:00<00:00, 218.76it/s]
Epoch 28/150:  55%|█████▍    | 164/300 [00:00<00:00, 211.28it/s]
Epoch 28/150:  62%|██████▏   | 186/300 [00:00<00:00, 213.39it/s]
Epoch 28/150:  70%|██████▉   | 209/300 [00:01<00:00, 214.96it/s]
Epoch 28/150:  77%|███████▋  | 231/300 [00:01<00:00, 213.73it/s]
Epoch 28/150:  86%|████████▋ | 259/300 [00:01<00:00, 231.06it/s]
Epoch 28/150:  94%|█████████▍| 283/300 [00:01<00:00, 216.42it/s]
Epoch 28/150: 100%|██████████| 300/300 [00:01<00:00, 200.10it/s]

Epoch 29/150:   0%|          | 0/300 [00:00<?, ?it/s]
Epoch 29/150:   0%|          | 1/300 [00:00<00:33,  9.00it/s]
Epoch 29/150:   9%|▉         | 27/300 [00:00<00:01, 147.53it/s]
Epoch 29/150:  16%|█▌        | 47/300 [00:00<00:01, 168.41it/s]
Epoch 29/150:  23%|██▎       | 69/300 [00:00<00:01, 187.22it/s]
Epoch 29/150:  31%|███       | 93/300 [00:00<00:01, 199.67it/s]
Epoch 29/150:  38%|███▊      | 114/300 [00:00<00:00, 199.43it/s]
Epoch 29/150:  47%|████▋     | 140/300 [00:00<00:00, 217.32it/s]
Epoch 29/150:  54%|█████▍    | 162/300 [00:00<00:00, 204.74it/s]
Epoch 29/150:  63%|██████▎   | 189/300 [00:00<00:00, 221.30it/s]
Epoch 29/150:  71%|███████   | 212/300 [00:01<00:00, 207.77it/s]
Epoch 29/150:  79%|███████▉  | 238/300 [00:01<00:00, 221.68it/s]
Epoch 29/150:  87%|████████▋ | 261/300 [00:01<00:00, 214.11it/s]
Epoch 29/150:  96%|█████████▌| 288/300 [00:01<00:00, 228.30it/s]
Epoch 29/150: 100%|██████████| 300/300 [00:01<00:00, 198.38it/s]

Epoch 30/150:   0%|          | 0/300 [00:00<?, ?it/s]
Epoch 30/150:   0%|          | 1/300 [00:00<00:31,  9.37it/s]
Epoch 30/150:   8%|▊         | 23/300 [00:00<00:02, 126.80it/s]
Epoch 30/150:  16%|█▌        | 47/300 [00:00<00:01, 175.65it/s]
Epoch 30/150:  24%|██▍       | 73/300 [00:00<00:01, 205.45it/s]
Epoch 30/150:  31%|███▏      | 94/300 [00:00<00:01, 200.13it/s]
Epoch 30/150:  40%|████      | 121/300 [00:00<00:00, 222.30it/s]
Epoch 30/150:  48%|████▊     | 144/300 [00:00<00:00, 211.23it/s]
Epoch 30/150:  57%|█████▋    | 170/300 [00:00<00:00, 225.69it/s]
Epoch 30/150:  64%|██████▍   | 193/300 [00:00<00:00, 214.40it/s]
Epoch 30/150:  73%|███████▎  | 218/300 [00:01<00:00, 224.07it/s]
Epoch 30/150:  80%|████████  | 241/300 [00:01<00:00, 215.72it/s]
Epoch 30/150:  88%|████████▊ | 264/300 [00:01<00:00, 217.57it/s]
Epoch 30/150:  96%|█████████▌| 287/300 [00:01<00:00, 217.46it/s]
Epoch 30/150: 100%|██████████| 300/300 [00:01<00:00, 200.60it/s]

Epoch 31/150:   0%|          | 0/300 [00:00<?, ?it/s]
Epoch 31/150:   0%|          | 1/300 [00:00<00:31,  9.64it/s]
Epoch 31/150:   7%|▋         | 21/300 [00:00<00:02, 119.45it/s]
Epoch 31/150:  16%|█▌        | 47/300 [00:00<00:01, 180.34it/s]
Epoch 31/150:  22%|██▏       | 66/300 [00:00<00:01, 181.31it/s]
Epoch 31/150:  30%|██▉       | 89/300 [00:00<00:01, 198.41it/s]
Epoch 31/150:  37%|███▋      | 112/300 [00:00<00:00, 203.35it/s]
Epoch 31/150:  45%|████▍     | 134/300 [00:00<00:00, 206.80it/s]
Epoch 31/150:  53%|█████▎    | 159/300 [00:00<00:00, 219.13it/s]
Epoch 31/150:  60%|██████    | 181/300 [00:00<00:00, 206.77it/s]
Epoch 31/150:  69%|██████▉   | 208/300 [00:01<00:00, 222.70it/s]
Epoch 31/150:  77%|███████▋  | 231/300 [00:01<00:00, 210.60it/s]
Epoch 31/150:  86%|████████▌ | 258/300 [00:01<00:00, 225.64it/s]
Epoch 31/150:  94%|█████████▎| 281/300 [00:01<00:00, 216.26it/s]
Epoch 31/150: 100%|██████████| 300/300 [00:01<00:00, 197.05it/s]

Epoch 32/150:   0%|          | 0/300 [00:00<?, ?it/s]
Epoch 32/150:   0%|          | 1/300 [00:00<00:32,  9.27it/s]
Epoch 32/150:   8%|▊         | 25/300 [00:00<00:01, 140.19it/s]
Epoch 32/150:  15%|█▌        | 46/300 [00:00<00:01, 170.78it/s]
Epoch 32/150:  22%|██▏       | 67/300 [00:00<00:01, 183.89it/s]
Epoch 32/150:  31%|███       | 93/300 [00:00<00:00, 208.64it/s]
Epoch 32/150:  38%|███▊      | 114/300 [00:00<00:00, 195.68it/s]
Epoch 32/150:  47%|████▋     | 141/300 [00:00<00:00, 217.25it/s]
Epoch 32/150:  54%|█████▍    | 163/300 [00:00<00:00, 206.50it/s]
Epoch 32/150:  63%|██████▎   | 189/300 [00:00<00:00, 220.66it/s]
Epoch 32/150:  71%|███████   | 212/300 [00:01<00:00, 210.82it/s]
Epoch 32/150:  79%|███████▉  | 237/300 [00:01<00:00, 220.33it/s]
Epoch 32/150:  87%|████████▋ | 260/300 [00:01<00:00, 213.81it/s]
Epoch 32/150:  95%|█████████▍| 284/300 [00:01<00:00, 219.18it/s]
Epoch 32/150: 100%|██████████| 300/300 [00:01<00:00, 197.56it/s]

Epoch 33/150:   0%|          | 0/300 [00:00<?, ?it/s]
Epoch 33/150:   0%|          | 1/300 [00:00<00:31,  9.41it/s]
Epoch 33/150:   8%|▊         | 24/300 [00:00<00:02, 128.68it/s]
Epoch 33/150:  15%|█▌        | 45/300 [00:00<00:01, 163.00it/s]
Epoch 33/150:  24%|██▎       | 71/300 [00:00<00:01, 197.55it/s]
Epoch 33/150:  30%|███       | 91/300 [00:00<00:01, 186.73it/s]
Epoch 33/150:  39%|███▉      | 117/300 [00:00<00:00, 209.90it/s]
Epoch 33/150:  46%|████▋     | 139/300 [00:00<00:00, 203.76it/s]
Epoch 33/150:  55%|█████▍    | 164/300 [00:00<00:00, 216.33it/s]
Epoch 33/150:  62%|██████▏   | 186/300 [00:00<00:00, 205.86it/s]
Epoch 33/150:  70%|███████   | 211/300 [00:01<00:00, 217.78it/s]
Epoch 33/150:  78%|███████▊  | 233/300 [00:01<00:00, 214.22it/s]
Epoch 33/150:  85%|████████▌ | 256/300 [00:01<00:00, 218.69it/s]
Epoch 33/150:  93%|█████████▎| 280/300 [00:01<00:00, 224.72it/s]
Epoch 33/150: 100%|██████████| 300/300 [00:01<00:00, 196.20it/s]

Epoch 34/150:   0%|          | 0/300 [00:00<?, ?it/s]
Epoch 34/150:   0%|          | 1/300 [00:00<00:34,  8.71it/s]
Epoch 34/150:   8%|▊         | 24/300 [00:00<00:02, 129.79it/s]
Epoch 34/150:  17%|█▋        | 51/300 [00:00<00:01, 189.05it/s]
Epoch 34/150:  24%|██▎       | 71/300 [00:00<00:01, 189.27it/s]
Epoch 34/150:  32%|███▏      | 97/300 [00:00<00:00, 210.41it/s]
Epoch 34/150:  40%|███▉      | 119/300 [00:00<00:00, 203.20it/s]
Epoch 34/150:  48%|████▊     | 144/300 [00:00<00:00, 217.63it/s]
Epoch 34/150:  55%|█████▌    | 166/300 [00:00<00:00, 213.52it/s]
Epoch 34/150:  63%|██████▎   | 188/300 [00:00<00:00, 214.94it/s]
Epoch 34/150:  71%|███████   | 213/300 [00:01<00:00, 217.46it/s]
Epoch 34/150:  78%|███████▊  | 235/300 [00:01<00:00, 215.23it/s]
Epoch 34/150:  87%|████████▋ | 261/300 [00:01<00:00, 226.77it/s]
Epoch 34/150:  95%|█████████▍| 284/300 [00:01<00:00, 211.09it/s]
Epoch 34/150: 100%|██████████| 300/300 [00:01<00:00, 198.80it/s]

Epoch 35/150:   0%|          | 0/300 [00:00<?, ?it/s]
Epoch 35/150:   0%|          | 1/300 [00:00<00:32,  9.08it/s]
Epoch 35/150:   9%|▊         | 26/300 [00:00<00:01, 144.40it/s]
Epoch 35/150:  15%|█▌        | 46/300 [00:00<00:01, 167.27it/s]
Epoch 35/150:  23%|██▎       | 69/300 [00:00<00:01, 189.62it/s]
Epoch 35/150:  31%|███       | 92/300 [00:00<00:01, 202.84it/s]
Epoch 35/150:  38%|███▊      | 113/300 [00:00<00:00, 202.01it/s]
Epoch 35/150:  47%|████▋     | 141/300 [00:00<00:00, 224.40it/s]
Epoch 35/150:  55%|█████▍    | 164/300 [00:00<00:00, 215.12it/s]
Epoch 35/150:  63%|██████▎   | 190/300 [00:00<00:00, 226.40it/s]
Epoch 35/150:  71%|███████   | 213/300 [00:01<00:00, 217.24it/s]
Epoch 35/150:  80%|███████▉  | 239/300 [00:01<00:00, 227.63it/s]
Epoch 35/150:  87%|████████▋ | 262/300 [00:01<00:00, 220.75it/s]
Epoch 35/150:  95%|█████████▌| 285/300 [00:01<00:00, 218.97it/s]
Epoch 35/150: 100%|██████████| 300/300 [00:01<00:00, 201.87it/s]

Epoch 36/150:   0%|          | 0/300 [00:00<?, ?it/s]
Epoch 36/150:   0%|          | 1/300 [00:00<00:31,  9.52it/s]
Epoch 36/150:   9%|▉         | 28/300 [00:00<00:01, 156.37it/s]
Epoch 36/150:  16%|█▌        | 48/300 [00:00<00:01, 174.34it/s]
Epoch 36/150:  25%|██▌       | 75/300 [00:00<00:01, 210.11it/s]
Epoch 36/150:  32%|███▏      | 97/300 [00:00<00:01, 202.10it/s]
Epoch 36/150:  41%|████      | 122/300 [00:00<00:00, 215.47it/s]
Epoch 36/150:  48%|████▊     | 144/300 [00:00<00:00, 214.60it/s]
Epoch 36/150:  56%|█████▌    | 167/300 [00:00<00:00, 217.28it/s]
Epoch 36/150:  65%|██████▌   | 195/300 [00:00<00:00, 233.62it/s]
Epoch 36/150:  73%|███████▎  | 219/300 [00:01<00:00, 216.00it/s]
Epoch 36/150:  82%|████████▏ | 247/300 [00:01<00:00, 232.00it/s]
Epoch 36/150:  90%|█████████ | 271/300 [00:01<00:00, 212.86it/s]
Epoch 36/150:  99%|█████████▉| 297/300 [00:01<00:00, 223.96it/s]
Epoch 36/150: 100%|██████████| 300/300 [00:01<00:00, 202.94it/s]

Epoch 37/150:   0%|          | 0/300 [00:00<?, ?it/s]
Epoch 37/150:   0%|          | 1/300 [00:00<00:31,  9.61it/s]
Epoch 37/150:   8%|▊         | 23/300 [00:00<00:02, 128.23it/s]
Epoch 37/150:  16%|█▌        | 47/300 [00:00<00:01, 176.27it/s]
Epoch 37/150:  24%|██▍       | 72/300 [00:00<00:01, 195.54it/s]
Epoch 37/150:  31%|███       | 93/300 [00:00<00:01, 199.04it/s]
Epoch 37/150:  40%|███▉      | 119/300 [00:00<00:00, 217.92it/s]
Epoch 37/150:  47%|████▋     | 141/300 [00:00<00:00, 205.25it/s]
Epoch 37/150:  56%|█████▋    | 169/300 [00:00<00:00, 225.62it/s]
Epoch 37/150:  64%|██████▍   | 192/300 [00:00<00:00, 213.70it/s]
Epoch 37/150:  73%|███████▎  | 218/300 [00:01<00:00, 226.24it/s]
Epoch 37/150:  80%|████████  | 241/300 [00:01<00:00, 212.10it/s]
Epoch 37/150:  89%|████████▊ | 266/300 [00:01<00:00, 220.81it/s]
Epoch 37/150:  96%|█████████▋| 289/300 [00:01<00:00, 216.36it/s]
Epoch 37/150: 100%|██████████| 300/300 [00:01<00:00, 198.83it/s]

Epoch 38/150:   0%|          | 0/300 [00:00<?, ?it/s]
Epoch 38/150:   0%|          | 1/300 [00:00<00:31,  9.57it/s]
Epoch 38/150:   7%|▋         | 21/300 [00:00<00:02, 116.08it/s]
Epoch 38/150:  16%|█▋        | 49/300 [00:00<00:01, 186.97it/s]
Epoch 38/150:  23%|██▎       | 68/300 [00:00<00:01, 185.32it/s]
Epoch 38/150:  31%|███       | 92/300 [00:00<00:01, 203.04it/s]
Epoch 38/150:  38%|███▊      | 115/300 [00:00<00:00, 208.18it/s]
Epoch 38/150:  45%|████▌     | 136/300 [00:00<00:01, 139.37it/s]
Epoch 38/150:  54%|█████▎    | 161/300 [00:00<00:00, 164.97it/s]
Epoch 38/150:  63%|██████▎   | 188/300 [00:01<00:00, 188.76it/s]
Epoch 38/150:  70%|███████   | 210/300 [00:01<00:00, 191.36it/s]
Epoch 38/150:  79%|███████▉  | 238/300 [00:01<00:00, 213.96it/s]
Epoch 38/150:  87%|████████▋ | 261/300 [00:01<00:00, 206.40it/s]
Epoch 38/150:  96%|█████████▌| 288/300 [00:01<00:00, 221.26it/s]
Epoch 38/150: 100%|██████████| 300/300 [00:01<00:00, 184.58it/s]

Epoch 39/150:   0%|          | 0/300 [00:00<?, ?it/s]
Epoch 39/150:   0%|          | 1/300 [00:00<00:31,  9.37it/s]
Epoch 39/150:   7%|▋         | 21/300 [00:00<00:02, 118.14it/s]
Epoch 39/150:  15%|█▍        | 44/300 [00:00<00:01, 167.90it/s]
Epoch 39/150:  22%|██▏       | 67/300 [00:00<00:01, 191.17it/s]
Epoch 39/150:  29%|██▉       | 87/300 [00:00<00:01, 193.13it/s]
Epoch 39/150:  38%|███▊      | 114/300 [00:00<00:00, 216.88it/s]
Epoch 39/150:  45%|████▌     | 136/300 [00:00<00:00, 207.09it/s]
Epoch 39/150:  54%|█████▍    | 162/300 [00:00<00:00, 221.03it/s]
Epoch 39/150:  62%|██████▏   | 185/300 [00:00<00:00, 212.71it/s]
Epoch 39/150:  70%|██████▉   | 209/300 [00:01<00:00, 220.56it/s]
Epoch 39/150:  77%|███████▋  | 232/300 [00:01<00:00, 213.68it/s]
Epoch 39/150:  85%|████████▌ | 256/300 [00:01<00:00, 218.81it/s]
Epoch 39/150:  93%|█████████▎| 278/300 [00:01<00:00, 215.71it/s]
Epoch 39/150: 100%|██████████| 300/300 [00:01<00:00, 196.95it/s]

Epoch 40/150:   0%|          | 0/300 [00:00<?, ?it/s]
Epoch 40/150:   0%|          | 1/300 [00:00<00:31,  9.52it/s]
Epoch 40/150:   8%|▊         | 24/300 [00:00<00:02, 136.31it/s]
Epoch 40/150:  17%|█▋        | 50/300 [00:00<00:01, 191.49it/s]
Epoch 40/150:  23%|██▎       | 70/300 [00:00<00:01, 184.36it/s]
Epoch 40/150:  32%|███▏      | 97/300 [00:00<00:00, 212.97it/s]
Epoch 40/150:  40%|███▉      | 119/300 [00:00<00:00, 203.67it/s]
Epoch 40/150:  49%|████▊     | 146/300 [00:00<00:00, 222.75it/s]
Epoch 40/150:  56%|█████▋    | 169/300 [00:00<00:00, 210.56it/s]
Epoch 40/150:  65%|██████▍   | 194/300 [00:00<00:00, 219.72it/s]
Epoch 40/150:  72%|███████▏  | 217/300 [00:01<00:00, 212.83it/s]
Epoch 40/150:  80%|████████  | 240/300 [00:01<00:00, 217.57it/s]
Epoch 40/150:  88%|████████▊ | 263/300 [00:01<00:00, 219.15it/s]
Epoch 40/150:  95%|█████████▌| 286/300 [00:01<00:00, 214.38it/s]
Epoch 40/150: 100%|██████████| 300/300 [00:01<00:00, 200.39it/s]

Epoch 41/150:   0%|          | 0/300 [00:00<?, ?it/s]
Epoch 41/150:   0%|          | 1/300 [00:00<00:30,  9.91it/s]
Epoch 41/150:   9%|▊         | 26/300 [00:00<00:01, 149.62it/s]
Epoch 41/150:  16%|█▌        | 47/300 [00:00<00:01, 176.04it/s]
Epoch 41/150:  23%|██▎       | 69/300 [00:00<00:01, 190.95it/s]
Epoch 41/150:  32%|███▏      | 95/300 [00:00<00:00, 212.35it/s]
Epoch 41/150:  39%|███▉      | 117/300 [00:00<00:00, 205.83it/s]
Epoch 41/150:  48%|████▊     | 144/300 [00:00<00:00, 223.65it/s]
Epoch 41/150:  56%|█████▌    | 167/300 [00:00<00:00, 210.08it/s]
Epoch 41/150:  65%|██████▌   | 195/300 [00:00<00:00, 227.32it/s]
Epoch 41/150:  73%|███████▎  | 218/300 [00:01<00:00, 215.07it/s]
Epoch 41/150:  81%|████████  | 243/300 [00:01<00:00, 224.52it/s]
Epoch 41/150:  89%|████████▊ | 266/300 [00:01<00:00, 211.85it/s]
Epoch 41/150:  99%|█████████▊| 296/300 [00:01<00:00, 234.99it/s]
Epoch 41/150: 100%|██████████| 300/300 [00:01<00:00, 204.82it/s]

Epoch 42/150:   0%|          | 0/300 [00:00<?, ?it/s]
Epoch 42/150:   0%|          | 1/300 [00:00<00:30,  9.69it/s]
Epoch 42/150:   9%|▉         | 28/300 [00:00<00:01, 157.72it/s]
Epoch 42/150:  16%|█▌        | 47/300 [00:00<00:01, 170.69it/s]
Epoch 42/150:  24%|██▎       | 71/300 [00:00<00:01, 197.02it/s]
Epoch 42/150:  32%|███▏      | 95/300 [00:00<00:00, 210.56it/s]
Epoch 42/150:  39%|███▉      | 117/300 [00:00<00:00, 204.89it/s]
Epoch 42/150:  48%|████▊     | 144/300 [00:00<00:00, 224.14it/s]
Epoch 42/150:  56%|█████▌    | 167/300 [00:00<00:00, 208.66it/s]
Epoch 42/150:  65%|██████▍   | 194/300 [00:00<00:00, 223.76it/s]
Epoch 42/150:  72%|███████▏  | 217/300 [00:01<00:00, 209.72it/s]
Epoch 42/150:  81%|████████▏ | 244/300 [00:01<00:00, 225.58it/s]
Epoch 42/150:  89%|████████▉ | 267/300 [00:01<00:00, 215.11it/s]
Epoch 42/150:  98%|█████████▊| 293/300 [00:01<00:00, 227.14it/s]
Epoch 42/150: 100%|██████████| 300/300 [00:01<00:00, 202.76it/s]

Epoch 43/150:   0%|          | 0/300 [00:00<?, ?it/s]
Epoch 43/150:   0%|          | 1/300 [00:00<00:30,  9.70it/s]
Epoch 43/150:   9%|▉         | 27/300 [00:00<00:01, 149.40it/s]
Epoch 43/150:  16%|█▌        | 47/300 [00:00<00:01, 167.55it/s]
Epoch 43/150:  25%|██▍       | 74/300 [00:00<00:01, 204.36it/s]
Epoch 43/150:  32%|███▏      | 95/300 [00:00<00:01, 202.51it/s]
Epoch 43/150:  40%|████      | 121/300 [00:00<00:00, 219.72it/s]
Epoch 43/150:  48%|████▊     | 143/300 [00:00<00:00, 211.89it/s]
Epoch 43/150:  56%|█████▌    | 168/300 [00:00<00:00, 222.64it/s]
Epoch 43/150:  64%|██████▎   | 191/300 [00:00<00:00, 217.13it/s]
Epoch 43/150:  72%|███████▏  | 215/300 [00:01<00:00, 222.05it/s]
Epoch 43/150:  79%|███████▉  | 238/300 [00:01<00:00, 218.26it/s]
Epoch 43/150:  87%|████████▋ | 260/300 [00:01<00:00, 217.75it/s]
Epoch 43/150:  95%|█████████▌| 286/300 [00:01<00:00, 229.16it/s]
Epoch 43/150: 100%|██████████| 300/300 [00:01<00:00, 200.55it/s]

Epoch 44/150:   0%|          | 0/300 [00:00<?, ?it/s]
Epoch 44/150:   0%|          | 1/300 [00:00<00:31,  9.43it/s]
Epoch 44/150:   7%|▋         | 21/300 [00:00<00:02, 118.11it/s]
Epoch 44/150:  16%|█▌        | 48/300 [00:00<00:01, 185.52it/s]
Epoch 44/150:  23%|██▎       | 68/300 [00:00<00:01, 187.85it/s]
Epoch 44/150:  31%|███       | 92/300 [00:00<00:01, 204.93it/s]
Epoch 44/150:  39%|███▊      | 116/300 [00:00<00:00, 209.20it/s]
Epoch 44/150:  46%|████▌     | 138/300 [00:00<00:00, 210.54it/s]
Epoch 44/150:  55%|█████▌    | 165/300 [00:00<00:00, 226.74it/s]
Epoch 44/150:  63%|██████▎   | 188/300 [00:00<00:00, 213.59it/s]
Epoch 44/150:  72%|███████▏  | 216/300 [00:01<00:00, 232.68it/s]
Epoch 44/150:  80%|████████  | 240/300 [00:01<00:00, 218.81it/s]
Epoch 44/150:  89%|████████▊ | 266/300 [00:01<00:00, 228.81it/s]
Epoch 44/150:  97%|█████████▋| 290/300 [00:01<00:00, 218.82it/s]
Epoch 44/150: 100%|██████████| 300/300 [00:01<00:00, 200.36it/s]

Epoch 45/150:   0%|          | 0/300 [00:00<?, ?it/s]
Epoch 45/150:   0%|          | 1/300 [00:00<00:33,  8.80it/s]
Epoch 45/150:   8%|▊         | 24/300 [00:00<00:02, 130.39it/s]
Epoch 45/150:  17%|█▋        | 51/300 [00:00<00:01, 191.12it/s]
Epoch 45/150:  24%|██▎       | 71/300 [00:00<00:01, 189.81it/s]
Epoch 45/150:  32%|███▏      | 96/300 [00:00<00:00, 209.68it/s]
Epoch 45/150:  39%|███▉      | 118/300 [00:00<00:00, 207.35it/s]
Epoch 45/150:  47%|████▋     | 142/300 [00:00<00:00, 215.72it/s]
Epoch 45/150:  55%|█████▍    | 164/300 [00:00<00:00, 215.85it/s]
Epoch 45/150:  62%|██████▏   | 186/300 [00:00<00:00, 211.82it/s]
Epoch 45/150:  71%|███████   | 213/300 [00:01<00:00, 223.76it/s]
Epoch 45/150:  79%|███████▊  | 236/300 [00:01<00:00, 212.76it/s]
Epoch 45/150:  88%|████████▊ | 264/300 [00:01<00:00, 229.36it/s]
Epoch 45/150:  96%|█████████▌| 288/300 [00:01<00:00, 214.49it/s]
Epoch 45/150: 100%|██████████| 300/300 [00:01<00:00, 200.68it/s]

Epoch 46/150:   0%|          | 0/300 [00:00<?, ?it/s]
Epoch 46/150:   0%|          | 1/300 [00:00<00:31,  9.46it/s]
Epoch 46/150:   8%|▊         | 25/300 [00:00<00:01, 140.88it/s]
Epoch 46/150:  16%|█▋        | 49/300 [00:00<00:01, 177.43it/s]
Epoch 46/150:  23%|██▎       | 69/300 [00:00<00:01, 185.48it/s]
Epoch 46/150:  32%|███▏      | 95/300 [00:00<00:00, 211.55it/s]
Epoch 46/150:  39%|███▉      | 117/300 [00:00<00:00, 200.86it/s]
Epoch 46/150:  48%|████▊     | 144/300 [00:00<00:00, 221.41it/s]
Epoch 46/150:  56%|█████▌    | 167/300 [00:00<00:00, 211.87it/s]
Epoch 46/150:  65%|██████▍   | 194/300 [00:00<00:00, 226.15it/s]
Epoch 46/150:  72%|███████▏  | 217/300 [00:01<00:00, 214.91it/s]
Epoch 46/150:  81%|████████  | 243/300 [00:01<00:00, 226.63it/s]
Epoch 46/150:  89%|████████▊ | 266/300 [00:01<00:00, 219.13it/s]
Epoch 46/150:  96%|█████████▋| 289/300 [00:01<00:00, 222.04it/s]
Epoch 46/150: 100%|██████████| 300/300 [00:01<00:00, 202.32it/s]

Epoch 47/150:   0%|          | 0/300 [00:00<?, ?it/s]
Epoch 47/150:   0%|          | 1/300 [00:00<00:30,  9.92it/s]
Epoch 47/150:   9%|▊         | 26/300 [00:00<00:01, 149.22it/s]
Epoch 47/150:  15%|█▌        | 46/300 [00:00<00:01, 169.28it/s]
Epoch 47/150:  24%|██▎       | 71/300 [00:00<00:01, 198.06it/s]
Epoch 47/150:  31%|███       | 93/300 [00:00<00:01, 204.76it/s]
Epoch 47/150:  38%|███▊      | 115/300 [00:00<00:00, 208.99it/s]
Epoch 47/150:  47%|████▋     | 142/300 [00:00<00:00, 228.41it/s]
Epoch 47/150:  55%|█████▌    | 165/300 [00:00<00:00, 212.93it/s]
Epoch 47/150:  64%|██████▎   | 191/300 [00:00<00:00, 223.72it/s]
Epoch 47/150:  71%|███████▏  | 214/300 [00:01<00:00, 203.74it/s]
Epoch 47/150:  79%|███████▉  | 238/300 [00:01<00:00, 212.08it/s]
Epoch 47/150:  87%|████████▋ | 260/300 [00:01<00:00, 199.15it/s]
Epoch 47/150:  94%|█████████▍| 282/300 [00:01<00:00, 203.93it/s]
Epoch 47/150: 100%|██████████| 300/300 [00:01<00:00, 193.40it/s]

Epoch 48/150:   0%|          | 0/300 [00:00<?, ?it/s]
Epoch 48/150:   0%|          | 1/300 [00:00<00:35,  8.33it/s]
Epoch 48/150:   6%|▋         | 19/300 [00:00<00:02, 101.43it/s]
Epoch 48/150:  13%|█▎        | 40/300 [00:00<00:01, 148.76it/s]
Epoch 48/150:  20%|██        | 61/300 [00:00<00:01, 168.49it/s]
Epoch 48/150:  26%|██▋       | 79/300 [00:00<00:01, 167.91it/s]
Epoch 48/150:  34%|███▎      | 101/300 [00:00<00:01, 181.72it/s]
Epoch 48/150:  40%|████      | 120/300 [00:00<00:01, 179.21it/s]
Epoch 48/150:  47%|████▋     | 141/300 [00:00<00:00, 188.34it/s]
Epoch 48/150:  53%|█████▎    | 160/300 [00:00<00:00, 181.02it/s]
Epoch 48/150:  60%|██████    | 181/300 [00:01<00:00, 188.47it/s]
Epoch 48/150:  68%|██████▊   | 203/300 [00:01<00:00, 193.96it/s]
Epoch 48/150:  74%|███████▍  | 223/300 [00:01<00:00, 189.71it/s]
Epoch 48/150:  84%|████████▎ | 251/300 [00:01<00:00, 213.88it/s]
Epoch 48/150:  91%|█████████ | 273/300 [00:01<00:00, 204.81it/s]
Epoch 48/150:  99%|█████████▉| 298/300 [00:01<00:00, 216.00it/s]
Epoch 48/150: 100%|██████████| 300/300 [00:01<00:00, 180.18it/s]

Epoch 49/150:   0%|          | 0/300 [00:00<?, ?it/s]
Epoch 49/150:   0%|          | 1/300 [00:00<00:30,  9.76it/s]
Epoch 49/150:   9%|▉         | 28/300 [00:00<00:01, 158.60it/s]
Epoch 49/150:  16%|█▌        | 47/300 [00:00<00:01, 170.99it/s]
Epoch 49/150:  24%|██▍       | 72/300 [00:00<00:01, 201.07it/s]
Epoch 49/150:  31%|███       | 93/300 [00:00<00:01, 197.02it/s]
Epoch 49/150:  39%|███▊      | 116/300 [00:00<00:00, 207.83it/s]
Epoch 49/150:  47%|████▋     | 140/300 [00:00<00:00, 211.66it/s]
Epoch 49/150:  54%|█████▍    | 162/300 [00:00<00:00, 211.74it/s]
Epoch 49/150:  63%|██████▎   | 189/300 [00:00<00:00, 228.16it/s]
Epoch 49/150:  71%|███████   | 212/300 [00:01<00:00, 210.59it/s]
Epoch 49/150:  80%|████████  | 240/300 [00:01<00:00, 227.52it/s]
Epoch 49/150:  88%|████████▊ | 264/300 [00:01<00:00, 218.51it/s]
Epoch 49/150:  97%|█████████▋| 290/300 [00:01<00:00, 229.66it/s]
Epoch 49/150: 100%|██████████| 300/300 [00:01<00:00, 203.25it/s]

Epoch 50/150:   0%|          | 0/300 [00:00<?, ?it/s]
Epoch 50/150:   0%|          | 1/300 [00:00<00:30,  9.81it/s]
Epoch 50/150:   9%|▉         | 27/300 [00:00<00:01, 152.42it/s]
Epoch 50/150:  15%|█▌        | 46/300 [00:00<00:01, 166.59it/s]
Epoch 50/150:  24%|██▍       | 73/300 [00:00<00:01, 203.72it/s]
Epoch 50/150:  31%|███▏      | 94/300 [00:00<00:01, 201.21it/s]
Epoch 50/150:  40%|███▉      | 119/300 [00:00<00:00, 214.50it/s]
Epoch 50/150:  47%|████▋     | 141/300 [00:00<00:00, 207.83it/s]
Epoch 50/150:  55%|█████▍    | 164/300 [00:00<00:00, 213.70it/s]
Epoch 50/150:  62%|██████▏   | 187/300 [00:00<00:00, 214.98it/s]
Epoch 50/150:  70%|██████▉   | 209/300 [00:01<00:00, 211.56it/s]
Epoch 50/150:  78%|███████▊  | 235/300 [00:01<00:00, 225.00it/s]
Epoch 50/150:  86%|████████▌ | 258/300 [00:01<00:00, 209.46it/s]
Epoch 50/150:  95%|█████████▌| 285/300 [00:01<00:00, 223.97it/s]
Epoch 50/150: 100%|██████████| 300/300 [00:01<00:00, 198.82it/s]

Epoch 51/150:   0%|          | 0/300 [00:00<?, ?it/s]
Epoch 51/150:   0%|          | 1/300 [00:00<00:31,  9.51it/s]
Epoch 51/150:   7%|▋         | 22/300 [00:00<00:02, 123.36it/s]
Epoch 51/150:  16%|█▌        | 47/300 [00:00<00:01, 179.62it/s]
Epoch 51/150:  23%|██▎       | 68/300 [00:00<00:01, 189.32it/s]
Epoch 51/150:  30%|███       | 90/300 [00:00<00:01, 199.50it/s]
Epoch 51/150:  38%|███▊      | 114/300 [00:00<00:01, 146.58it/s]
Epoch 51/150:  47%|████▋     | 140/300 [00:00<00:00, 173.03it/s]
Epoch 51/150:  53%|█████▎    | 160/300 [00:00<00:00, 177.58it/s]
Epoch 51/150:  62%|██████▏   | 187/300 [00:01<00:00, 200.12it/s]
Epoch 51/150:  70%|██████▉   | 209/300 [00:01<00:00, 196.91it/s]
Epoch 51/150:  78%|███████▊  | 234/300 [00:01<00:00, 211.02it/s]
Epoch 51/150:  85%|████████▌ | 256/300 [00:01<00:00, 210.53it/s]
Epoch 51/150:  93%|█████████▎| 278/300 [00:01<00:00, 212.58it/s]
Epoch 51/150: 100%|██████████| 300/300 [00:01<00:00, 186.59it/s]

Epoch 52/150:   0%|          | 0/300 [00:00<?, ?it/s]
Epoch 52/150:   0%|          | 1/300 [00:00<00:31,  9.53it/s]
Epoch 52/150:   9%|▉         | 27/300 [00:00<00:01, 147.43it/s]
Epoch 52/150:  16%|█▌        | 47/300 [00:00<00:01, 166.45it/s]
Epoch 52/150:  25%|██▌       | 75/300 [00:00<00:01, 207.84it/s]
Epoch 52/150:  32%|███▏      | 96/300 [00:00<00:01, 198.44it/s]
Epoch 52/150:  41%|████      | 122/300 [00:00<00:00, 216.61it/s]
Epoch 52/150:  48%|████▊     | 144/300 [00:00<00:00, 209.54it/s]
Epoch 52/150:  56%|█████▌    | 168/300 [00:00<00:00, 217.97it/s]
Epoch 52/150:  63%|██████▎   | 190/300 [00:00<00:00, 216.35it/s]
Epoch 52/150:  71%|███████   | 212/300 [00:01<00:00, 215.52it/s]
Epoch 52/150:  80%|███████▉  | 239/300 [00:01<00:00, 225.28it/s]
Epoch 52/150:  87%|████████▋ | 262/300 [00:01<00:00, 216.48it/s]
Epoch 52/150:  96%|█████████▌| 288/300 [00:01<00:00, 224.20it/s]
Epoch 52/150: 100%|██████████| 300/300 [00:01<00:00, 200.42it/s]

Epoch 53/150:   0%|          | 0/300 [00:00<?, ?it/s]
Epoch 53/150:   0%|          | 1/300 [00:00<00:30,  9.71it/s]
Epoch 53/150:   7%|▋         | 21/300 [00:00<00:02, 117.74it/s]
Epoch 53/150:  16%|█▌        | 47/300 [00:00<00:01, 180.86it/s]
Epoch 53/150:  22%|██▏       | 66/300 [00:00<00:01, 184.40it/s]
Epoch 53/150:  30%|██▉       | 89/300 [00:00<00:01, 198.56it/s]
Epoch 53/150:  37%|███▋      | 111/300 [00:00<00:00, 204.25it/s]
Epoch 53/150:  45%|████▍     | 134/300 [00:00<00:00, 211.65it/s]
Epoch 53/150:  54%|█████▍    | 162/300 [00:00<00:00, 232.66it/s]
Epoch 53/150:  62%|██████▏   | 186/300 [00:00<00:00, 216.47it/s]
Epoch 53/150:  71%|███████   | 213/300 [00:01<00:00, 231.15it/s]
Epoch 53/150:  79%|███████▉  | 237/300 [00:01<00:00, 215.55it/s]
Epoch 53/150:  89%|████████▊ | 266/300 [00:01<00:00, 234.44it/s]
Epoch 53/150:  97%|█████████▋| 290/300 [00:01<00:00, 220.74it/s]
Epoch 53/150: 100%|██████████| 300/300 [00:01<00:00, 202.12it/s]

Epoch 54/150:   0%|          | 0/300 [00:00<?, ?it/s]
Epoch 54/150:   0%|          | 1/300 [00:00<00:31,  9.61it/s]
Epoch 54/150:   8%|▊         | 23/300 [00:00<00:02, 129.44it/s]
Epoch 54/150:  16%|█▌        | 47/300 [00:00<00:01, 174.84it/s]
Epoch 54/150:  22%|██▏       | 67/300 [00:00<00:01, 183.67it/s]
Epoch 54/150:  31%|███       | 93/300 [00:00<00:00, 207.79it/s]
Epoch 54/150:  38%|███▊      | 114/300 [00:00<00:00, 197.66it/s]
Epoch 54/150:  47%|████▋     | 141/300 [00:00<00:00, 218.52it/s]
Epoch 54/150:  54%|█████▍    | 163/300 [00:00<00:00, 209.35it/s]
Epoch 54/150:  63%|██████▎   | 189/300 [00:00<00:00, 223.89it/s]
Epoch 54/150:  71%|███████   | 212/300 [00:01<00:00, 218.02it/s]
Epoch 54/150:  79%|███████▊  | 236/300 [00:01<00:00, 222.31it/s]
Epoch 54/150:  86%|████████▋ | 259/300 [00:01<00:00, 217.79it/s]
Epoch 54/150:  94%|█████████▎| 281/300 [00:01<00:00, 215.67it/s]
Epoch 54/150: 100%|██████████| 300/300 [00:01<00:00, 200.15it/s]

Epoch 55/150:   0%|          | 0/300 [00:00<?, ?it/s]
Epoch 55/150:   0%|          | 1/300 [00:00<00:31,  9.34it/s]
Epoch 55/150:   9%|▉         | 28/300 [00:00<00:01, 155.78it/s]
Epoch 55/150:  16%|█▌        | 47/300 [00:00<00:01, 169.49it/s]
Epoch 55/150:  24%|██▍       | 73/300 [00:00<00:01, 202.16it/s]
Epoch 55/150:  31%|███▏      | 94/300 [00:00<00:01, 204.44it/s]
Epoch 55/150:  39%|███▉      | 117/300 [00:00<00:00, 210.78it/s]
Epoch 55/150:  48%|████▊     | 143/300 [00:00<00:00, 223.57it/s]
Epoch 55/150:  55%|█████▌    | 166/300 [00:00<00:00, 213.47it/s]
Epoch 55/150:  64%|██████▍   | 193/300 [00:00<00:00, 228.05it/s]
Epoch 55/150:  72%|███████▏  | 216/300 [00:01<00:00, 210.86it/s]
Epoch 55/150:  81%|████████▏ | 244/300 [00:01<00:00, 228.06it/s]
Epoch 55/150:  89%|████████▉ | 268/300 [00:01<00:00, 213.96it/s]
Epoch 55/150:  98%|█████████▊| 295/300 [00:01<00:00, 228.69it/s]
Epoch 55/150: 100%|██████████| 300/300 [00:01<00:00, 203.56it/s]

Epoch 56/150:   0%|          | 0/300 [00:00<?, ?it/s]
Epoch 56/150:   0%|          | 1/300 [00:00<00:31,  9.50it/s]
Epoch 56/150:   9%|▊         | 26/300 [00:00<00:01, 144.18it/s]
Epoch 56/150:  16%|█▌        | 47/300 [00:00<00:01, 172.10it/s]
Epoch 56/150:  25%|██▍       | 74/300 [00:00<00:01, 207.93it/s]
Epoch 56/150:  32%|███▏      | 95/300 [00:00<00:01, 199.05it/s]
Epoch 56/150:  40%|████      | 120/300 [00:00<00:00, 215.22it/s]
Epoch 56/150:  47%|████▋     | 142/300 [00:00<00:00, 213.81it/s]
Epoch 56/150:  55%|█████▌    | 166/300 [00:00<00:00, 219.60it/s]
Epoch 56/150:  64%|██████▎   | 191/300 [00:00<00:00, 227.59it/s]
Epoch 56/150:  71%|███████▏  | 214/300 [00:01<00:00, 217.36it/s]
Epoch 56/150:  80%|████████  | 241/300 [00:01<00:00, 232.33it/s]
Epoch 56/150:  88%|████████▊ | 265/300 [00:01<00:00, 214.21it/s]
Epoch 56/150:  97%|█████████▋| 292/300 [00:01<00:00, 228.40it/s]
Epoch 56/150: 100%|██████████| 300/300 [00:01<00:00, 203.14it/s]

Epoch 57/150:   0%|          | 0/300 [00:00<?, ?it/s]
Epoch 57/150:   0%|          | 1/300 [00:00<00:30,  9.69it/s]
Epoch 57/150:   8%|▊         | 23/300 [00:00<00:02, 126.84it/s]
Epoch 57/150:  16%|█▌        | 47/300 [00:00<00:01, 173.73it/s]
Epoch 57/150:  24%|██▍       | 73/300 [00:00<00:01, 205.93it/s]
Epoch 57/150:  31%|███▏      | 94/300 [00:00<00:01, 202.70it/s]
Epoch 57/150:  40%|████      | 121/300 [00:00<00:00, 222.20it/s]
Epoch 57/150:  48%|████▊     | 144/300 [00:00<00:00, 209.23it/s]
Epoch 57/150:  57%|█████▋    | 170/300 [00:00<00:00, 223.27it/s]
Epoch 57/150:  64%|██████▍   | 193/300 [00:00<00:00, 215.82it/s]
Epoch 57/150:  72%|███████▏  | 216/300 [00:01<00:00, 219.18it/s]
Epoch 57/150:  80%|███████▉  | 239/300 [00:01<00:00, 211.34it/s]
Epoch 57/150:  87%|████████▋ | 261/300 [00:01<00:00, 211.47it/s]
Epoch 57/150:  96%|█████████▌| 287/300 [00:01<00:00, 223.50it/s]
Epoch 57/150: 100%|██████████| 300/300 [00:01<00:00, 198.69it/s]

Epoch 58/150:   0%|          | 0/300 [00:00<?, ?it/s]
Epoch 58/150:   0%|          | 1/300 [00:00<00:31,  9.61it/s]
Epoch 58/150:   7%|▋         | 21/300 [00:00<00:02, 118.39it/s]
Epoch 58/150:  15%|█▌        | 46/300 [00:00<00:01, 177.25it/s]
Epoch 58/150:  22%|██▏       | 66/300 [00:00<00:01, 182.98it/s]
Epoch 58/150:  30%|██▉       | 89/300 [00:00<00:01, 198.00it/s]
Epoch 58/150:  38%|███▊      | 113/300 [00:00<00:00, 205.25it/s]
Epoch 58/150:  45%|████▍     | 134/300 [00:00<00:00, 203.55it/s]
Epoch 58/150:  53%|█████▎    | 160/300 [00:00<00:00, 217.11it/s]
Epoch 58/150:  61%|██████    | 182/300 [00:00<00:00, 209.84it/s]
Epoch 58/150:  70%|██████▉   | 209/300 [00:01<00:00, 225.66it/s]
Epoch 58/150:  77%|███████▋  | 232/300 [00:01<00:00, 215.87it/s]
Epoch 58/150:  86%|████████▌ | 258/300 [00:01<00:00, 227.20it/s]
Epoch 58/150:  94%|█████████▎| 281/300 [00:01<00:00, 217.00it/s]
Epoch 58/150: 100%|██████████| 300/300 [00:01<00:00, 197.76it/s]

Epoch 59/150:   0%|          | 0/300 [00:00<?, ?it/s]
Epoch 59/150:   0%|          | 1/300 [00:00<00:34,  8.74it/s]
Epoch 59/150:   8%|▊         | 25/300 [00:00<00:02, 136.20it/s]
Epoch 59/150:  16%|█▌        | 48/300 [00:00<00:01, 170.21it/s]
Epoch 59/150:  23%|██▎       | 70/300 [00:00<00:01, 187.50it/s]
Epoch 59/150:  32%|███▏      | 97/300 [00:00<00:00, 214.99it/s]
Epoch 59/150:  40%|███▉      | 119/300 [00:00<00:00, 206.31it/s]
Epoch 59/150:  48%|████▊     | 145/300 [00:00<00:00, 220.62it/s]
Epoch 59/150:  56%|█████▌    | 168/300 [00:00<00:00, 211.81it/s]
Epoch 59/150:  65%|██████▌   | 195/300 [00:00<00:00, 227.17it/s]
Epoch 59/150:  73%|███████▎  | 218/300 [00:01<00:00, 214.62it/s]
Epoch 59/150:  81%|████████  | 243/300 [00:01<00:00, 223.35it/s]
Epoch 59/150:  89%|████████▊ | 266/300 [00:01<00:00, 214.22it/s]
Epoch 59/150:  97%|█████████▋| 291/300 [00:01<00:00, 222.16it/s]
Epoch 59/150: 100%|██████████| 300/300 [00:01<00:00, 200.75it/s]
Applying shapedtw augmentation (this might take a while)...
Augmentation shapedtw applied successfully.
Fold 0 | Input Dim: 70 | Train: 9578, Val: 720, Test: 1347
Epoch 1, Train Loss: 0.2024, Train F1: 0.5560, Val F1: 0.6280, LR: 0.000040
✅ Model Saved (Best F1-score)
Epoch 2, Train Loss: 0.1838, Train F1: 0.6285, Val F1: 0.6584, LR: 0.000060
✅ Model Saved (Best F1-score)
Epoch 3, Train Loss: 0.1766, Train F1: 0.6532, Val F1: 0.6582, LR: 0.000080
Epoch 4, Train Loss: 0.1718, Train F1: 0.6695, Val F1: 0.6576, LR: 0.000100
Epoch 5, Train Loss: 0.1682, Train F1: 0.6811, Val F1: 0.6574, LR: 0.000100
Epoch 6, Train Loss: 0.1649, Train F1: 0.6918, Val F1: 0.6679, LR: 0.000100
✅ Model Saved (Best F1-score)
Epoch 7, Train Loss: 0.1621, Train F1: 0.6998, Val F1: 0.6741, LR: 0.000100
✅ Model Saved (Best F1-score)
Epoch 8, Train Loss: 0.1591, Train F1: 0.7083, Val F1: 0.6724, LR: 0.000100
Epoch 9, Train Loss: 0.1566, Train F1: 0.7133, Val F1: 0.6911, LR: 0.000100
✅ Model Saved (Best F1-score)
Epoch 10, Train Loss: 0.1534, Train F1: 0.7191, Val F1: 0.6869, LR: 0.000100
Epoch 11, Train Loss: 0.1503, Train F1: 0.7251, Val F1: 0.6539, LR: 0.000100
Epoch 12, Train Loss: 0.1484, Train F1: 0.7303, Val F1: 0.6642, LR: 0.000099
Epoch 13, Train Loss: 0.1451, Train F1: 0.7371, Val F1: 0.6819, LR: 0.000099
Epoch 14, Train Loss: 0.1426, Train F1: 0.7431, Val F1: 0.6801, LR: 0.000099
Epoch 15, Train Loss: 0.1395, Train F1: 0.7482, Val F1: 0.6471, LR: 0.000099
Epoch 16, Train Loss: 0.1356, Train F1: 0.7520, Val F1: 0.6571, LR: 0.000099
Epoch 17, Train Loss: 0.1326, Train F1: 0.7594, Val F1: 0.6681, LR: 0.000098
Epoch 18, Train Loss: 0.1297, Train F1: 0.7656, Val F1: 0.6637, LR: 0.000098
Epoch 19, Train Loss: 0.1261, Train F1: 0.7749, Val F1: 0.6395, LR: 0.000098
Epoch 20, Train Loss: 0.1214, Train F1: 0.7794, Val F1: 0.6527, LR: 0.000097
Epoch 21, Train Loss: 0.1188, Train F1: 0.7870, Val F1: 0.6426, LR: 0.000097
Epoch 22, Train Loss: 0.1150, Train F1: 0.7923, Val F1: 0.6371, LR: 0.000097
Epoch 23, Train Loss: 0.1128, Train F1: 0.7951, Val F1: 0.6292, LR: 0.000096
Epoch 24, Train Loss: 0.1083, Train F1: 0.8047, Val F1: 0.6465, LR: 0.000096
Epoch 25, Train Loss: 0.1042, Train F1: 0.8114, Val F1: 0.6551, LR: 0.000095
Epoch 26, Train Loss: 0.1008, Train F1: 0.8191, Val F1: 0.6347, LR: 0.000095
Epoch 27, Train Loss: 0.0969, Train F1: 0.8255, Val F1: 0.6137, LR: 0.000094
Epoch 28, Train Loss: 0.0950, Train F1: 0.8285, Val F1: 0.6401, LR: 0.000094
Epoch 29, Train Loss: 0.0913, Train F1: 0.8351, Val F1: 0.6502, LR: 0.000093
Epoch 30, Train Loss: 0.0883, Train F1: 0.8427, Val F1: 0.6356, LR: 0.000093
Epoch 31, Train Loss: 0.0844, Train F1: 0.8446, Val F1: 0.6253, LR: 0.000092
Epoch 32, Train Loss: 0.0810, Train F1: 0.8531, Val F1: 0.6085, LR: 0.000092
Epoch 33, Train Loss: 0.0801, Train F1: 0.8558, Val F1: 0.6245, LR: 0.000091
Epoch 34, Train Loss: 0.0769, Train F1: 0.8616, Val F1: 0.6078, LR: 0.000090
Epoch 35, Train Loss: 0.0738, Train F1: 0.8669, Val F1: 0.6263, LR: 0.000090
Epoch 36, Train Loss: 0.0698, Train F1: 0.8744, Val F1: 0.6332, LR: 0.000089
Epoch 37, Train Loss: 0.0693, Train F1: 0.8778, Val F1: 0.6275, LR: 0.000088
Epoch 38, Train Loss: 0.0663, Train F1: 0.8808, Val F1: 0.6292, LR: 0.000088
Epoch 39, Train Loss: 0.0642, Train F1: 0.8873, Val F1: 0.6361, LR: 0.000087
Epoch 40, Train Loss: 0.0612, Train F1: 0.8911, Val F1: 0.6104, LR: 0.000086
Epoch 41, Train Loss: 0.0587, Train F1: 0.8946, Val F1: 0.6155, LR: 0.000086
Epoch 42, Train Loss: 0.0577, Train F1: 0.8978, Val F1: 0.6291, LR: 0.000085
Epoch 43, Train Loss: 0.0547, Train F1: 0.9035, Val F1: 0.6229, LR: 0.000084
Epoch 44, Train Loss: 0.0530, Train F1: 0.9062, Val F1: 0.6104, LR: 0.000083
Epoch 45, Train Loss: 0.0511, Train F1: 0.9098, Val F1: 0.6196, LR: 0.000082
Epoch 46, Train Loss: 0.0493, Train F1: 0.9147, Val F1: 0.6129, LR: 0.000082
Epoch 47, Train Loss: 0.0481, Train F1: 0.9176, Val F1: 0.6132, LR: 0.000081
Epoch 48, Train Loss: 0.0458, Train F1: 0.9205, Val F1: 0.6179, LR: 0.000080
Epoch 49, Train Loss: 0.0429, Train F1: 0.9245, Val F1: 0.6300, LR: 0.000079
Epoch 50, Train Loss: 0.0416, Train F1: 0.9264, Val F1: 0.6318, LR: 0.000078
Epoch 51, Train Loss: 0.0400, Train F1: 0.9317, Val F1: 0.6191, LR: 0.000077
Epoch 52, Train Loss: 0.0384, Train F1: 0.9347, Val F1: 0.6243, LR: 0.000076
Epoch 53, Train Loss: 0.0381, Train F1: 0.9350, Val F1: 0.6198, LR: 0.000075
Epoch 54, Train Loss: 0.0361, Train F1: 0.9367, Val F1: 0.6181, LR: 0.000074
Epoch 55, Train Loss: 0.0349, Train F1: 0.9420, Val F1: 0.6331, LR: 0.000073
Epoch 56, Train Loss: 0.0328, Train F1: 0.9439, Val F1: 0.6128, LR: 0.000072
Epoch 57, Train Loss: 0.0317, Train F1: 0.9470, Val F1: 0.6276, LR: 0.000071
Epoch 58, Train Loss: 0.0312, Train F1: 0.9484, Val F1: 0.6257, LR: 0.000071
Epoch 59, Train Loss: 0.0306, Train F1: 0.9512, Val F1: 0.6220, LR: 0.000070
⏹️ Early Stopping Triggered
Fold 0 Test F1: 0.6905, Accuracy: 0.3734, cost 1.19696038691486e-05 sec

✅ F1 scores from each Fold:
Fold 0: Macro F1 = 0.6905, Accuracy: 0.3734, cost time = 0.000012 sec
  - Correct: F1 = 0.5439
  - Far from the shins: F1 = 0.7091
  - Hips rise first: F1 = 0.7207
  - Collide with the knees: F1 = 0.6429
  - Lower back rounding: F1 = 0.6892

📊 Average F1 Score: 0.6905 ± 0.0000
  Average F1 Score per Class:
  - Correct: 0.5439 ± 0.0000
  - Far from the shins: 0.7091 ± 0.0000
  - Hips rise first: 0.7207 ± 0.0000
  - Collide with the knees: 0.6429 ± 0.0000
  - Lower back rounding: 0.6892 ± 0.0000
🏆 Best F1: 0.6905 from Fold 0
📁 Best model saved at: ./models/deadlift/TST_Deadlift_3D/phase4.8_test_heads8_shapedtw/PatchTST_model_fold0.pth

✅ 寫入完成：./models/deadlift/TST_Deadlift_3D/phase4.8_test_heads8_shapedtw/results_summary.txt

  0%|          | 0/4789 [00:00<?, ?it/s]
  0%|          | 8/4789 [00:00<01:00, 78.69it/s]
  0%|          | 16/4789 [00:00<01:01, 78.14it/s]
  1%|          | 24/4789 [00:00<01:00, 78.18it/s]
  1%|          | 32/4789 [00:00<01:01, 77.93it/s]
  1%|          | 40/4789 [00:00<01:00, 77.90it/s]
  1%|          | 48/4789 [00:00<01:00, 78.27it/s]
  1%|          | 56/4789 [00:00<01:00, 77.98it/s]
  1%|▏         | 64/4789 [00:00<01:00, 78.46it/s]
  2%|▏         | 72/4789 [00:00<01:00, 77.87it/s]
  2%|▏         | 80/4789 [00:01<01:00, 78.12it/s]
  2%|▏         | 88/4789 [00:01<01:00, 77.77it/s]
  2%|▏         | 96/4789 [00:01<01:00, 78.16it/s]
  2%|▏         | 104/4789 [00:01<01:00, 77.67it/s]
  2%|▏         | 112/4789 [00:01<00:59, 77.97it/s]
  3%|▎         | 120/4789 [00:01<00:59, 77.84it/s]
  3%|▎         | 128/4789 [00:01<00:59, 78.14it/s]
  3%|▎         | 136/4789 [00:01<00:59, 78.18it/s]
  3%|▎         | 144/4789 [00:01<00:59, 78.26it/s]
  3%|▎         | 152/4789 [00:01<00:59, 78.25it/s]
  3%|▎         | 160/4789 [00:02<00:59, 78.06it/s]
  4%|▎         | 168/4789 [00:02<00:59, 78.20it/s]
  4%|▎         | 176/4789 [00:02<00:59, 77.88it/s]
  4%|▍         | 184/4789 [00:02<00:58, 78.36it/s]
  4%|▍         | 192/4789 [00:02<00:59, 77.85it/s]
  4%|▍         | 200/4789 [00:02<00:58, 78.46it/s]
  4%|▍         | 208/4789 [00:02<00:58, 77.95it/s]
  5%|▍         | 216/4789 [00:02<00:58, 78.24it/s]
  5%|▍         | 224/4789 [00:02<00:58, 77.96it/s]
  5%|▍         | 232/4789 [00:02<00:58, 77.99it/s]
  5%|▌         | 240/4789 [00:03<00:58, 78.12it/s]
  5%|▌         | 248/4789 [00:03<00:58, 77.92it/s]
  5%|▌         | 256/4789 [00:03<00:57, 78.28it/s]
  6%|▌         | 264/4789 [00:03<00:58, 77.88it/s]
  6%|▌         | 272/4789 [00:03<00:57, 78.29it/s]
  6%|▌         | 280/4789 [00:03<00:57, 77.89it/s]
  6%|▌         | 288/4789 [00:03<00:57, 78.23it/s]
  6%|▌         | 296/4789 [00:03<00:57, 77.79it/s]
  6%|▋         | 304/4789 [00:03<00:57, 78.20it/s]
  7%|▋         | 312/4789 [00:03<00:57, 77.88it/s]
  7%|▋         | 320/4789 [00:04<00:57, 78.25it/s]
  7%|▋         | 328/4789 [00:04<00:57, 78.15it/s]
  7%|▋         | 336/4789 [00:04<00:56, 78.22it/s]
  7%|▋         | 344/4789 [00:04<00:56, 77.99it/s]
  7%|▋         | 352/4789 [00:04<00:56, 77.96it/s]
  8%|▊         | 360/4789 [00:04<00:56, 77.90it/s]
  8%|▊         | 368/4789 [00:04<00:56, 77.75it/s]
  8%|▊         | 376/4789 [00:04<00:56, 77.95it/s]
  8%|▊         | 384/4789 [00:04<00:56, 77.53it/s]
  8%|▊         | 392/4789 [00:05<00:56, 77.85it/s]
  8%|▊         | 400/4789 [00:05<00:56, 77.50it/s]
  9%|▊         | 408/4789 [00:05<00:56, 78.19it/s]
  9%|▊         | 416/4789 [00:05<00:56, 77.78it/s]
  9%|▉         | 424/4789 [00:05<00:55, 78.17it/s]
  9%|▉         | 432/4789 [00:05<00:56, 77.55it/s]
  9%|▉         | 440/4789 [00:05<00:55, 77.86it/s]
  9%|▉         | 448/4789 [00:05<00:55, 77.82it/s]
 10%|▉         | 456/4789 [00:05<00:55, 77.76it/s]
 10%|▉         | 464/4789 [00:05<00:55, 78.17it/s]
 10%|▉         | 472/4789 [00:06<00:55, 77.81it/s]
 10%|█         | 480/4789 [00:06<00:55, 78.02it/s]
 10%|█         | 488/4789 [00:06<00:55, 77.49it/s]
 10%|█         | 496/4789 [00:06<00:55, 77.96it/s]
 11%|█         | 504/4789 [00:06<00:55, 77.45it/s]
 11%|█         | 512/4789 [00:06<00:54, 78.02it/s]
 11%|█         | 520/4789 [00:06<00:54, 77.73it/s]
 11%|█         | 528/4789 [00:06<00:54, 78.13it/s]
 11%|█         | 536/4789 [00:06<00:54, 78.11it/s]
 11%|█▏        | 544/4789 [00:06<00:54, 77.91it/s]
 12%|█▏        | 552/4789 [00:07<00:54, 78.06it/s]
 12%|█▏        | 560/4789 [00:07<00:54, 77.87it/s]
 12%|█▏        | 568/4789 [00:07<00:54, 77.92it/s]
 12%|█▏        | 576/4789 [00:07<00:54, 77.69it/s]
 12%|█▏        | 584/4789 [00:07<00:53, 78.00it/s]
 12%|█▏        | 592/4789 [00:07<00:54, 77.51it/s]
 13%|█▎        | 600/4789 [00:07<00:53, 78.12it/s]
 13%|█▎        | 608/4789 [00:07<00:53, 77.54it/s]
 13%|█▎        | 616/4789 [00:07<00:53, 77.86it/s]
 13%|█▎        | 624/4789 [00:08<00:53, 77.58it/s]
 13%|█▎        | 632/4789 [00:08<00:53, 77.93it/s]
 13%|█▎        | 640/4789 [00:08<00:53, 77.85it/s]
 14%|█▎        | 648/4789 [00:08<00:53, 78.03it/s]
 14%|█▎        | 656/4789 [00:08<00:52, 78.21it/s]
 14%|█▍        | 664/4789 [00:08<00:53, 77.79it/s]
 14%|█▍        | 672/4789 [00:08<00:52, 78.02it/s]
 14%|█▍        | 680/4789 [00:08<00:52, 77.85it/s]
 14%|█▍        | 688/4789 [00:08<00:52, 78.24it/s]
 15%|█▍        | 696/4789 [00:08<00:52, 77.70it/s]
 15%|█▍        | 704/4789 [00:09<00:52, 78.06it/s]
 15%|█▍        | 712/4789 [00:09<00:52, 77.49it/s]
 15%|█▌        | 720/4789 [00:09<00:52, 77.71it/s]
 15%|█▌        | 728/4789 [00:09<00:52, 77.49it/s]
 15%|█▌        | 736/4789 [00:09<00:52, 77.73it/s]
 16%|█▌        | 744/4789 [00:09<00:52, 77.64it/s]
 16%|█▌        | 752/4789 [00:09<00:51, 77.84it/s]
 16%|█▌        | 760/4789 [00:09<00:51, 77.76it/s]
 16%|█▌        | 768/4789 [00:09<00:51, 77.60it/s]
 16%|█▌        | 776/4789 [00:09<00:51, 77.74it/s]
 16%|█▋        | 784/4789 [00:10<00:51, 77.42it/s]
 17%|█▋        | 792/4789 [00:10<00:51, 77.91it/s]
 17%|█▋        | 800/4789 [00:10<00:51, 77.67it/s]
 17%|█▋        | 808/4789 [00:10<00:51, 77.98it/s]
 17%|█▋        | 816/4789 [00:10<00:51, 77.36it/s]
 17%|█▋        | 824/4789 [00:10<00:50, 77.93it/s]
 17%|█▋        | 832/4789 [00:10<00:51, 77.39it/s]
 18%|█▊        | 840/4789 [00:10<00:50, 77.72it/s]
 18%|█▊        | 848/4789 [00:10<00:50, 77.61it/s]
 18%|█▊        | 856/4789 [00:10<00:50, 77.85it/s]
 18%|█▊        | 864/4789 [00:11<00:50, 77.59it/s]
 18%|█▊        | 872/4789 [00:11<00:50, 77.72it/s]
 18%|█▊        | 880/4789 [00:11<00:50, 77.64it/s]
 19%|█▊        | 888/4789 [00:11<00:50, 77.67it/s]
 19%|█▊        | 896/4789 [00:11<00:50, 77.57it/s]
 19%|█▉        | 904/4789 [00:11<00:50, 77.30it/s]
 19%|█▉        | 912/4789 [00:11<00:49, 77.87it/s]
 19%|█▉        | 920/4789 [00:11<00:49, 77.43it/s]
 19%|█▉        | 928/4789 [00:11<00:49, 77.86it/s]
 20%|█▉        | 936/4789 [00:12<00:49, 77.39it/s]
 20%|█▉        | 944/4789 [00:12<00:49, 77.82it/s]
 20%|█▉        | 952/4789 [00:12<00:49, 77.59it/s]
 20%|██        | 960/4789 [00:12<00:49, 77.83it/s]
 20%|██        | 968/4789 [00:12<00:49, 77.68it/s]
 20%|██        | 976/4789 [00:12<00:49, 77.56it/s]
 21%|██        | 984/4789 [00:12<00:49, 77.56it/s]
 21%|██        | 992/4789 [00:12<00:49, 77.39it/s]
 21%|██        | 1000/4789 [00:12<00:48, 77.67it/s]
 21%|██        | 1008/4789 [00:12<00:49, 77.16it/s]
 21%|██        | 1016/4789 [00:13<00:48, 77.60it/s]
 21%|██▏       | 1024/4789 [00:13<00:48, 77.07it/s]
 22%|██▏       | 1032/4789 [00:13<00:48, 77.18it/s]
 22%|██▏       | 1040/4789 [00:13<00:48, 76.89it/s]
 22%|██▏       | 1048/4789 [00:13<00:48, 77.60it/s]
 22%|██▏       | 1056/4789 [00:13<00:48, 77.73it/s]
 22%|██▏       | 1064/4789 [00:13<00:47, 77.98it/s]
 22%|██▏       | 1072/4789 [00:13<00:47, 78.15it/s]
 23%|██▎       | 1080/4789 [00:13<00:47, 78.24it/s]
 23%|██▎       | 1088/4789 [00:13<00:47, 78.41it/s]
 23%|██▎       | 1096/4789 [00:14<00:47, 78.17it/s]
 23%|██▎       | 1104/4789 [00:14<00:46, 78.60it/s]
 23%|██▎       | 1112/4789 [00:14<00:47, 78.14it/s]
 23%|██▎       | 1120/4789 [00:14<00:46, 78.46it/s]
 24%|██▎       | 1128/4789 [00:14<00:46, 78.01it/s]
 24%|██▎       | 1136/4789 [00:14<00:46, 78.48it/s]
 24%|██▍       | 1144/4789 [00:14<00:46, 78.11it/s]
 24%|██▍       | 1152/4789 [00:14<00:46, 78.46it/s]
 24%|██▍       | 1160/4789 [00:14<00:46, 78.08it/s]
 24%|██▍       | 1168/4789 [00:14<00:46, 78.26it/s]
 25%|██▍       | 1176/4789 [00:15<00:46, 77.85it/s]
 25%|██▍       | 1184/4789 [00:15<00:46, 77.85it/s]
 25%|██▍       | 1192/4789 [00:15<00:46, 77.84it/s]
 25%|██▌       | 1200/4789 [00:15<00:46, 77.76it/s]
 25%|██▌       | 1208/4789 [00:15<00:45, 78.30it/s]
 25%|██▌       | 1216/4789 [00:15<00:45, 77.91it/s]
 26%|██▌       | 1224/4789 [00:15<00:45, 78.40it/s]
 26%|██▌       | 1232/4789 [00:15<00:45, 77.89it/s]
 26%|██▌       | 1240/4789 [00:15<00:45, 78.46it/s]
 26%|██▌       | 1248/4789 [00:16<00:45, 77.84it/s]
 26%|██▌       | 1256/4789 [00:16<00:45, 78.30it/s]
 26%|██▋       | 1264/4789 [00:16<00:45, 78.08it/s]
 27%|██▋       | 1272/4789 [00:16<00:45, 78.09it/s]
 27%|██▋       | 1280/4789 [00:16<00:44, 78.23it/s]
 27%|██▋       | 1288/4789 [00:16<00:44, 78.13it/s]
 27%|██▋       | 1296/4789 [00:16<00:44, 78.57it/s]
 27%|██▋       | 1304/4789 [00:16<00:44, 78.18it/s]
 27%|██▋       | 1313/4789 [00:16<00:44, 78.66it/s]
 28%|██▊       | 1321/4789 [00:16<00:44, 78.20it/s]
 28%|██▊       | 1329/4789 [00:17<00:44, 78.63it/s]
 28%|██▊       | 1337/4789 [00:17<00:44, 78.11it/s]
 28%|██▊       | 1346/4789 [00:17<00:43, 78.69it/s]
 28%|██▊       | 1354/4789 [00:17<00:44, 78.05it/s]
 28%|██▊       | 1362/4789 [00:17<00:43, 78.59it/s]
 29%|██▊       | 1370/4789 [00:17<00:43, 78.20it/s]
 29%|██▉       | 1378/4789 [00:17<00:43, 78.40it/s]
 29%|██▉       | 1386/4789 [00:17<00:43, 78.15it/s]
 29%|██▉       | 1394/4789 [00:17<00:43, 78.50it/s]
 29%|██▉       | 1402/4789 [00:17<00:43, 78.37it/s]
 29%|██▉       | 1410/4789 [00:18<00:43, 78.36it/s]
 30%|██▉       | 1418/4789 [00:18<00:43, 78.24it/s]
 30%|██▉       | 1426/4789 [00:18<00:43, 77.94it/s]
 30%|██▉       | 1434/4789 [00:18<00:42, 78.31it/s]
 30%|███       | 1442/4789 [00:18<00:42, 77.89it/s]
 30%|███       | 1450/4789 [00:18<00:42, 78.47it/s]
 30%|███       | 1458/4789 [00:18<00:42, 77.86it/s]
 31%|███       | 1466/4789 [00:18<00:42, 78.26it/s]
 31%|███       | 1474/4789 [00:18<00:42, 77.98it/s]
 31%|███       | 1482/4789 [00:19<00:42, 78.11it/s]
 31%|███       | 1490/4789 [00:19<00:42, 78.11it/s]
 31%|███▏      | 1498/4789 [00:19<00:42, 78.13it/s]
 31%|███▏      | 1506/4789 [00:19<00:41, 78.35it/s]
 32%|███▏      | 1514/4789 [00:19<00:41, 78.00it/s]
 32%|███▏      | 1523/4789 [00:19<00:41, 78.58it/s]
 32%|███▏      | 1531/4789 [00:19<00:41, 78.09it/s]
 32%|███▏      | 1539/4789 [00:19<00:41, 78.57it/s]
 32%|███▏      | 1547/4789 [00:19<00:41, 78.21it/s]
 32%|███▏      | 1555/4789 [00:19<00:41, 78.51it/s]
 33%|███▎      | 1563/4789 [00:20<00:41, 77.94it/s]
 33%|███▎      | 1571/4789 [00:20<00:41, 78.26it/s]
 33%|███▎      | 1579/4789 [00:20<00:41, 78.04it/s]
 33%|███▎      | 1587/4789 [00:20<00:41, 78.07it/s]
 33%|███▎      | 1595/4789 [00:20<00:40, 78.38it/s]
 33%|███▎      | 1603/4789 [00:20<00:40, 78.10it/s]
 34%|███▎      | 1611/4789 [00:20<00:40, 78.55it/s]
 34%|███▍      | 1619/4789 [00:20<00:40, 78.07it/s]
 34%|███▍      | 1628/4789 [00:20<00:40, 78.77it/s]
 34%|███▍      | 1636/4789 [00:20<00:40, 78.27it/s]
 34%|███▍      | 1644/4789 [00:21<00:39, 78.71it/s]
 34%|███▍      | 1652/4789 [00:21<00:40, 78.38it/s]
 35%|███▍      | 1660/4789 [00:21<00:39, 78.47it/s]
 35%|███▍      | 1668/4789 [00:21<00:40, 77.92it/s]
 35%|███▍      | 1676/4789 [00:21<00:39, 78.07it/s]
 35%|███▌      | 1684/4789 [00:21<00:39, 78.27it/s]
 35%|███▌      | 1692/4789 [00:21<00:39, 78.06it/s]
 35%|███▌      | 1700/4789 [00:21<00:39, 78.25it/s]
 36%|███▌      | 1708/4789 [00:21<00:39, 77.70it/s]
 36%|███▌      | 1716/4789 [00:22<00:39, 78.24it/s]
 36%|███▌      | 1724/4789 [00:22<00:39, 77.80it/s]
 36%|███▌      | 1732/4789 [00:22<00:39, 78.37it/s]
 36%|███▋      | 1740/4789 [00:22<00:39, 77.88it/s]
 37%|███▋      | 1748/4789 [00:22<00:38, 78.12it/s]
 37%|███▋      | 1756/4789 [00:22<00:38, 77.93it/s]
 37%|███▋      | 1764/4789 [00:22<00:38, 78.12it/s]
 37%|███▋      | 1772/4789 [00:22<00:38, 78.07it/s]
 37%|███▋      | 1780/4789 [00:22<00:38, 78.06it/s]
 37%|███▋      | 1788/4789 [00:22<00:38, 78.10it/s]
 38%|███▊      | 1796/4789 [00:23<00:38, 78.07it/s]
 38%|███▊      | 1804/4789 [00:23<00:38, 78.44it/s]
 38%|███▊      | 1812/4789 [00:23<00:38, 78.12it/s]
 38%|███▊      | 1820/4789 [00:23<00:37, 78.29it/s]
 38%|███▊      | 1828/4789 [00:23<00:37, 78.09it/s]
 38%|███▊      | 1836/4789 [00:23<00:37, 78.63it/s]
 39%|███▊      | 1844/4789 [00:23<00:37, 77.92it/s]
 39%|███▊      | 1852/4789 [00:23<00:37, 78.41it/s]
 39%|███▉      | 1860/4789 [00:23<00:37, 78.20it/s]
 39%|███▉      | 1868/4789 [00:23<00:37, 78.58it/s]
 39%|███▉      | 1876/4789 [00:24<00:37, 78.37it/s]
 39%|███▉      | 1884/4789 [00:24<00:37, 78.19it/s]
 40%|███▉      | 1892/4789 [00:24<00:36, 78.31it/s]
 40%|███▉      | 1900/4789 [00:24<00:37, 77.93it/s]
 40%|███▉      | 1908/4789 [00:24<00:36, 78.31it/s]
 40%|████      | 1916/4789 [00:24<00:36, 77.93it/s]
 40%|████      | 1924/4789 [00:24<00:36, 78.49it/s]
 40%|████      | 1932/4789 [00:24<00:36, 78.00it/s]
 41%|████      | 1940/4789 [00:24<00:36, 78.56it/s]
 41%|████      | 1948/4789 [00:24<00:36, 78.01it/s]
 41%|████      | 1956/4789 [00:25<00:36, 78.39it/s]
 41%|████      | 1964/4789 [00:25<00:36, 78.19it/s]
 41%|████      | 1972/4789 [00:25<00:35, 78.29it/s]
 41%|████▏     | 1980/4789 [00:25<00:35, 78.36it/s]
 42%|████▏     | 1988/4789 [00:25<00:35, 78.21it/s]
 42%|████▏     | 1996/4789 [00:25<00:35, 78.49it/s]
 42%|████▏     | 2004/4789 [00:25<00:35, 78.00it/s]
 42%|████▏     | 2012/4789 [00:25<00:35, 78.00it/s]
 42%|████▏     | 2020/4789 [00:25<00:35, 77.64it/s]
 42%|████▏     | 2028/4789 [00:25<00:35, 78.24it/s]
 43%|████▎     | 2036/4789 [00:26<00:35, 77.91it/s]
 43%|████▎     | 2044/4789 [00:26<00:35, 78.36it/s]
 43%|████▎     | 2052/4789 [00:26<00:35, 78.07it/s]
 43%|████▎     | 2060/4789 [00:26<00:34, 78.57it/s]
 43%|████▎     | 2068/4789 [00:26<00:34, 78.36it/s]
 43%|████▎     | 2076/4789 [00:26<00:34, 78.39it/s]
 44%|████▎     | 2084/4789 [00:26<00:34, 78.38it/s]
 44%|████▎     | 2092/4789 [00:26<00:34, 78.38it/s]
 44%|████▍     | 2100/4789 [00:26<00:34, 78.56it/s]
 44%|████▍     | 2108/4789 [00:27<00:34, 78.36it/s]
 44%|████▍     | 2117/4789 [00:27<00:33, 78.80it/s]
 44%|████▍     | 2125/4789 [00:27<00:34, 78.10it/s]
 45%|████▍     | 2133/4789 [00:27<00:34, 77.56it/s]
 45%|████▍     | 2141/4789 [00:27<00:34, 77.30it/s]
 45%|████▍     | 2149/4789 [00:27<00:33, 77.75it/s]
 45%|████▌     | 2157/4789 [00:27<00:33, 77.52it/s]
 45%|████▌     | 2165/4789 [00:27<00:33, 78.23it/s]
 45%|████▌     | 2173/4789 [00:27<00:33, 77.86it/s]
 46%|████▌     | 2181/4789 [00:27<00:33, 78.25it/s]
 46%|████▌     | 2189/4789 [00:28<00:33, 77.86it/s]
 46%|████▌     | 2197/4789 [00:28<00:33, 78.11it/s]
 46%|████▌     | 2205/4789 [00:28<00:33, 78.26it/s]
 46%|████▌     | 2213/4789 [00:28<00:32, 78.18it/s]
 46%|████▋     | 2221/4789 [00:28<00:32, 78.56it/s]
 47%|████▋     | 2229/4789 [00:28<00:32, 77.98it/s]
 47%|████▋     | 2237/4789 [00:28<00:32, 78.48it/s]
 47%|████▋     | 2245/4789 [00:28<00:32, 77.81it/s]
 47%|████▋     | 2253/4789 [00:28<00:32, 78.29it/s]
 47%|████▋     | 2261/4789 [00:28<00:32, 77.89it/s]
 47%|████▋     | 2269/4789 [00:29<00:32, 78.13it/s]
 48%|████▊     | 2277/4789 [00:29<00:32, 78.03it/s]
 48%|████▊     | 2285/4789 [00:29<00:31, 78.43it/s]
 48%|████▊     | 2293/4789 [00:29<00:31, 78.01it/s]
 48%|████▊     | 2301/4789 [00:29<00:31, 77.84it/s]
 48%|████▊     | 2309/4789 [00:29<00:31, 77.90it/s]
 48%|████▊     | 2317/4789 [00:29<00:31, 77.87it/s]
 49%|████▊     | 2325/4789 [00:29<00:31, 78.32it/s]
 49%|████▊     | 2333/4789 [00:29<00:31, 78.02it/s]
 49%|████▉     | 2341/4789 [00:29<00:31, 78.58it/s]
 49%|████▉     | 2349/4789 [00:30<00:31, 78.04it/s]
 49%|████▉     | 2357/4789 [00:30<00:30, 78.59it/s]
 49%|████▉     | 2365/4789 [00:30<00:31, 78.09it/s]
 50%|████▉     | 2373/4789 [00:30<00:30, 78.44it/s]
 50%|████▉     | 2381/4789 [00:30<00:30, 77.96it/s]
 50%|████▉     | 2389/4789 [00:30<00:30, 78.10it/s]
 50%|█████     | 2397/4789 [00:30<00:30, 77.95it/s]
 50%|█████     | 2405/4789 [00:30<00:30, 78.20it/s]
 50%|█████     | 2413/4789 [00:30<00:30, 78.11it/s]
 51%|█████     | 2421/4789 [00:31<00:30, 78.20it/s]
 51%|█████     | 2429/4789 [00:31<00:30, 78.36it/s]
 51%|█████     | 2437/4789 [00:31<00:30, 77.90it/s]
 51%|█████     | 2445/4789 [00:31<00:29, 78.34it/s]
 51%|█████     | 2453/4789 [00:31<00:30, 77.84it/s]
 51%|█████▏    | 2461/4789 [00:31<00:29, 78.20it/s]
 52%|█████▏    | 2469/4789 [00:31<00:29, 77.73it/s]
 52%|█████▏    | 2477/4789 [00:31<00:29, 78.34it/s]
 52%|█████▏    | 2485/4789 [00:31<00:29, 78.01it/s]
 52%|█████▏    | 2493/4789 [00:31<00:29, 78.35it/s]
 52%|█████▏    | 2501/4789 [00:32<00:29, 78.11it/s]
 52%|█████▏    | 2509/4789 [00:32<00:29, 78.13it/s]
 53%|█████▎    | 2517/4789 [00:32<00:29, 78.25it/s]
 53%|█████▎    | 2525/4789 [00:32<00:29, 77.97it/s]
 53%|█████▎    | 2533/4789 [00:32<00:28, 78.36it/s]
 53%|█████▎    | 2541/4789 [00:32<00:28, 78.08it/s]
 53%|█████▎    | 2549/4789 [00:32<00:28, 78.39it/s]
 53%|█████▎    | 2557/4789 [00:32<00:28, 77.76it/s]
 54%|█████▎    | 2565/4789 [00:32<00:28, 78.34it/s]
 54%|█████▎    | 2573/4789 [00:32<00:28, 78.02it/s]
 54%|█████▍    | 2581/4789 [00:33<00:28, 78.15it/s]
 54%|█████▍    | 2589/4789 [00:33<00:28, 78.20it/s]
 54%|█████▍    | 2597/4789 [00:33<00:28, 78.04it/s]
 54%|█████▍    | 2605/4789 [00:33<00:27, 78.05it/s]
 55%|█████▍    | 2613/4789 [00:33<00:27, 77.89it/s]
 55%|█████▍    | 2621/4789 [00:33<00:27, 78.48it/s]
 55%|█████▍    | 2629/4789 [00:33<00:27, 78.15it/s]
 55%|█████▌    | 2637/4789 [00:33<00:27, 78.56it/s]
 55%|█████▌    | 2645/4789 [00:33<00:27, 78.07it/s]
 55%|█████▌    | 2653/4789 [00:33<00:27, 78.26it/s]
 56%|█████▌    | 2661/4789 [00:34<00:27, 77.99it/s]
 56%|█████▌    | 2669/4789 [00:34<00:27, 78.41it/s]
 56%|█████▌    | 2677/4789 [00:34<00:27, 78.08it/s]
 56%|█████▌    | 2685/4789 [00:34<00:26, 78.62it/s]
 56%|█████▌    | 2693/4789 [00:34<00:26, 78.24it/s]
 56%|█████▋    | 2701/4789 [00:34<00:26, 78.39it/s]
 57%|█████▋    | 2709/4789 [00:34<00:26, 78.01it/s]
 57%|█████▋    | 2717/4789 [00:34<00:26, 78.07it/s]
 57%|█████▋    | 2725/4789 [00:34<00:26, 78.35it/s]
 57%|█████▋    | 2733/4789 [00:35<00:26, 78.25it/s]
 57%|█████▋    | 2741/4789 [00:35<00:26, 78.32it/s]
 57%|█████▋    | 2749/4789 [00:35<00:26, 77.76it/s]
 58%|█████▊    | 2757/4789 [00:35<00:25, 78.27it/s]
 58%|█████▊    | 2765/4789 [00:35<00:26, 77.65it/s]
 58%|█████▊    | 2773/4789 [00:35<00:25, 77.97it/s]
 58%|█████▊    | 2781/4789 [00:35<00:25, 77.34it/s]
 58%|█████▊    | 2789/4789 [00:35<00:25, 77.70it/s]
 58%|█████▊    | 2797/4789 [00:35<00:25, 77.40it/s]
 59%|█████▊    | 2805/4789 [00:35<00:25, 77.73it/s]
 59%|█████▊    | 2813/4789 [00:36<00:25, 77.63it/s]
 59%|█████▉    | 2821/4789 [00:36<00:25, 77.78it/s]
 59%|█████▉    | 2829/4789 [00:36<00:25, 77.73it/s]
 59%|█████▉    | 2837/4789 [00:36<00:25, 77.61it/s]
 59%|█████▉    | 2845/4789 [00:36<00:24, 77.88it/s]
 60%|█████▉    | 2853/4789 [00:36<00:25, 77.37it/s]
 60%|█████▉    | 2861/4789 [00:36<00:24, 77.83it/s]
 60%|█████▉    | 2869/4789 [00:36<00:24, 77.35it/s]
 60%|██████    | 2877/4789 [00:36<00:24, 77.87it/s]
 60%|██████    | 2885/4789 [00:36<00:24, 77.69it/s]
 60%|██████    | 2893/4789 [00:37<00:24, 78.04it/s]
 61%|██████    | 2901/4789 [00:37<00:24, 77.77it/s]
 61%|██████    | 2909/4789 [00:37<00:24, 77.82it/s]
 61%|██████    | 2917/4789 [00:37<00:24, 77.88it/s]
 61%|██████    | 2925/4789 [00:37<00:23, 77.83it/s]
 61%|██████    | 2933/4789 [00:37<00:23, 77.93it/s]
 61%|██████▏   | 2941/4789 [00:37<00:23, 77.67it/s]
 62%|██████▏   | 2949/4789 [00:37<00:23, 78.05it/s]
 62%|██████▏   | 2957/4789 [00:37<00:23, 77.69it/s]
 62%|██████▏   | 2965/4789 [00:37<00:23, 78.09it/s]
 62%|██████▏   | 2973/4789 [00:38<00:23, 77.59it/s]
 62%|██████▏   | 2981/4789 [00:38<00:23, 78.02it/s]
 62%|██████▏   | 2989/4789 [00:38<00:23, 77.30it/s]
 63%|██████▎   | 2997/4789 [00:38<00:23, 77.78it/s]
 63%|██████▎   | 3005/4789 [00:38<00:23, 77.55it/s]
 63%|██████▎   | 3013/4789 [00:38<00:22, 77.64it/s]
 63%|██████▎   | 3021/4789 [00:38<00:22, 77.59it/s]
 63%|██████▎   | 3029/4789 [00:38<00:22, 77.63it/s]
 63%|██████▎   | 3037/4789 [00:38<00:22, 77.95it/s]
 64%|██████▎   | 3045/4789 [00:39<00:22, 77.55it/s]
 64%|██████▍   | 3053/4789 [00:39<00:22, 78.08it/s]
 64%|██████▍   | 3061/4789 [00:39<00:22, 77.86it/s]
 64%|██████▍   | 3069/4789 [00:39<00:21, 78.29it/s]
 64%|██████▍   | 3077/4789 [00:39<00:21, 77.91it/s]
 64%|██████▍   | 3085/4789 [00:39<00:21, 78.41it/s]
 65%|██████▍   | 3093/4789 [00:39<00:21, 77.88it/s]
 65%|██████▍   | 3101/4789 [00:39<00:21, 78.34it/s]
 65%|██████▍   | 3109/4789 [00:39<00:21, 78.10it/s]
 65%|██████▌   | 3117/4789 [00:39<00:21, 78.19it/s]
 65%|██████▌   | 3125/4789 [00:40<00:21, 78.17it/s]
 65%|██████▌   | 3133/4789 [00:40<00:21, 78.06it/s]
 66%|██████▌   | 3141/4789 [00:40<00:20, 78.55it/s]
 66%|██████▌   | 3149/4789 [00:40<00:21, 78.08it/s]
 66%|██████▌   | 3158/4789 [00:40<00:20, 78.63it/s]
 66%|██████▌   | 3166/4789 [00:40<00:20, 78.22it/s]
 66%|██████▋   | 3175/4789 [00:40<00:20, 78.78it/s]
 66%|██████▋   | 3183/4789 [00:40<00:20, 78.29it/s]
 67%|██████▋   | 3191/4789 [00:40<00:20, 78.64it/s]
 67%|██████▋   | 3199/4789 [00:40<00:20, 78.18it/s]
 67%|██████▋   | 3207/4789 [00:41<00:20, 78.60it/s]
 67%|██████▋   | 3215/4789 [00:41<00:20, 78.28it/s]
 67%|██████▋   | 3223/4789 [00:41<00:19, 78.44it/s]
 67%|██████▋   | 3231/4789 [00:41<00:19, 78.39it/s]
 68%|██████▊   | 3239/4789 [00:41<00:19, 78.26it/s]
 68%|██████▊   | 3247/4789 [00:41<00:19, 78.57it/s]
 68%|██████▊   | 3255/4789 [00:41<00:19, 78.18it/s]
 68%|██████▊   | 3263/4789 [00:41<00:19, 78.71it/s]
 68%|██████▊   | 3271/4789 [00:41<00:19, 78.11it/s]
 68%|██████▊   | 3279/4789 [00:42<00:19, 78.28it/s]
 69%|██████▊   | 3287/4789 [00:42<00:19, 77.96it/s]
 69%|██████▉   | 3295/4789 [00:42<00:19, 77.95it/s]
 69%|██████▉   | 3303/4789 [00:42<00:19, 78.03it/s]
 69%|██████▉   | 3311/4789 [00:42<00:18, 78.03it/s]
 69%|██████▉   | 3319/4789 [00:42<00:18, 78.04it/s]
 69%|██████▉   | 3327/4789 [00:42<00:18, 77.92it/s]
 70%|██████▉   | 3335/4789 [00:42<00:18, 78.40it/s]
 70%|██████▉   | 3343/4789 [00:42<00:18, 78.08it/s]
 70%|██████▉   | 3351/4789 [00:42<00:18, 78.50it/s]
 70%|███████   | 3359/4789 [00:43<00:18, 78.00it/s]
 70%|███████   | 3367/4789 [00:43<00:18, 78.50it/s]
 70%|███████   | 3375/4789 [00:43<00:18, 78.29it/s]
 71%|███████   | 3383/4789 [00:43<00:17, 78.61it/s]
 71%|███████   | 3391/4789 [00:43<00:17, 78.51it/s]
 71%|███████   | 3399/4789 [00:43<00:17, 78.18it/s]
 71%|███████   | 3407/4789 [00:43<00:17, 78.07it/s]
 71%|███████▏  | 3415/4789 [00:43<00:17, 77.87it/s]
 71%|███████▏  | 3423/4789 [00:43<00:17, 78.36it/s]
 72%|███████▏  | 3431/4789 [00:43<00:17, 78.07it/s]
 72%|███████▏  | 3439/4789 [00:44<00:17, 78.53it/s]
 72%|███████▏  | 3447/4789 [00:44<00:17, 77.85it/s]
 72%|███████▏  | 3455/4789 [00:44<00:17, 78.46it/s]
 72%|███████▏  | 3463/4789 [00:44<00:17, 77.84it/s]
 72%|███████▏  | 3471/4789 [00:44<00:16, 78.38it/s]
 73%|███████▎  | 3479/4789 [00:44<00:16, 78.00it/s]
 73%|███████▎  | 3487/4789 [00:44<00:16, 78.31it/s]
 73%|███████▎  | 3495/4789 [00:44<00:16, 78.42it/s]
 73%|███████▎  | 3503/4789 [00:44<00:16, 78.50it/s]
 73%|███████▎  | 3511/4789 [00:44<00:16, 78.64it/s]
 73%|███████▎  | 3519/4789 [00:45<00:16, 78.48it/s]
 74%|███████▎  | 3527/4789 [00:45<00:16, 78.83it/s]
 74%|███████▍  | 3535/4789 [00:45<00:16, 78.24it/s]
 74%|███████▍  | 3543/4789 [00:45<00:15, 78.61it/s]
 74%|███████▍  | 3551/4789 [00:45<00:15, 78.14it/s]
 74%|███████▍  | 3559/4789 [00:45<00:15, 78.50it/s]
 74%|███████▍  | 3567/4789 [00:45<00:15, 78.06it/s]
 75%|███████▍  | 3575/4789 [00:45<00:15, 78.47it/s]
 75%|███████▍  | 3583/4789 [00:45<00:15, 77.98it/s]
 75%|███████▍  | 3591/4789 [00:46<00:15, 78.50it/s]
 75%|███████▌  | 3599/4789 [00:46<00:15, 78.25it/s]
 75%|███████▌  | 3607/4789 [00:46<00:15, 78.43it/s]
 75%|███████▌  | 3615/4789 [00:46<00:15, 78.10it/s]
 76%|███████▌  | 3623/4789 [00:46<00:14, 78.33it/s]
 76%|███████▌  | 3631/4789 [00:46<00:14, 78.39it/s]
 76%|███████▌  | 3639/4789 [00:46<00:14, 78.24it/s]
 76%|███████▌  | 3647/4789 [00:46<00:14, 78.37it/s]
 76%|███████▋  | 3655/4789 [00:46<00:14, 78.05it/s]
 76%|███████▋  | 3663/4789 [00:46<00:14, 78.42it/s]
 77%|███████▋  | 3671/4789 [00:47<00:14, 78.02it/s]
 77%|███████▋  | 3679/4789 [00:47<00:14, 78.55it/s]
 77%|███████▋  | 3687/4789 [00:47<00:14, 77.89it/s]
 77%|███████▋  | 3695/4789 [00:47<00:13, 78.32it/s]
 77%|███████▋  | 3703/4789 [00:47<00:13, 78.31it/s]
 77%|███████▋  | 3711/4789 [00:47<00:13, 78.25it/s]
 78%|███████▊  | 3719/4789 [00:47<00:13, 78.51it/s]
 78%|███████▊  | 3727/4789 [00:47<00:13, 78.08it/s]
 78%|███████▊  | 3735/4789 [00:47<00:13, 78.60it/s]
 78%|███████▊  | 3743/4789 [00:47<00:13, 77.99it/s]
 78%|███████▊  | 3751/4789 [00:48<00:13, 78.41it/s]
 78%|███████▊  | 3759/4789 [00:48<00:13, 77.88it/s]
 79%|███████▊  | 3767/4789 [00:48<00:13, 78.21it/s]
 79%|███████▉  | 3775/4789 [00:48<00:13, 77.90it/s]
 79%|███████▉  | 3783/4789 [00:48<00:12, 78.28it/s]
 79%|███████▉  | 3791/4789 [00:48<00:12, 78.19it/s]
 79%|███████▉  | 3799/4789 [00:48<00:12, 78.33it/s]
 79%|███████▉  | 3807/4789 [00:48<00:12, 78.34it/s]
 80%|███████▉  | 3815/4789 [00:48<00:12, 78.51it/s]
 80%|███████▉  | 3823/4789 [00:48<00:12, 78.73it/s]
 80%|███████▉  | 3831/4789 [00:49<00:12, 78.18it/s]
 80%|████████  | 3839/4789 [00:49<00:12, 78.41it/s]
 80%|████████  | 3847/4789 [00:49<00:12, 77.79it/s]
 80%|████████  | 3855/4789 [00:49<00:11, 78.23it/s]
 81%|████████  | 3863/4789 [00:49<00:11, 77.99it/s]
 81%|████████  | 3871/4789 [00:49<00:11, 78.19it/s]
 81%|████████  | 3879/4789 [00:49<00:11, 78.29it/s]
 81%|████████  | 3887/4789 [00:49<00:11, 78.25it/s]
 81%|████████▏ | 3895/4789 [00:49<00:11, 78.21it/s]
 81%|████████▏ | 3903/4789 [00:49<00:11, 78.04it/s]
 82%|████████▏ | 3911/4789 [00:50<00:11, 78.56it/s]
 82%|████████▏ | 3919/4789 [00:50<00:11, 77.95it/s]
 82%|████████▏ | 3927/4789 [00:50<00:11, 78.33it/s]
 82%|████████▏ | 3935/4789 [00:50<00:10, 77.80it/s]
 82%|████████▏ | 3943/4789 [00:50<00:10, 78.29it/s]
 83%|████████▎ | 3951/4789 [00:50<00:10, 77.92it/s]
 83%|████████▎ | 3959/4789 [00:50<00:10, 78.23it/s]
 83%|████████▎ | 3967/4789 [00:50<00:10, 77.95it/s]
 83%|████████▎ | 3975/4789 [00:50<00:10, 78.20it/s]
 83%|████████▎ | 3983/4789 [00:51<00:10, 78.24it/s]
 83%|████████▎ | 3991/4789 [00:51<00:10, 78.24it/s]
 84%|████████▎ | 3999/4789 [00:51<00:10, 78.50it/s]
 84%|████████▎ | 4007/4789 [00:51<00:10, 78.12it/s]
 84%|████████▍ | 4015/4789 [00:51<00:09, 78.55it/s]
 84%|████████▍ | 4023/4789 [00:51<00:09, 77.96it/s]
 84%|████████▍ | 4031/4789 [00:51<00:09, 78.31it/s]
 84%|████████▍ | 4039/4789 [00:51<00:09, 77.70it/s]
 85%|████████▍ | 4047/4789 [00:51<00:09, 78.09it/s]
 85%|████████▍ | 4055/4789 [00:51<00:09, 77.99it/s]
 85%|████████▍ | 4063/4789 [00:52<00:09, 78.19it/s]
 85%|████████▌ | 4071/4789 [00:52<00:09, 78.08it/s]
 85%|████████▌ | 4079/4789 [00:52<00:09, 78.15it/s]
 85%|████████▌ | 4087/4789 [00:52<00:08, 78.53it/s]
 86%|████████▌ | 4095/4789 [00:52<00:08, 78.34it/s]
 86%|████████▌ | 4103/4789 [00:52<00:08, 78.61it/s]
 86%|████████▌ | 4111/4789 [00:52<00:08, 78.22it/s]
 86%|████████▌ | 4119/4789 [00:52<00:08, 78.65it/s]
 86%|████████▌ | 4127/4789 [00:52<00:08, 78.01it/s]
 86%|████████▋ | 4135/4789 [00:52<00:08, 78.44it/s]
 87%|████████▋ | 4143/4789 [00:53<00:08, 77.92it/s]
 87%|████████▋ | 4151/4789 [00:53<00:08, 78.27it/s]
 87%|████████▋ | 4159/4789 [00:53<00:08, 78.16it/s]
 87%|████████▋ | 4167/4789 [00:53<00:07, 78.03it/s]
 87%|████████▋ | 4175/4789 [00:53<00:07, 78.05it/s]
 87%|████████▋ | 4183/4789 [00:53<00:07, 77.85it/s]
 88%|████████▊ | 4191/4789 [00:53<00:07, 78.09it/s]
 88%|████████▊ | 4199/4789 [00:53<00:07, 77.90it/s]
 88%|████████▊ | 4207/4789 [00:53<00:07, 78.42it/s]
 88%|████████▊ | 4215/4789 [00:53<00:07, 77.95it/s]
 88%|████████▊ | 4223/4789 [00:54<00:07, 78.50it/s]
 88%|████████▊ | 4231/4789 [00:54<00:07, 77.90it/s]
 89%|████████▊ | 4239/4789 [00:54<00:07, 78.28it/s]
 89%|████████▊ | 4247/4789 [00:54<00:06, 77.86it/s]
 89%|████████▉ | 4255/4789 [00:54<00:06, 78.04it/s]
 89%|████████▉ | 4263/4789 [00:54<00:06, 77.74it/s]
 89%|████████▉ | 4271/4789 [00:54<00:06, 77.91it/s]
 89%|████████▉ | 4279/4789 [00:54<00:06, 78.09it/s]
 90%|████████▉ | 4287/4789 [00:54<00:06, 77.90it/s]
 90%|████████▉ | 4295/4789 [00:55<00:06, 78.25it/s]
 90%|████████▉ | 4303/4789 [00:55<00:06, 77.89it/s]
 90%|█████████ | 4311/4789 [00:55<00:06, 78.22it/s]
 90%|█████████ | 4319/4789 [00:55<00:06, 77.78it/s]
 90%|█████████ | 4327/4789 [00:55<00:05, 77.99it/s]
 91%|█████████ | 4335/4789 [00:55<00:05, 77.54it/s]
 91%|█████████ | 4343/4789 [00:55<00:05, 78.03it/s]
 91%|█████████ | 4351/4789 [00:55<00:05, 77.63it/s]
 91%|█████████ | 4359/4789 [00:55<00:05, 78.09it/s]
 91%|█████████ | 4367/4789 [00:55<00:05, 77.80it/s]
 91%|█████████▏| 4375/4789 [00:56<00:05, 78.20it/s]
 92%|█████████▏| 4383/4789 [00:56<00:05, 78.28it/s]
 92%|█████████▏| 4391/4789 [00:56<00:05, 78.04it/s]
 92%|█████████▏| 4399/4789 [00:56<00:04, 78.38it/s]
 92%|█████████▏| 4407/4789 [00:56<00:04, 77.82it/s]
 92%|█████████▏| 4415/4789 [00:56<00:04, 78.17it/s]
 92%|█████████▏| 4423/4789 [00:56<00:04, 77.64it/s]
 93%|█████████▎| 4431/4789 [00:56<00:04, 78.16it/s]
 93%|█████████▎| 4439/4789 [00:56<00:04, 77.68it/s]
 93%|█████████▎| 4447/4789 [00:56<00:04, 78.31it/s]
 93%|█████████▎| 4455/4789 [00:57<00:04, 77.85it/s]
 93%|█████████▎| 4463/4789 [00:57<00:04, 78.08it/s]
 93%|█████████▎| 4471/4789 [00:57<00:04, 78.08it/s]
 94%|█████████▎| 4479/4789 [00:57<00:03, 77.93it/s]
 94%|█████████▎| 4487/4789 [00:57<00:03, 78.19it/s]
 94%|█████████▍| 4495/4789 [00:57<00:03, 78.02it/s]
 94%|█████████▍| 4503/4789 [00:57<00:03, 78.44it/s]
 94%|█████████▍| 4511/4789 [00:57<00:03, 78.10it/s]
 94%|█████████▍| 4519/4789 [00:57<00:03, 78.40it/s]
 95%|█████████▍| 4527/4789 [00:57<00:03, 77.79it/s]
 95%|█████████▍| 4535/4789 [00:58<00:03, 77.99it/s]
 95%|█████████▍| 4543/4789 [00:58<00:03, 77.63it/s]
 95%|█████████▌| 4551/4789 [00:58<00:03, 78.04it/s]
 95%|█████████▌| 4559/4789 [00:58<00:02, 77.99it/s]
 95%|█████████▌| 4567/4789 [00:58<00:02, 77.95it/s]
 96%|█████████▌| 4575/4789 [00:58<00:02, 77.98it/s]
 96%|█████████▌| 4583/4789 [00:58<00:02, 77.73it/s]
 96%|█████████▌| 4591/4789 [00:58<00:02, 78.10it/s]
 96%|█████████▌| 4599/4789 [00:58<00:02, 77.64it/s]
 96%|█████████▌| 4607/4789 [00:59<00:02, 78.31it/s]
 96%|█████████▋| 4615/4789 [00:59<00:02, 77.69it/s]
 97%|█████████▋| 4623/4789 [00:59<00:02, 78.31it/s]
 97%|█████████▋| 4631/4789 [00:59<00:02, 78.16it/s]
 97%|█████████▋| 4639/4789 [00:59<00:01, 78.40it/s]
 97%|█████████▋| 4647/4789 [00:59<00:01, 78.20it/s]
 97%|█████████▋| 4655/4789 [00:59<00:01, 78.41it/s]
 97%|█████████▋| 4663/4789 [00:59<00:01, 78.71it/s]
 98%|█████████▊| 4671/4789 [00:59<00:01, 78.36it/s]
 98%|█████████▊| 4679/4789 [00:59<00:01, 78.66it/s]
 98%|█████████▊| 4687/4789 [01:00<00:01, 78.11it/s]
 98%|█████████▊| 4695/4789 [01:00<00:01, 78.49it/s]
 98%|█████████▊| 4703/4789 [01:00<00:01, 77.99it/s]
 98%|█████████▊| 4711/4789 [01:00<00:00, 78.43it/s]
 99%|█████████▊| 4719/4789 [01:00<00:00, 78.07it/s]
 99%|█████████▊| 4727/4789 [01:00<00:00, 78.50it/s]
 99%|█████████▉| 4735/4789 [01:00<00:00, 78.31it/s]
 99%|█████████▉| 4743/4789 [01:00<00:00, 78.37it/s]
 99%|█████████▉| 4751/4789 [01:00<00:00, 78.13it/s]
 99%|█████████▉| 4759/4789 [01:00<00:00, 78.07it/s]
100%|█████████▉| 4767/4789 [01:01<00:00, 78.32it/s]
100%|█████████▉| 4775/4789 [01:01<00:00, 78.03it/s]
100%|█████████▉| 4784/4789 [01:01<00:00, 78.66it/s]
100%|██████████| 4789/4789 [01:01<00:00, 78.08it/s]

Epoch 1/150:   0%|          | 0/300 [00:00<?, ?it/s]
Epoch 1/150:   0%|          | 1/300 [00:00<02:26,  2.04it/s]
Epoch 1/150:   9%|▊         | 26/300 [00:00<00:04, 57.88it/s]
Epoch 1/150:  15%|█▌        | 45/300 [00:00<00:02, 89.55it/s]
Epoch 1/150:  23%|██▎       | 70/300 [00:00<00:01, 129.95it/s]
Epoch 1/150:  30%|███       | 91/300 [00:00<00:01, 151.00it/s]
Epoch 1/150:  38%|███▊      | 114/300 [00:00<00:01, 172.29it/s]
Epoch 1/150:  47%|████▋     | 140/300 [00:01<00:00, 193.93it/s]
Epoch 1/150:  54%|█████▍    | 163/300 [00:01<00:00, 195.04it/s]
Epoch 1/150:  63%|██████▎   | 190/300 [00:01<00:00, 214.14it/s]
Epoch 1/150:  71%|███████   | 213/300 [00:01<00:00, 204.65it/s]
Epoch 1/150:  80%|████████  | 241/300 [00:01<00:00, 223.75it/s]
Epoch 1/150:  88%|████████▊ | 265/300 [00:01<00:00, 214.56it/s]
Epoch 1/150:  97%|█████████▋| 291/300 [00:01<00:00, 226.35it/s]
Epoch 1/150: 100%|██████████| 300/300 [00:01<00:00, 160.57it/s]

Epoch 2/150:   0%|          | 0/300 [00:00<?, ?it/s]
Epoch 2/150:   0%|          | 1/300 [00:00<00:35,  8.41it/s]
Epoch 2/150:   7%|▋         | 22/300 [00:00<00:02, 116.53it/s]
Epoch 2/150:  16%|█▌        | 48/300 [00:00<00:01, 176.10it/s]
Epoch 2/150:  23%|██▎       | 70/300 [00:00<00:01, 188.81it/s]
Epoch 2/150:  30%|███       | 91/300 [00:00<00:01, 194.55it/s]
Epoch 2/150:  39%|███▊      | 116/300 [00:00<00:00, 211.59it/s]
Epoch 2/150:  46%|████▌     | 138/300 [00:00<00:00, 200.57it/s]
Epoch 2/150:  55%|█████▌    | 166/300 [00:00<00:00, 221.83it/s]
Epoch 2/150:  63%|██████▎   | 189/300 [00:00<00:00, 212.98it/s]
Epoch 2/150:  71%|███████▏  | 214/300 [00:01<00:00, 223.51it/s]
Epoch 2/150:  79%|███████▉  | 237/300 [00:01<00:00, 213.54it/s]
Epoch 2/150:  87%|████████▋ | 261/300 [00:01<00:00, 219.67it/s]
Epoch 2/150:  95%|█████████▍| 284/300 [00:01<00:00, 212.65it/s]
Epoch 2/150: 100%|██████████| 300/300 [00:01<00:00, 193.77it/s]

Epoch 3/150:   0%|          | 0/300 [00:00<?, ?it/s]
Epoch 3/150:   0%|          | 1/300 [00:00<00:36,  8.30it/s]
Epoch 3/150:   9%|▉         | 27/300 [00:00<00:01, 142.74it/s]
Epoch 3/150:  17%|█▋        | 50/300 [00:00<00:01, 177.21it/s]
Epoch 3/150:  25%|██▌       | 75/300 [00:00<00:01, 202.03it/s]
Epoch 3/150:  34%|███▎      | 101/300 [00:00<00:00, 219.76it/s]
Epoch 3/150:  41%|████▏     | 124/300 [00:00<00:00, 209.47it/s]
Epoch 3/150:  51%|█████     | 152/300 [00:00<00:00, 228.14it/s]
Epoch 3/150:  59%|█████▊    | 176/300 [00:00<00:00, 215.13it/s]
Epoch 3/150:  68%|██████▊   | 203/300 [00:00<00:00, 228.55it/s]
Epoch 3/150:  76%|███████▌  | 227/300 [00:01<00:00, 212.41it/s]
Epoch 3/150:  85%|████████▍ | 254/300 [00:01<00:00, 225.95it/s]
Epoch 3/150:  92%|█████████▏| 277/300 [00:01<00:00, 211.88it/s]
Epoch 3/150: 100%|██████████| 300/300 [00:01<00:00, 201.57it/s]

Epoch 4/150:   0%|          | 0/300 [00:00<?, ?it/s]
Epoch 4/150:   0%|          | 1/300 [00:00<00:35,  8.41it/s]
Epoch 4/150:   8%|▊         | 25/300 [00:00<00:02, 126.41it/s]
Epoch 4/150:  16%|█▌        | 47/300 [00:00<00:01, 164.26it/s]
Epoch 4/150:  25%|██▍       | 74/300 [00:00<00:01, 201.98it/s]
Epoch 4/150:  32%|███▏      | 95/300 [00:00<00:01, 194.31it/s]
Epoch 4/150:  41%|████      | 122/300 [00:00<00:00, 217.61it/s]
Epoch 4/150:  48%|████▊     | 145/300 [00:00<00:00, 208.91it/s]
Epoch 4/150:  57%|█████▋    | 171/300 [00:00<00:00, 222.09it/s]
Epoch 4/150:  65%|██████▍   | 194/300 [00:00<00:00, 213.43it/s]
Epoch 4/150:  73%|███████▎  | 219/300 [00:01<00:00, 223.63it/s]
Epoch 4/150:  81%|████████  | 242/300 [00:01<00:00, 217.32it/s]
Epoch 4/150:  89%|████████▊ | 266/300 [00:01<00:00, 223.64it/s]
Epoch 4/150:  96%|█████████▋| 289/300 [00:01<00:00, 221.28it/s]
Epoch 4/150: 100%|██████████| 300/300 [00:01<00:00, 198.17it/s]

Epoch 5/150:   0%|          | 0/300 [00:00<?, ?it/s]
Epoch 5/150:   0%|          | 1/300 [00:00<00:37,  8.01it/s]
Epoch 5/150:   8%|▊         | 25/300 [00:00<00:02, 130.06it/s]
Epoch 5/150:  17%|█▋        | 52/300 [00:00<00:01, 188.82it/s]
Epoch 5/150:  24%|██▍       | 72/300 [00:00<00:01, 185.47it/s]
Epoch 5/150:  33%|███▎      | 100/300 [00:00<00:00, 215.21it/s]
Epoch 5/150:  41%|████      | 122/300 [00:00<00:00, 206.27it/s]
Epoch 5/150:  49%|████▉     | 148/300 [00:00<00:00, 220.77it/s]
Epoch 5/150:  57%|█████▋    | 171/300 [00:00<00:00, 211.34it/s]
Epoch 5/150:  65%|██████▌   | 196/300 [00:00<00:00, 221.03it/s]
Epoch 5/150:  73%|███████▎  | 219/300 [00:01<00:00, 217.17it/s]
Epoch 5/150:  80%|████████  | 241/300 [00:01<00:00, 217.83it/s]
Epoch 5/150:  89%|████████▊ | 266/300 [00:01<00:00, 225.64it/s]
Epoch 5/150:  96%|█████████▋| 289/300 [00:01<00:00, 214.55it/s]
Epoch 5/150: 100%|██████████| 300/300 [00:01<00:00, 198.70it/s]

Epoch 6/150:   0%|          | 0/300 [00:00<?, ?it/s]
Epoch 6/150:   0%|          | 1/300 [00:00<00:35,  8.34it/s]
Epoch 6/150:   9%|▉         | 28/300 [00:00<00:01, 149.52it/s]
Epoch 6/150:  16%|█▌        | 47/300 [00:00<00:01, 164.61it/s]
Epoch 6/150:  25%|██▍       | 74/300 [00:00<00:01, 201.29it/s]
Epoch 6/150:  32%|███▏      | 95/300 [00:00<00:01, 198.79it/s]
Epoch 6/150:  40%|███▉      | 119/300 [00:00<00:00, 210.85it/s]
Epoch 6/150:  47%|████▋     | 141/300 [00:00<00:00, 210.95it/s]
Epoch 6/150:  55%|█████▍    | 164/300 [00:00<00:00, 215.04it/s]
Epoch 6/150:  63%|██████▎   | 189/300 [00:00<00:00, 225.14it/s]
Epoch 6/150:  71%|███████   | 212/300 [00:01<00:00, 216.75it/s]
Epoch 6/150:  80%|███████▉  | 239/300 [00:01<00:00, 229.54it/s]
Epoch 6/150:  88%|████████▊ | 263/300 [00:01<00:00, 215.08it/s]
Epoch 6/150:  97%|█████████▋| 291/300 [00:01<00:00, 231.74it/s]
Epoch 6/150: 100%|██████████| 300/300 [00:01<00:00, 199.87it/s]

Epoch 7/150:   0%|          | 0/300 [00:00<?, ?it/s]
Epoch 7/150:   0%|          | 1/300 [00:00<00:37,  8.00it/s]
Epoch 7/150:   8%|▊         | 23/300 [00:00<00:02, 115.71it/s]
Epoch 7/150:  17%|█▋        | 52/300 [00:00<00:01, 187.85it/s]
Epoch 7/150:  24%|██▍       | 72/300 [00:00<00:01, 189.33it/s]
Epoch 7/150:  33%|███▎      | 98/300 [00:00<00:00, 211.52it/s]
Epoch 7/150:  40%|████      | 120/300 [00:00<00:00, 210.80it/s]
Epoch 7/150:  48%|████▊     | 143/300 [00:00<00:00, 216.79it/s]
Epoch 7/150:  56%|█████▌    | 168/300 [00:00<00:00, 226.83it/s]
Epoch 7/150:  64%|██████▎   | 191/300 [00:00<00:00, 217.66it/s]
Epoch 7/150:  73%|███████▎  | 218/300 [00:01<00:00, 232.12it/s]
Epoch 7/150:  81%|████████  | 242/300 [00:01<00:00, 215.99it/s]
Epoch 7/150:  90%|█████████ | 270/300 [00:01<00:00, 231.54it/s]
Epoch 7/150:  98%|█████████▊| 294/300 [00:01<00:00, 216.38it/s]
Epoch 7/150: 100%|██████████| 300/300 [00:01<00:00, 199.83it/s]

Epoch 8/150:   0%|          | 0/300 [00:00<?, ?it/s]
Epoch 8/150:   0%|          | 1/300 [00:00<00:35,  8.31it/s]
Epoch 8/150:  10%|█         | 30/300 [00:00<00:01, 158.51it/s]
Epoch 8/150:  19%|█▊        | 56/300 [00:00<00:01, 198.29it/s]
Epoch 8/150:  26%|██▌       | 77/300 [00:00<00:01, 200.20it/s]
Epoch 8/150:  35%|███▌      | 105/300 [00:00<00:00, 226.53it/s]
Epoch 8/150:  43%|████▎     | 128/300 [00:00<00:00, 215.19it/s]
Epoch 8/150:  51%|█████▏    | 154/300 [00:00<00:00, 226.38it/s]
Epoch 8/150:  59%|█████▉    | 177/300 [00:00<00:00, 213.95it/s]
Epoch 8/150:  68%|██████▊   | 203/300 [00:00<00:00, 225.63it/s]
Epoch 8/150:  75%|███████▌  | 226/300 [00:01<00:00, 215.47it/s]
Epoch 8/150:  84%|████████▎ | 251/300 [00:01<00:00, 224.75it/s]
Epoch 8/150:  91%|█████████▏| 274/300 [00:01<00:00, 218.46it/s]
Epoch 8/150:  99%|█████████▉| 298/300 [00:01<00:00, 222.97it/s]
Epoch 8/150: 100%|██████████| 300/300 [00:01<00:00, 203.46it/s]

Epoch 9/150:   0%|          | 0/300 [00:00<?, ?it/s]
Epoch 9/150:   0%|          | 1/300 [00:00<00:35,  8.35it/s]
Epoch 9/150:   9%|▉         | 28/300 [00:00<00:01, 147.50it/s]
Epoch 9/150:  16%|█▌        | 47/300 [00:00<00:01, 164.41it/s]
Epoch 9/150:  24%|██▍       | 72/300 [00:00<00:01, 195.02it/s]
Epoch 9/150:  31%|███       | 93/300 [00:00<00:01, 197.73it/s]
Epoch 9/150:  39%|███▊      | 116/300 [00:00<00:00, 206.45it/s]
Epoch 9/150:  47%|████▋     | 140/300 [00:00<00:00, 216.57it/s]
Epoch 9/150:  54%|█████▍    | 162/300 [00:00<00:00, 206.06it/s]
Epoch 9/150:  63%|██████▎   | 189/300 [00:00<00:00, 223.41it/s]
Epoch 9/150:  71%|███████   | 212/300 [00:01<00:00, 211.37it/s]
Epoch 9/150:  80%|████████  | 240/300 [00:01<00:00, 229.61it/s]
Epoch 9/150:  88%|████████▊ | 264/300 [00:01<00:00, 217.42it/s]
Epoch 9/150:  96%|█████████▋| 289/300 [00:01<00:00, 225.31it/s]
Epoch 9/150: 100%|██████████| 300/300 [00:01<00:00, 181.15it/s]

Epoch 10/150:   0%|          | 0/300 [00:00<?, ?it/s]
Epoch 10/150:   0%|          | 1/300 [00:00<00:38,  7.78it/s]
Epoch 10/150:  10%|▉         | 29/300 [00:00<00:01, 150.31it/s]
Epoch 10/150:  17%|█▋        | 50/300 [00:00<00:01, 175.06it/s]
Epoch 10/150:  25%|██▌       | 76/300 [00:00<00:01, 205.28it/s]
Epoch 10/150:  33%|███▎      | 98/300 [00:00<00:00, 206.89it/s]
Epoch 10/150:  41%|████      | 122/300 [00:00<00:00, 215.46it/s]
Epoch 10/150:  49%|████▊     | 146/300 [00:00<00:00, 217.32it/s]
Epoch 10/150:  56%|█████▌    | 168/300 [00:00<00:00, 217.24it/s]
Epoch 10/150:  65%|██████▌   | 195/300 [00:00<00:00, 231.38it/s]
Epoch 10/150:  73%|███████▎  | 219/300 [00:01<00:00, 218.54it/s]
Epoch 10/150:  82%|████████▏ | 247/300 [00:01<00:00, 234.52it/s]
Epoch 10/150:  90%|█████████ | 271/300 [00:01<00:00, 219.50it/s]
Epoch 10/150: 100%|█████████▉| 299/300 [00:01<00:00, 234.11it/s]
Epoch 10/150: 100%|██████████| 300/300 [00:01<00:00, 203.79it/s]

Epoch 11/150:   0%|          | 0/300 [00:00<?, ?it/s]
Epoch 11/150:   0%|          | 1/300 [00:00<00:34,  8.56it/s]
Epoch 11/150:   8%|▊         | 23/300 [00:00<00:02, 123.51it/s]
Epoch 11/150:  16%|█▌        | 48/300 [00:00<00:01, 176.17it/s]
Epoch 11/150:  25%|██▌       | 75/300 [00:00<00:01, 207.02it/s]
Epoch 11/150:  32%|███▏      | 97/300 [00:00<00:01, 201.42it/s]
Epoch 11/150:  42%|████▏     | 125/300 [00:00<00:00, 225.20it/s]
Epoch 11/150:  49%|████▉     | 148/300 [00:00<00:00, 213.03it/s]
Epoch 11/150:  59%|█████▉    | 177/300 [00:00<00:00, 235.11it/s]
Epoch 11/150:  67%|██████▋   | 201/300 [00:00<00:00, 220.56it/s]
Epoch 11/150:  76%|███████▌  | 228/300 [00:01<00:00, 233.62it/s]
Epoch 11/150:  84%|████████▍ | 252/300 [00:01<00:00, 222.70it/s]
Epoch 11/150:  92%|█████████▏| 277/300 [00:01<00:00, 229.76it/s]
Epoch 11/150: 100%|██████████| 300/300 [00:01<00:00, 203.72it/s]

Epoch 12/150:   0%|          | 0/300 [00:00<?, ?it/s]
Epoch 12/150:   0%|          | 1/300 [00:00<00:36,  8.14it/s]
Epoch 12/150:   8%|▊         | 23/300 [00:00<00:02, 118.15it/s]
Epoch 12/150:  17%|█▋        | 51/300 [00:00<00:01, 187.09it/s]
Epoch 12/150:  24%|██▎       | 71/300 [00:00<00:01, 189.30it/s]
Epoch 12/150:  32%|███▏      | 96/300 [00:00<00:00, 208.76it/s]
Epoch 12/150:  39%|███▉      | 118/300 [00:00<00:00, 206.07it/s]
Epoch 12/150:  47%|████▋     | 141/300 [00:00<00:00, 213.54it/s]
Epoch 12/150:  55%|█████▍    | 164/300 [00:00<00:00, 212.90it/s]
Epoch 12/150:  62%|██████▏   | 186/300 [00:00<00:00, 214.42it/s]
Epoch 12/150:  71%|███████   | 212/300 [00:01<00:00, 227.87it/s]
Epoch 12/150:  78%|███████▊  | 235/300 [00:01<00:00, 211.86it/s]
Epoch 12/150:  87%|████████▋ | 261/300 [00:01<00:00, 225.48it/s]
Epoch 12/150:  95%|█████████▍| 284/300 [00:01<00:00, 211.65it/s]
Epoch 12/150: 100%|██████████| 300/300 [00:01<00:00, 197.43it/s]

Epoch 13/150:   0%|          | 0/300 [00:00<?, ?it/s]
Epoch 13/150:   0%|          | 1/300 [00:00<00:35,  8.46it/s]
Epoch 13/150:   8%|▊         | 24/300 [00:00<00:02, 128.25it/s]
Epoch 13/150:  15%|█▍        | 44/300 [00:00<00:01, 157.32it/s]
Epoch 13/150:  23%|██▎       | 70/300 [00:00<00:01, 194.60it/s]
Epoch 13/150:  30%|███       | 90/300 [00:00<00:01, 196.17it/s]
Epoch 13/150:  38%|███▊      | 113/300 [00:00<00:00, 206.11it/s]
Epoch 13/150:  45%|████▌     | 136/300 [00:00<00:00, 212.64it/s]
Epoch 13/150:  53%|█████▎    | 158/300 [00:00<00:00, 210.79it/s]
Epoch 13/150:  62%|██████▏   | 185/300 [00:00<00:00, 227.64it/s]
Epoch 13/150:  69%|██████▉   | 208/300 [00:01<00:00, 212.92it/s]
Epoch 13/150:  79%|███████▊  | 236/300 [00:01<00:00, 231.83it/s]
Epoch 13/150:  87%|████████▋ | 260/300 [00:01<00:00, 215.72it/s]
Epoch 13/150:  96%|█████████▌| 288/300 [00:01<00:00, 232.24it/s]
Epoch 13/150: 100%|██████████| 300/300 [00:01<00:00, 197.81it/s]

Epoch 14/150:   0%|          | 0/300 [00:00<?, ?it/s]
Epoch 14/150:   0%|          | 1/300 [00:00<00:37,  7.95it/s]
Epoch 14/150:   7%|▋         | 21/300 [00:00<00:02, 109.29it/s]
Epoch 14/150:  17%|█▋        | 50/300 [00:00<00:01, 184.22it/s]
Epoch 14/150:  23%|██▎       | 70/300 [00:00<00:01, 185.17it/s]
Epoch 14/150:  32%|███▏      | 96/300 [00:00<00:00, 208.89it/s]
Epoch 14/150:  39%|███▉      | 118/300 [00:00<00:00, 205.94it/s]
Epoch 14/150:  47%|████▋     | 142/300 [00:00<00:00, 216.15it/s]
Epoch 14/150:  55%|█████▍    | 164/300 [00:00<00:00, 215.66it/s]
Epoch 14/150:  62%|██████▏   | 186/300 [00:00<00:00, 212.61it/s]
Epoch 14/150:  71%|███████   | 213/300 [00:01<00:00, 226.99it/s]
Epoch 14/150:  79%|███████▊  | 236/300 [00:01<00:00, 210.91it/s]
Epoch 14/150:  88%|████████▊ | 263/300 [00:01<00:00, 226.14it/s]
Epoch 14/150:  95%|█████████▌| 286/300 [00:01<00:00, 214.68it/s]
Epoch 14/150: 100%|██████████| 300/300 [00:01<00:00, 197.73it/s]

Epoch 15/150:   0%|          | 0/300 [00:00<?, ?it/s]
Epoch 15/150:   0%|          | 1/300 [00:00<00:34,  8.57it/s]
Epoch 15/150:   9%|▉         | 27/300 [00:00<00:01, 146.75it/s]
Epoch 15/150:  15%|█▌        | 46/300 [00:00<00:01, 162.42it/s]
Epoch 15/150:  23%|██▎       | 70/300 [00:00<00:01, 191.39it/s]
Epoch 15/150:  30%|███       | 91/300 [00:00<00:01, 196.46it/s]
Epoch 15/150:  38%|███▊      | 114/300 [00:00<00:00, 206.84it/s]
Epoch 15/150:  46%|████▋     | 139/300 [00:00<00:00, 217.94it/s]
Epoch 15/150:  54%|█████▎    | 161/300 [00:00<00:00, 208.85it/s]
Epoch 15/150:  63%|██████▎   | 188/300 [00:00<00:00, 225.19it/s]
Epoch 15/150:  70%|███████   | 211/300 [00:01<00:00, 211.09it/s]
Epoch 15/150:  79%|███████▉  | 238/300 [00:01<00:00, 225.47it/s]
Epoch 15/150:  87%|████████▋ | 261/300 [00:01<00:00, 215.39it/s]
Epoch 15/150:  95%|█████████▌| 286/300 [00:01<00:00, 224.22it/s]
Epoch 15/150: 100%|██████████| 300/300 [00:01<00:00, 197.34it/s]

Epoch 16/150:   0%|          | 0/300 [00:00<?, ?it/s]
Epoch 16/150:   0%|          | 1/300 [00:00<00:34,  8.64it/s]
Epoch 16/150:   7%|▋         | 21/300 [00:00<00:02, 113.57it/s]
Epoch 16/150:  17%|█▋        | 50/300 [00:00<00:01, 187.50it/s]
Epoch 16/150:  23%|██▎       | 70/300 [00:00<00:01, 189.01it/s]
Epoch 16/150:  32%|███▏      | 95/300 [00:00<00:00, 210.15it/s]
Epoch 16/150:  39%|███▉      | 117/300 [00:00<00:00, 208.40it/s]
Epoch 16/150:  46%|████▋     | 139/300 [00:00<00:00, 212.00it/s]
Epoch 16/150:  55%|█████▍    | 164/300 [00:00<00:00, 221.03it/s]
Epoch 16/150:  62%|██████▏   | 187/300 [00:00<00:00, 212.94it/s]
Epoch 16/150:  71%|███████▏  | 214/300 [00:01<00:00, 227.40it/s]
Epoch 16/150:  79%|███████▉  | 237/300 [00:01<00:00, 210.40it/s]
Epoch 16/150:  88%|████████▊ | 263/300 [00:01<00:00, 223.87it/s]
Epoch 16/150:  95%|█████████▌| 286/300 [00:01<00:00, 212.94it/s]
Epoch 16/150: 100%|██████████| 300/300 [00:01<00:00, 197.16it/s]

Epoch 17/150:   0%|          | 0/300 [00:00<?, ?it/s]
Epoch 17/150:   0%|          | 1/300 [00:00<00:36,  8.10it/s]
Epoch 17/150:  10%|█         | 30/300 [00:00<00:01, 157.92it/s]
Epoch 17/150:  16%|█▋        | 49/300 [00:00<00:01, 171.16it/s]
Epoch 17/150:  25%|██▍       | 74/300 [00:00<00:01, 199.68it/s]
Epoch 17/150:  32%|███▏      | 96/300 [00:00<00:00, 204.05it/s]
Epoch 17/150:  39%|███▉      | 117/300 [00:00<00:00, 205.88it/s]
Epoch 17/150:  47%|████▋     | 142/300 [00:00<00:00, 217.91it/s]
Epoch 17/150:  55%|█████▍    | 164/300 [00:00<00:00, 209.30it/s]
Epoch 17/150:  64%|██████▎   | 191/300 [00:00<00:00, 226.31it/s]
Epoch 17/150:  71%|███████▏  | 214/300 [00:01<00:00, 216.16it/s]
Epoch 17/150:  80%|████████  | 240/300 [00:01<00:00, 228.27it/s]
Epoch 17/150:  88%|████████▊ | 264/300 [00:01<00:00, 217.86it/s]
Epoch 17/150:  96%|█████████▋| 289/300 [00:01<00:00, 226.35it/s]
Epoch 17/150: 100%|██████████| 300/300 [00:01<00:00, 201.07it/s]

Epoch 18/150:   0%|          | 0/300 [00:00<?, ?it/s]
Epoch 18/150:   0%|          | 1/300 [00:00<00:37,  7.87it/s]
Epoch 18/150:   7%|▋         | 22/300 [00:00<00:02, 113.33it/s]
Epoch 18/150:  16%|█▌        | 47/300 [00:00<00:01, 171.08it/s]
Epoch 18/150:  24%|██▍       | 72/300 [00:00<00:01, 191.54it/s]
Epoch 18/150:  31%|███▏      | 94/300 [00:00<00:01, 200.11it/s]
Epoch 18/150:  40%|████      | 121/300 [00:00<00:00, 221.58it/s]
Epoch 18/150:  48%|████▊     | 144/300 [00:00<00:00, 208.62it/s]
Epoch 18/150:  57%|█████▋    | 172/300 [00:00<00:00, 229.27it/s]
Epoch 18/150:  65%|██████▌   | 196/300 [00:01<00:00, 213.64it/s]
Epoch 18/150:  74%|███████▍  | 222/300 [00:01<00:00, 226.55it/s]
Epoch 18/150:  82%|████████▏ | 246/300 [00:01<00:00, 215.82it/s]
Epoch 18/150:  90%|█████████ | 271/300 [00:01<00:00, 223.12it/s]
Epoch 18/150:  98%|█████████▊| 294/300 [00:01<00:00, 214.83it/s]
Epoch 18/150: 100%|██████████| 300/300 [00:01<00:00, 197.90it/s]

Epoch 19/150:   0%|          | 0/300 [00:00<?, ?it/s]
Epoch 19/150:   0%|          | 1/300 [00:00<00:43,  6.88it/s]
Epoch 19/150:   8%|▊         | 25/300 [00:00<00:02, 121.87it/s]
Epoch 19/150:  17%|█▋        | 50/300 [00:00<00:01, 169.53it/s]
Epoch 19/150:  23%|██▎       | 70/300 [00:00<00:01, 178.58it/s]
Epoch 19/150:  32%|███▏      | 97/300 [00:00<00:00, 207.28it/s]
Epoch 19/150:  40%|███▉      | 119/300 [00:00<00:00, 203.70it/s]
Epoch 19/150:  48%|████▊     | 145/300 [00:00<00:00, 219.99it/s]
Epoch 19/150:  56%|█████▌    | 168/300 [00:00<00:00, 212.17it/s]
Epoch 19/150:  64%|██████▍   | 193/300 [00:00<00:00, 221.89it/s]
Epoch 19/150:  72%|███████▏  | 216/300 [00:01<00:00, 214.80it/s]
Epoch 19/150:  80%|████████  | 241/300 [00:01<00:00, 224.76it/s]
Epoch 19/150:  88%|████████▊ | 264/300 [00:01<00:00, 220.71it/s]
Epoch 19/150:  96%|█████████▌| 287/300 [00:01<00:00, 219.46it/s]
Epoch 19/150: 100%|██████████| 300/300 [00:01<00:00, 197.10it/s]

Epoch 20/150:   0%|          | 0/300 [00:00<?, ?it/s]
Epoch 20/150:   0%|          | 1/300 [00:00<00:35,  8.44it/s]
Epoch 20/150:   9%|▉         | 27/300 [00:00<00:01, 145.98it/s]
Epoch 20/150:  15%|█▌        | 46/300 [00:00<00:01, 161.30it/s]
Epoch 20/150:  24%|██▍       | 72/300 [00:00<00:01, 198.04it/s]
Epoch 20/150:  31%|███       | 93/300 [00:00<00:01, 195.84it/s]
Epoch 20/150:  39%|███▉      | 118/300 [00:00<00:00, 211.14it/s]
Epoch 20/150:  47%|████▋     | 140/300 [00:00<00:00, 204.94it/s]
Epoch 20/150:  55%|█████▌    | 165/300 [00:00<00:00, 217.37it/s]
Epoch 20/150:  62%|██████▏   | 187/300 [00:00<00:00, 215.49it/s]
Epoch 20/150:  70%|███████   | 210/300 [00:01<00:00, 218.37it/s]
Epoch 20/150:  79%|███████▉  | 237/300 [00:01<00:00, 229.12it/s]
Epoch 20/150:  87%|████████▋ | 260/300 [00:01<00:00, 217.13it/s]
Epoch 20/150:  96%|█████████▌| 288/300 [00:01<00:00, 232.17it/s]
Epoch 20/150: 100%|██████████| 300/300 [00:01<00:00, 200.08it/s]

Epoch 21/150:   0%|          | 0/300 [00:00<?, ?it/s]
Epoch 21/150:   0%|          | 1/300 [00:00<00:35,  8.43it/s]
Epoch 21/150:   7%|▋         | 22/300 [00:00<00:02, 114.93it/s]
Epoch 21/150:  16%|█▌        | 48/300 [00:00<00:01, 176.64it/s]
Epoch 21/150:  22%|██▏       | 67/300 [00:00<00:01, 179.50it/s]
Epoch 21/150:  31%|███       | 92/300 [00:00<00:01, 203.01it/s]
Epoch 21/150:  38%|███▊      | 113/300 [00:00<00:00, 200.93it/s]
Epoch 21/150:  46%|████▌     | 137/300 [00:00<00:00, 211.55it/s]
Epoch 21/150:  54%|█████▍    | 162/300 [00:00<00:00, 214.45it/s]
Epoch 21/150:  61%|██████▏   | 184/300 [00:00<00:00, 214.58it/s]
Epoch 21/150:  71%|███████   | 212/300 [00:01<00:00, 231.53it/s]
Epoch 21/150:  79%|███████▊  | 236/300 [00:01<00:00, 217.33it/s]
Epoch 21/150:  88%|████████▊ | 263/300 [00:01<00:00, 231.49it/s]
Epoch 21/150:  96%|█████████▌| 287/300 [00:01<00:00, 223.57it/s]
Epoch 21/150: 100%|██████████| 300/300 [00:01<00:00, 199.21it/s]

Epoch 22/150:   0%|          | 0/300 [00:00<?, ?it/s]
Epoch 22/150:   0%|          | 1/300 [00:00<00:36,  8.27it/s]
Epoch 22/150:   9%|▉         | 28/300 [00:00<00:01, 147.15it/s]
Epoch 22/150:  16%|█▌        | 47/300 [00:00<00:01, 165.20it/s]
Epoch 22/150:  24%|██▎       | 71/300 [00:00<00:01, 192.18it/s]
Epoch 22/150:  31%|███       | 93/300 [00:00<00:01, 199.20it/s]
Epoch 22/150:  38%|███▊      | 115/300 [00:00<00:00, 204.28it/s]
Epoch 22/150:  47%|████▋     | 142/300 [00:00<00:00, 219.24it/s]
Epoch 22/150:  55%|█████▌    | 165/300 [00:00<00:00, 211.25it/s]
Epoch 22/150:  64%|██████▍   | 192/300 [00:00<00:00, 227.63it/s]
Epoch 22/150:  72%|███████▏  | 215/300 [00:01<00:00, 212.83it/s]
Epoch 22/150:  81%|████████  | 242/300 [00:01<00:00, 228.77it/s]
Epoch 22/150:  89%|████████▊ | 266/300 [00:01<00:00, 212.11it/s]
Epoch 22/150:  98%|█████████▊| 294/300 [00:01<00:00, 228.08it/s]
Epoch 22/150: 100%|██████████| 300/300 [00:01<00:00, 199.09it/s]

Epoch 23/150:   0%|          | 0/300 [00:00<?, ?it/s]
Epoch 23/150:   0%|          | 1/300 [00:00<00:35,  8.31it/s]
Epoch 23/150:   7%|▋         | 22/300 [00:00<00:02, 115.27it/s]
Epoch 23/150:  16%|█▋        | 49/300 [00:00<00:01, 179.65it/s]
Epoch 23/150:  23%|██▎       | 70/300 [00:00<00:01, 189.64it/s]
Epoch 23/150:  31%|███       | 93/300 [00:00<00:01, 203.46it/s]
Epoch 23/150:  40%|████      | 120/300 [00:00<00:00, 225.41it/s]
Epoch 23/150:  48%|████▊     | 143/300 [00:00<00:00, 211.61it/s]
Epoch 23/150:  57%|█████▋    | 170/300 [00:00<00:00, 228.66it/s]
Epoch 23/150:  65%|██████▍   | 194/300 [00:00<00:00, 214.68it/s]
Epoch 23/150:  74%|███████▍  | 222/300 [00:01<00:00, 232.28it/s]
Epoch 23/150:  82%|████████▏ | 246/300 [00:01<00:00, 221.14it/s]
Epoch 23/150:  91%|█████████ | 272/300 [00:01<00:00, 231.35it/s]
Epoch 23/150:  99%|█████████▊| 296/300 [00:01<00:00, 219.26it/s]
Epoch 23/150: 100%|██████████| 300/300 [00:01<00:00, 200.14it/s]

Epoch 24/150:   0%|          | 0/300 [00:00<?, ?it/s]
Epoch 24/150:   0%|          | 1/300 [00:00<00:36,  8.27it/s]
Epoch 24/150:   9%|▉         | 27/300 [00:00<00:01, 141.66it/s]
Epoch 24/150:  16%|█▋        | 49/300 [00:00<00:01, 173.26it/s]
Epoch 24/150:  23%|██▎       | 70/300 [00:00<00:01, 185.29it/s]
Epoch 24/150:  32%|███▏      | 97/300 [00:00<00:00, 211.47it/s]
Epoch 24/150:  40%|███▉      | 119/300 [00:00<00:00, 200.04it/s]
Epoch 24/150:  49%|████▉     | 147/300 [00:00<00:00, 223.95it/s]
Epoch 24/150:  57%|█████▋    | 170/300 [00:00<00:00, 210.06it/s]
Epoch 24/150:  66%|██████▌   | 198/300 [00:00<00:00, 228.53it/s]
Epoch 24/150:  74%|███████▍  | 222/300 [00:01<00:00, 218.00it/s]
Epoch 24/150:  83%|████████▎ | 248/300 [00:01<00:00, 228.69it/s]
Epoch 24/150:  91%|█████████ | 272/300 [00:01<00:00, 217.18it/s]
Epoch 24/150: 100%|█████████▉| 299/300 [00:01<00:00, 230.46it/s]
Epoch 24/150: 100%|██████████| 300/300 [00:01<00:00, 201.06it/s]

Epoch 25/150:   0%|          | 0/300 [00:00<?, ?it/s]
Epoch 25/150:   0%|          | 1/300 [00:00<00:34,  8.74it/s]
Epoch 25/150:  10%|▉         | 29/300 [00:00<00:01, 156.97it/s]
Epoch 25/150:  16%|█▌        | 48/300 [00:00<00:01, 169.19it/s]
Epoch 25/150:  24%|██▍       | 73/300 [00:00<00:01, 200.01it/s]
Epoch 25/150:  31%|███▏      | 94/300 [00:00<00:01, 199.15it/s]
Epoch 25/150:  39%|███▉      | 118/300 [00:00<00:01, 146.21it/s]
Epoch 25/150:  48%|████▊     | 144/300 [00:00<00:00, 172.91it/s]
Epoch 25/150:  56%|█████▌    | 167/300 [00:00<00:00, 185.24it/s]
Epoch 25/150:  63%|██████▎   | 188/300 [00:01<00:00, 189.82it/s]
Epoch 25/150:  72%|███████▏  | 215/300 [00:01<00:00, 211.38it/s]
Epoch 25/150:  79%|███████▉  | 238/300 [00:01<00:00, 201.75it/s]
Epoch 25/150:  89%|████████▊ | 266/300 [00:01<00:00, 222.14it/s]
Epoch 25/150:  97%|█████████▋| 290/300 [00:01<00:00, 212.33it/s]
Epoch 25/150: 100%|██████████| 300/300 [00:01<00:00, 184.55it/s]

Epoch 26/150:   0%|          | 0/300 [00:00<?, ?it/s]
Epoch 26/150:   0%|          | 1/300 [00:00<00:37,  7.87it/s]
Epoch 26/150:   9%|▉         | 27/300 [00:00<00:01, 141.08it/s]
Epoch 26/150:  16%|█▌        | 47/300 [00:00<00:01, 164.40it/s]
Epoch 26/150:  23%|██▎       | 70/300 [00:00<00:01, 188.54it/s]
Epoch 26/150:  31%|███▏      | 94/300 [00:00<00:01, 202.97it/s]
Epoch 26/150:  38%|███▊      | 115/300 [00:00<00:00, 202.03it/s]
Epoch 26/150:  47%|████▋     | 142/300 [00:00<00:00, 220.84it/s]
Epoch 26/150:  55%|█████▌    | 165/300 [00:00<00:00, 206.55it/s]
Epoch 26/150:  64%|██████▍   | 192/300 [00:00<00:00, 223.86it/s]
Epoch 26/150:  72%|███████▏  | 215/300 [00:01<00:00, 213.72it/s]
Epoch 26/150:  80%|████████  | 241/300 [00:01<00:00, 226.27it/s]
Epoch 26/150:  88%|████████▊ | 264/300 [00:01<00:00, 215.98it/s]
Epoch 26/150:  97%|█████████▋| 290/300 [00:01<00:00, 228.02it/s]
Epoch 26/150: 100%|██████████| 300/300 [00:01<00:00, 199.40it/s]

Epoch 27/150:   0%|          | 0/300 [00:00<?, ?it/s]
Epoch 27/150:   0%|          | 1/300 [00:00<00:35,  8.35it/s]
Epoch 27/150:   8%|▊         | 24/300 [00:00<00:02, 125.26it/s]
Epoch 27/150:  16%|█▌        | 48/300 [00:00<00:01, 174.04it/s]
Epoch 27/150:  26%|██▌       | 77/300 [00:00<00:01, 215.73it/s]
Epoch 27/150:  33%|███▎      | 100/300 [00:00<00:00, 204.13it/s]
Epoch 27/150:  43%|████▎     | 128/300 [00:00<00:00, 224.94it/s]
Epoch 27/150:  50%|█████     | 151/300 [00:00<00:00, 216.33it/s]
Epoch 27/150:  59%|█████▉    | 177/300 [00:00<00:00, 227.18it/s]
Epoch 27/150:  67%|██████▋   | 200/300 [00:00<00:00, 218.67it/s]
Epoch 27/150:  75%|███████▌  | 225/300 [00:01<00:00, 226.65it/s]
Epoch 27/150:  83%|████████▎ | 248/300 [00:01<00:00, 222.50it/s]
Epoch 27/150:  90%|█████████ | 271/300 [00:01<00:00, 221.20it/s]
Epoch 27/150:  98%|█████████▊| 295/300 [00:01<00:00, 220.27it/s]
Epoch 27/150: 100%|██████████| 300/300 [00:01<00:00, 200.41it/s]

Epoch 28/150:   0%|          | 0/300 [00:00<?, ?it/s]
Epoch 28/150:   0%|          | 1/300 [00:00<00:36,  8.26it/s]
Epoch 28/150:   9%|▊         | 26/300 [00:00<00:01, 137.43it/s]
Epoch 28/150:  17%|█▋        | 52/300 [00:00<00:01, 187.13it/s]
Epoch 28/150:  24%|██▍       | 72/300 [00:00<00:01, 191.40it/s]
Epoch 28/150:  33%|███▎      | 98/300 [00:00<00:00, 215.33it/s]
Epoch 28/150:  40%|████      | 120/300 [00:00<00:00, 207.51it/s]
Epoch 28/150:  48%|████▊     | 145/300 [00:00<00:00, 219.86it/s]
Epoch 28/150:  56%|█████▌    | 168/300 [00:00<00:00, 215.71it/s]
Epoch 28/150:  64%|██████▍   | 192/300 [00:00<00:00, 220.66it/s]
Epoch 28/150:  72%|███████▏  | 217/300 [00:01<00:00, 221.98it/s]
Epoch 28/150:  80%|████████  | 240/300 [00:01<00:00, 221.30it/s]
Epoch 28/150:  89%|████████▉ | 268/300 [00:01<00:00, 236.13it/s]
Epoch 28/150:  97%|█████████▋| 292/300 [00:01<00:00, 219.58it/s]
Epoch 28/150: 100%|██████████| 300/300 [00:01<00:00, 202.33it/s]

Epoch 29/150:   0%|          | 0/300 [00:00<?, ?it/s]
Epoch 29/150:   0%|          | 1/300 [00:00<00:35,  8.50it/s]
Epoch 29/150:   9%|▉         | 27/300 [00:00<00:01, 144.67it/s]
Epoch 29/150:  16%|█▌        | 47/300 [00:00<00:01, 165.66it/s]
Epoch 29/150:  24%|██▍       | 72/300 [00:00<00:01, 195.62it/s]
Epoch 29/150:  32%|███▏      | 95/300 [00:00<00:01, 203.52it/s]
Epoch 29/150:  39%|███▉      | 117/300 [00:00<00:00, 206.66it/s]
Epoch 29/150:  48%|████▊     | 144/300 [00:00<00:00, 225.65it/s]
Epoch 29/150:  56%|█████▌    | 167/300 [00:00<00:00, 210.78it/s]
Epoch 29/150:  65%|██████▍   | 194/300 [00:00<00:00, 226.99it/s]
Epoch 29/150:  72%|███████▏  | 217/300 [00:01<00:00, 211.82it/s]
Epoch 29/150:  82%|████████▏ | 245/300 [00:01<00:00, 229.84it/s]
Epoch 29/150:  90%|████████▉ | 269/300 [00:01<00:00, 218.15it/s]
Epoch 29/150:  99%|█████████▊| 296/300 [00:01<00:00, 230.62it/s]
Epoch 29/150: 100%|██████████| 300/300 [00:01<00:00, 201.38it/s]

Epoch 30/150:   0%|          | 0/300 [00:00<?, ?it/s]
Epoch 30/150:   0%|          | 1/300 [00:00<00:35,  8.42it/s]
Epoch 30/150:   8%|▊         | 25/300 [00:00<00:02, 134.36it/s]
Epoch 30/150:  16%|█▌        | 47/300 [00:00<00:01, 170.27it/s]
Epoch 30/150:  25%|██▌       | 75/300 [00:00<00:01, 208.89it/s]
Epoch 30/150:  32%|███▏      | 97/300 [00:00<00:00, 203.48it/s]
Epoch 30/150:  41%|████      | 123/300 [00:00<00:00, 219.82it/s]
Epoch 30/150:  49%|████▊     | 146/300 [00:00<00:00, 213.86it/s]
Epoch 30/150:  57%|█████▋    | 170/300 [00:00<00:00, 221.20it/s]
Epoch 30/150:  64%|██████▍   | 193/300 [00:00<00:00, 221.44it/s]
Epoch 30/150:  72%|███████▏  | 216/300 [00:01<00:00, 220.25it/s]
Epoch 30/150:  81%|████████  | 243/300 [00:01<00:00, 234.91it/s]
Epoch 30/150:  89%|████████▉ | 267/300 [00:01<00:00, 218.11it/s]
Epoch 30/150:  98%|█████████▊| 294/300 [00:01<00:00, 230.83it/s]
Epoch 30/150: 100%|██████████| 300/300 [00:01<00:00, 202.35it/s]

Epoch 31/150:   0%|          | 0/300 [00:00<?, ?it/s]
Epoch 31/150:   0%|          | 1/300 [00:00<00:35,  8.48it/s]
Epoch 31/150:   7%|▋         | 21/300 [00:00<00:02, 112.33it/s]
Epoch 31/150:  16%|█▋        | 49/300 [00:00<00:01, 183.18it/s]
Epoch 31/150:  23%|██▎       | 70/300 [00:00<00:01, 191.43it/s]
Epoch 31/150:  31%|███▏      | 94/300 [00:00<00:00, 207.15it/s]
Epoch 31/150:  40%|████      | 121/300 [00:00<00:00, 223.63it/s]
Epoch 31/150:  48%|████▊     | 144/300 [00:00<00:00, 212.58it/s]
Epoch 31/150:  58%|█████▊    | 173/300 [00:00<00:00, 232.85it/s]
Epoch 31/150:  66%|██████▌   | 197/300 [00:00<00:00, 215.36it/s]
Epoch 31/150:  75%|███████▌  | 226/300 [00:01<00:00, 234.12it/s]
Epoch 31/150:  83%|████████▎ | 250/300 [00:01<00:00, 222.33it/s]
Epoch 31/150:  92%|█████████▏| 277/300 [00:01<00:00, 234.72it/s]
Epoch 31/150: 100%|██████████| 300/300 [00:01<00:00, 203.15it/s]

Epoch 32/150:   0%|          | 0/300 [00:00<?, ?it/s]
Epoch 32/150:   0%|          | 1/300 [00:00<00:37,  7.92it/s]
Epoch 32/150:   8%|▊         | 24/300 [00:00<00:02, 125.19it/s]
Epoch 32/150:  17%|█▋        | 51/300 [00:00<00:01, 186.32it/s]
Epoch 32/150:  24%|██▎       | 71/300 [00:00<00:01, 187.95it/s]
Epoch 32/150:  33%|███▎      | 98/300 [00:00<00:00, 213.46it/s]
Epoch 32/150:  40%|████      | 120/300 [00:00<00:00, 208.64it/s]
Epoch 32/150:  48%|████▊     | 143/300 [00:00<00:00, 214.64it/s]
Epoch 32/150:  55%|█████▌    | 165/300 [00:00<00:00, 215.58it/s]
Epoch 32/150:  62%|██████▏   | 187/300 [00:00<00:00, 212.41it/s]
Epoch 32/150:  71%|███████▏  | 214/300 [00:01<00:00, 227.10it/s]
Epoch 32/150:  79%|███████▉  | 237/300 [00:01<00:00, 213.62it/s]
Epoch 32/150:  88%|████████▊ | 265/300 [00:01<00:00, 230.32it/s]
Epoch 32/150:  96%|█████████▋| 289/300 [00:01<00:00, 217.44it/s]
Epoch 32/150: 100%|██████████| 300/300 [00:01<00:00, 198.50it/s]

Epoch 33/150:   0%|          | 0/300 [00:00<?, ?it/s]
Epoch 33/150:   0%|          | 1/300 [00:00<00:37,  7.91it/s]
Epoch 33/150:   9%|▉         | 28/300 [00:00<00:01, 146.16it/s]
Epoch 33/150:  16%|█▌        | 47/300 [00:00<00:01, 164.01it/s]
Epoch 33/150:  24%|██▎       | 71/300 [00:00<00:01, 192.03it/s]
Epoch 33/150:  31%|███       | 93/300 [00:00<00:01, 198.90it/s]
Epoch 33/150:  39%|███▊      | 116/300 [00:00<00:00, 207.05it/s]
Epoch 33/150:  47%|████▋     | 141/300 [00:00<00:00, 220.05it/s]
Epoch 33/150:  55%|█████▍    | 164/300 [00:00<00:00, 209.81it/s]
Epoch 33/150:  63%|██████▎   | 189/300 [00:00<00:00, 217.38it/s]
Epoch 33/150:  70%|███████   | 211/300 [00:01<00:00, 212.47it/s]
Epoch 33/150:  79%|███████▉  | 238/300 [00:01<00:00, 228.33it/s]
Epoch 33/150:  87%|████████▋ | 261/300 [00:01<00:00, 211.21it/s]
Epoch 33/150:  96%|█████████▋| 289/300 [00:01<00:00, 227.91it/s]
Epoch 33/150: 100%|██████████| 300/300 [00:01<00:00, 197.49it/s]

Epoch 34/150:   0%|          | 0/300 [00:00<?, ?it/s]
Epoch 34/150:   0%|          | 1/300 [00:00<00:36,  8.28it/s]
Epoch 34/150:   7%|▋         | 20/300 [00:00<00:02, 105.85it/s]
Epoch 34/150:  16%|█▌        | 48/300 [00:00<00:01, 180.25it/s]
Epoch 34/150:  23%|██▎       | 68/300 [00:00<00:01, 185.28it/s]
Epoch 34/150:  31%|███       | 92/300 [00:00<00:01, 202.33it/s]
Epoch 34/150:  39%|███▉      | 117/300 [00:00<00:00, 210.93it/s]
Epoch 34/150:  46%|████▋     | 139/300 [00:00<00:00, 211.37it/s]
Epoch 34/150:  56%|█████▌    | 167/300 [00:00<00:00, 229.77it/s]
Epoch 34/150:  64%|██████▎   | 191/300 [00:00<00:00, 214.58it/s]
Epoch 34/150:  73%|███████▎  | 219/300 [00:01<00:00, 231.99it/s]
Epoch 34/150:  81%|████████  | 243/300 [00:01<00:00, 219.75it/s]
Epoch 34/150:  90%|████████▉ | 269/300 [00:01<00:00, 230.51it/s]
Epoch 34/150:  98%|█████████▊| 293/300 [00:01<00:00, 221.02it/s]
Epoch 34/150: 100%|██████████| 300/300 [00:01<00:00, 198.12it/s]

Epoch 35/150:   0%|          | 0/300 [00:00<?, ?it/s]
Epoch 35/150:   0%|          | 1/300 [00:00<00:36,  8.19it/s]
Epoch 35/150:   8%|▊         | 25/300 [00:00<00:02, 133.01it/s]
Epoch 35/150:  16%|█▌        | 47/300 [00:00<00:01, 168.53it/s]
Epoch 35/150:  23%|██▎       | 69/300 [00:00<00:01, 185.81it/s]
Epoch 35/150:  32%|███▏      | 96/300 [00:00<00:00, 212.41it/s]
Epoch 35/150:  39%|███▉      | 118/300 [00:00<00:00, 199.88it/s]
Epoch 35/150:  49%|████▊     | 146/300 [00:00<00:00, 221.85it/s]
Epoch 35/150:  56%|█████▋    | 169/300 [00:00<00:00, 206.94it/s]
Epoch 35/150:  66%|██████▌   | 197/300 [00:00<00:00, 226.70it/s]
Epoch 35/150:  74%|███████▎  | 221/300 [00:01<00:00, 216.15it/s]
Epoch 35/150:  82%|████████▏ | 247/300 [00:01<00:00, 226.92it/s]
Epoch 35/150:  90%|█████████ | 271/300 [00:01<00:00, 217.81it/s]
Epoch 35/150:  99%|█████████▉| 297/300 [00:01<00:00, 229.46it/s]
Epoch 35/150: 100%|██████████| 300/300 [00:01<00:00, 200.23it/s]

Epoch 36/150:   0%|          | 0/300 [00:00<?, ?it/s]
Epoch 36/150:   0%|          | 1/300 [00:00<00:34,  8.54it/s]
Epoch 36/150:   9%|▊         | 26/300 [00:00<00:02, 136.10it/s]
Epoch 36/150:  16%|█▌        | 48/300 [00:00<00:01, 169.48it/s]
Epoch 36/150:  26%|██▌       | 78/300 [00:00<00:01, 217.64it/s]
Epoch 36/150:  34%|███▎      | 101/300 [00:00<00:00, 206.69it/s]
Epoch 36/150:  42%|████▏     | 127/300 [00:00<00:00, 223.24it/s]
Epoch 36/150:  50%|█████     | 150/300 [00:00<00:00, 214.41it/s]
Epoch 36/150:  58%|█████▊    | 174/300 [00:00<00:00, 221.55it/s]
Epoch 36/150:  66%|██████▌   | 197/300 [00:00<00:00, 215.58it/s]
Epoch 36/150:  73%|███████▎  | 219/300 [00:01<00:00, 216.22it/s]
Epoch 36/150:  81%|████████▏ | 244/300 [00:01<00:00, 224.95it/s]
Epoch 36/150:  89%|████████▉ | 267/300 [00:01<00:00, 215.63it/s]
Epoch 36/150:  98%|█████████▊| 294/300 [00:01<00:00, 229.26it/s]
Epoch 36/150: 100%|██████████| 300/300 [00:01<00:00, 199.48it/s]

Epoch 37/150:   0%|          | 0/300 [00:00<?, ?it/s]
Epoch 37/150:   0%|          | 1/300 [00:00<00:36,  8.29it/s]
Epoch 37/150:   7%|▋         | 22/300 [00:00<00:02, 116.37it/s]
Epoch 37/150:  17%|█▋        | 50/300 [00:00<00:01, 185.30it/s]
Epoch 37/150:  23%|██▎       | 70/300 [00:00<00:01, 188.74it/s]
Epoch 37/150:  31%|███▏      | 94/300 [00:00<00:00, 206.31it/s]
Epoch 37/150:  38%|███▊      | 115/300 [00:00<00:00, 207.36it/s]
Epoch 37/150:  46%|████▌     | 137/300 [00:00<00:00, 210.00it/s]
Epoch 37/150:  55%|█████▍    | 164/300 [00:00<00:00, 225.96it/s]
Epoch 37/150:  62%|██████▏   | 187/300 [00:00<00:00, 210.84it/s]
Epoch 37/150:  71%|███████▏  | 214/300 [00:01<00:00, 226.24it/s]
Epoch 37/150:  79%|███████▉  | 237/300 [00:01<00:00, 212.71it/s]
Epoch 37/150:  89%|████████▊ | 266/300 [00:01<00:00, 232.16it/s]
Epoch 37/150:  97%|█████████▋| 290/300 [00:01<00:00, 224.19it/s]
Epoch 37/150: 100%|██████████| 300/300 [00:01<00:00, 198.64it/s]

Epoch 38/150:   0%|          | 0/300 [00:00<?, ?it/s]
Epoch 38/150:   0%|          | 1/300 [00:00<00:37,  8.02it/s]
Epoch 38/150:   8%|▊         | 23/300 [00:00<00:02, 118.89it/s]
Epoch 38/150:  14%|█▍        | 43/300 [00:00<00:01, 151.09it/s]
Epoch 38/150:  22%|██▏       | 66/300 [00:00<00:01, 179.86it/s]
Epoch 38/150:  30%|███       | 91/300 [00:00<00:01, 202.98it/s]
Epoch 38/150:  37%|███▋      | 112/300 [00:00<00:00, 197.48it/s]
Epoch 38/150:  46%|████▋     | 139/300 [00:00<00:00, 219.78it/s]
Epoch 38/150:  54%|█████▍    | 162/300 [00:00<00:00, 153.39it/s]
Epoch 38/150:  61%|██████    | 183/300 [00:01<00:00, 165.65it/s]
Epoch 38/150:  71%|███████   | 212/300 [00:01<00:00, 195.32it/s]
Epoch 38/150:  78%|███████▊  | 234/300 [00:01<00:00, 196.83it/s]
Epoch 38/150:  86%|████████▌ | 257/300 [00:01<00:00, 205.20it/s]
Epoch 38/150:  94%|█████████▎| 281/300 [00:01<00:00, 209.40it/s]
Epoch 38/150: 100%|██████████| 300/300 [00:01<00:00, 179.67it/s]

Epoch 39/150:   0%|          | 0/300 [00:00<?, ?it/s]
Epoch 39/150:   0%|          | 1/300 [00:00<00:35,  8.46it/s]
Epoch 39/150:   9%|▉         | 28/300 [00:00<00:01, 149.55it/s]
Epoch 39/150:  16%|█▌        | 48/300 [00:00<00:01, 171.02it/s]
Epoch 39/150:  23%|██▎       | 69/300 [00:00<00:01, 185.85it/s]
Epoch 39/150:  32%|███▏      | 95/300 [00:00<00:00, 208.57it/s]
Epoch 39/150:  39%|███▉      | 117/300 [00:00<00:00, 202.97it/s]
Epoch 39/150:  48%|████▊     | 145/300 [00:00<00:00, 225.45it/s]
Epoch 39/150:  56%|█████▌    | 168/300 [00:00<00:00, 214.51it/s]
Epoch 39/150:  65%|██████▍   | 194/300 [00:00<00:00, 226.45it/s]
Epoch 39/150:  72%|███████▏  | 217/300 [00:01<00:00, 217.66it/s]
Epoch 39/150:  81%|████████  | 243/300 [00:01<00:00, 227.67it/s]
Epoch 39/150:  89%|████████▊ | 266/300 [00:01<00:00, 220.82it/s]
Epoch 39/150:  97%|█████████▋| 290/300 [00:01<00:00, 224.57it/s]
Epoch 39/150: 100%|██████████| 300/300 [00:01<00:00, 202.14it/s]

Epoch 40/150:   0%|          | 0/300 [00:00<?, ?it/s]
Epoch 40/150:   0%|          | 1/300 [00:00<00:35,  8.36it/s]
Epoch 40/150:   9%|▊         | 26/300 [00:00<00:01, 139.86it/s]
Epoch 40/150:  15%|█▌        | 45/300 [00:00<00:01, 158.98it/s]
Epoch 40/150:  24%|██▎       | 71/300 [00:00<00:01, 195.99it/s]
Epoch 40/150:  31%|███       | 92/300 [00:00<00:01, 189.92it/s]
Epoch 40/150:  39%|███▊      | 116/300 [00:00<00:00, 205.27it/s]
Epoch 40/150:  46%|████▌     | 137/300 [00:00<00:00, 200.99it/s]
Epoch 40/150:  53%|█████▎    | 160/300 [00:00<00:00, 208.60it/s]
Epoch 40/150:  61%|██████▏   | 184/300 [00:00<00:00, 212.91it/s]
Epoch 40/150:  69%|██████▊   | 206/300 [00:01<00:00, 212.86it/s]
Epoch 40/150:  78%|███████▊  | 233/300 [00:01<00:00, 229.05it/s]
Epoch 40/150:  86%|████████▌ | 257/300 [00:01<00:00, 213.88it/s]
Epoch 40/150:  95%|█████████▌| 285/300 [00:01<00:00, 229.68it/s]
Epoch 40/150: 100%|██████████| 300/300 [00:01<00:00, 195.67it/s]

Epoch 41/150:   0%|          | 0/300 [00:00<?, ?it/s]
Epoch 41/150:   0%|          | 1/300 [00:00<00:36,  8.24it/s]
Epoch 41/150:   7%|▋         | 22/300 [00:00<00:02, 115.93it/s]
Epoch 41/150:  17%|█▋        | 50/300 [00:00<00:01, 185.37it/s]
Epoch 41/150:  23%|██▎       | 70/300 [00:00<00:01, 187.28it/s]
Epoch 41/150:  32%|███▏      | 97/300 [00:00<00:00, 215.08it/s]
Epoch 41/150:  40%|███▉      | 119/300 [00:00<00:00, 210.80it/s]
Epoch 41/150:  48%|████▊     | 144/300 [00:00<00:00, 221.66it/s]
Epoch 41/150:  56%|█████▌    | 167/300 [00:00<00:00, 219.43it/s]
Epoch 41/150:  63%|██████▎   | 190/300 [00:00<00:00, 220.55it/s]
Epoch 41/150:  72%|███████▏  | 215/300 [00:01<00:00, 228.47it/s]
Epoch 41/150:  79%|███████▉  | 238/300 [00:01<00:00, 217.40it/s]
Epoch 41/150:  88%|████████▊ | 265/300 [00:01<00:00, 226.62it/s]
Epoch 41/150:  96%|█████████▌| 288/300 [00:01<00:00, 217.45it/s]
Epoch 41/150: 100%|██████████| 300/300 [00:01<00:00, 200.64it/s]

Epoch 42/150:   0%|          | 0/300 [00:00<?, ?it/s]
Epoch 42/150:   0%|          | 1/300 [00:00<00:34,  8.67it/s]
Epoch 42/150:   9%|▉         | 28/300 [00:00<00:01, 152.67it/s]
Epoch 42/150:  16%|█▌        | 48/300 [00:00<00:01, 172.12it/s]
Epoch 42/150:  25%|██▍       | 74/300 [00:00<00:01, 203.36it/s]
Epoch 42/150:  32%|███▏      | 95/300 [00:00<00:01, 201.04it/s]
Epoch 42/150:  40%|███▉      | 119/300 [00:00<00:00, 212.10it/s]
Epoch 42/150:  48%|████▊     | 143/300 [00:00<00:00, 214.36it/s]
Epoch 42/150:  55%|█████▌    | 165/300 [00:00<00:00, 215.59it/s]
Epoch 42/150:  64%|██████▍   | 192/300 [00:00<00:00, 229.84it/s]
Epoch 42/150:  72%|███████▏  | 216/300 [00:01<00:00, 215.40it/s]
Epoch 42/150:  82%|████████▏ | 245/300 [00:01<00:00, 234.62it/s]
Epoch 42/150:  90%|████████▉ | 269/300 [00:01<00:00, 223.13it/s]
Epoch 42/150:  98%|█████████▊| 295/300 [00:01<00:00, 233.27it/s]
Epoch 42/150: 100%|██████████| 300/300 [00:01<00:00, 203.07it/s]

Epoch 43/150:   0%|          | 0/300 [00:00<?, ?it/s]
Epoch 43/150:   0%|          | 1/300 [00:00<00:35,  8.47it/s]
Epoch 43/150:   7%|▋         | 22/300 [00:00<00:02, 117.99it/s]
Epoch 43/150:  15%|█▌        | 46/300 [00:00<00:01, 170.18it/s]
Epoch 43/150:  24%|██▍       | 72/300 [00:00<00:01, 204.50it/s]
Epoch 43/150:  31%|███       | 93/300 [00:00<00:01, 196.78it/s]
Epoch 43/150:  40%|████      | 121/300 [00:00<00:00, 223.80it/s]
Epoch 43/150:  48%|████▊     | 144/300 [00:00<00:00, 211.13it/s]
Epoch 43/150:  57%|█████▋    | 170/300 [00:00<00:00, 224.90it/s]
Epoch 43/150:  64%|██████▍   | 193/300 [00:00<00:00, 213.56it/s]
Epoch 43/150:  73%|███████▎  | 219/300 [00:01<00:00, 225.23it/s]
Epoch 43/150:  81%|████████  | 242/300 [00:01<00:00, 217.84it/s]
Epoch 43/150:  88%|████████▊ | 265/300 [00:01<00:00, 220.15it/s]
Epoch 43/150:  96%|█████████▌| 288/300 [00:01<00:00, 216.27it/s]
Epoch 43/150: 100%|██████████| 300/300 [00:01<00:00, 197.26it/s]

Epoch 44/150:   0%|          | 0/300 [00:00<?, ?it/s]
Epoch 44/150:   0%|          | 1/300 [00:00<00:38,  7.70it/s]
Epoch 44/150:   8%|▊         | 25/300 [00:00<00:02, 126.91it/s]
Epoch 44/150:  17%|█▋        | 52/300 [00:00<00:01, 185.03it/s]
Epoch 44/150:  24%|██▍       | 72/300 [00:00<00:01, 180.53it/s]
Epoch 44/150:  33%|███▎      | 100/300 [00:00<00:00, 212.08it/s]
Epoch 44/150:  41%|████      | 122/300 [00:00<00:00, 205.32it/s]
Epoch 44/150:  49%|████▉     | 148/300 [00:00<00:00, 219.79it/s]
Epoch 44/150:  57%|█████▋    | 171/300 [00:00<00:00, 208.98it/s]
Epoch 44/150:  65%|██████▌   | 195/300 [00:00<00:00, 216.73it/s]
Epoch 44/150:  72%|███████▏  | 217/300 [00:01<00:00, 213.12it/s]
Epoch 44/150:  80%|███████▉  | 239/300 [00:01<00:00, 215.00it/s]
Epoch 44/150:  88%|████████▊ | 264/300 [00:01<00:00, 223.84it/s]
Epoch 44/150:  96%|█████████▌| 287/300 [00:01<00:00, 212.84it/s]
Epoch 44/150: 100%|██████████| 300/300 [00:01<00:00, 196.23it/s]

Epoch 45/150:   0%|          | 0/300 [00:00<?, ?it/s]
Epoch 45/150:   0%|          | 1/300 [00:00<00:34,  8.65it/s]
Epoch 45/150:   9%|▉         | 28/300 [00:00<00:01, 150.17it/s]
Epoch 45/150:  16%|█▋        | 49/300 [00:00<00:01, 175.11it/s]
Epoch 45/150:  25%|██▍       | 74/300 [00:00<00:01, 203.63it/s]
Epoch 45/150:  32%|███▏      | 95/300 [00:00<00:01, 200.86it/s]
Epoch 45/150:  39%|███▉      | 118/300 [00:00<00:00, 209.91it/s]
Epoch 45/150:  47%|████▋     | 142/300 [00:00<00:00, 213.66it/s]
Epoch 45/150:  55%|█████▍    | 164/300 [00:00<00:00, 212.44it/s]
Epoch 45/150:  64%|██████▎   | 191/300 [00:00<00:00, 229.27it/s]
Epoch 45/150:  72%|███████▏  | 215/300 [00:01<00:00, 214.27it/s]
Epoch 45/150:  81%|████████  | 242/300 [00:01<00:00, 228.88it/s]
Epoch 45/150:  89%|████████▊ | 266/300 [00:01<00:00, 213.56it/s]
Epoch 45/150:  97%|█████████▋| 292/300 [00:01<00:00, 225.24it/s]
Epoch 45/150: 100%|██████████| 300/300 [00:01<00:00, 200.21it/s]

Epoch 46/150:   0%|          | 0/300 [00:00<?, ?it/s]
Epoch 46/150:   0%|          | 1/300 [00:00<00:36,  8.29it/s]
Epoch 46/150:   7%|▋         | 22/300 [00:00<00:02, 116.10it/s]
Epoch 46/150:  17%|█▋        | 50/300 [00:00<00:01, 185.81it/s]
Epoch 46/150:  23%|██▎       | 70/300 [00:00<00:01, 189.07it/s]
Epoch 46/150:  31%|███       | 93/300 [00:00<00:01, 202.15it/s]
Epoch 46/150:  38%|███▊      | 115/300 [00:00<00:00, 205.76it/s]
Epoch 46/150:  46%|████▌     | 137/300 [00:00<00:00, 209.44it/s]
Epoch 46/150:  54%|█████▍    | 163/300 [00:00<00:00, 221.91it/s]
Epoch 46/150:  62%|██████▏   | 186/300 [00:00<00:00, 212.12it/s]
Epoch 46/150:  71%|███████   | 212/300 [00:01<00:00, 224.74it/s]
Epoch 46/150:  78%|███████▊  | 235/300 [00:01<00:00, 212.69it/s]
Epoch 46/150:  87%|████████▋ | 262/300 [00:01<00:00, 226.89it/s]
Epoch 46/150:  95%|█████████▌| 285/300 [00:01<00:00, 213.40it/s]
Epoch 46/150: 100%|██████████| 300/300 [00:01<00:00, 197.74it/s]

Epoch 47/150:   0%|          | 0/300 [00:00<?, ?it/s]
Epoch 47/150:   0%|          | 1/300 [00:00<00:35,  8.31it/s]
Epoch 47/150:   9%|▉         | 28/300 [00:00<00:01, 149.26it/s]
Epoch 47/150:  16%|█▌        | 47/300 [00:00<00:01, 165.82it/s]
Epoch 47/150:  24%|██▍       | 73/300 [00:00<00:01, 200.57it/s]
Epoch 47/150:  31%|███▏      | 94/300 [00:00<00:01, 200.44it/s]
Epoch 47/150:  39%|███▉      | 118/300 [00:00<00:00, 212.24it/s]
Epoch 47/150:  48%|████▊     | 144/300 [00:00<00:00, 217.78it/s]
Epoch 47/150:  55%|█████▌    | 166/300 [00:00<00:00, 216.56it/s]
Epoch 47/150:  64%|██████▍   | 193/300 [00:00<00:00, 231.48it/s]
Epoch 47/150:  72%|███████▏  | 217/300 [00:01<00:00, 216.51it/s]
Epoch 47/150:  81%|████████▏ | 244/300 [00:01<00:00, 230.93it/s]
Epoch 47/150:  89%|████████▉ | 268/300 [00:01<00:00, 216.47it/s]
Epoch 47/150:  99%|█████████▊| 296/300 [00:01<00:00, 232.59it/s]
Epoch 47/150: 100%|██████████| 300/300 [00:01<00:00, 202.88it/s]

Epoch 48/150:   0%|          | 0/300 [00:00<?, ?it/s]
Epoch 48/150:   0%|          | 1/300 [00:00<00:35,  8.38it/s]
Epoch 48/150:   8%|▊         | 23/300 [00:00<00:02, 121.66it/s]
Epoch 48/150:  16%|█▌        | 47/300 [00:00<00:01, 170.62it/s]
Epoch 48/150:  25%|██▌       | 76/300 [00:00<00:01, 213.57it/s]
Epoch 48/150:  33%|███▎      | 98/300 [00:00<00:01, 201.68it/s]
Epoch 48/150:  42%|████▏     | 127/300 [00:00<00:00, 228.88it/s]
Epoch 48/150:  50%|█████     | 151/300 [00:00<00:00, 217.54it/s]
Epoch 48/150:  59%|█████▉    | 177/300 [00:00<00:00, 227.62it/s]
Epoch 48/150:  67%|██████▋   | 201/300 [00:00<00:00, 218.42it/s]
Epoch 48/150:  75%|███████▌  | 226/300 [00:01<00:00, 225.18it/s]
Epoch 48/150:  83%|████████▎ | 249/300 [00:01<00:00, 218.21it/s]
Epoch 48/150:  91%|█████████ | 273/300 [00:01<00:00, 223.07it/s]
Epoch 48/150:  99%|█████████▊| 296/300 [00:01<00:00, 221.34it/s]
Epoch 48/150: 100%|██████████| 300/300 [00:01<00:00, 201.91it/s]

Epoch 49/150:   0%|          | 0/300 [00:00<?, ?it/s]
Epoch 49/150:   0%|          | 1/300 [00:00<00:35,  8.33it/s]
Epoch 49/150:   7%|▋         | 21/300 [00:00<00:02, 111.15it/s]
Epoch 49/150:  16%|█▌        | 48/300 [00:00<00:01, 179.14it/s]
Epoch 49/150:  22%|██▏       | 67/300 [00:00<00:01, 183.12it/s]
Epoch 49/150:  32%|███▏      | 95/300 [00:00<00:00, 215.80it/s]
Epoch 49/150:  41%|████▏     | 124/300 [00:00<00:00, 238.61it/s]
Epoch 49/150:  50%|████▉     | 149/300 [00:00<00:00, 232.96it/s]
Epoch 49/150:  59%|█████▉    | 177/300 [00:00<00:00, 244.56it/s]
Epoch 49/150:  67%|██████▋   | 202/300 [00:00<00:00, 227.27it/s]
Epoch 49/150:  77%|███████▋  | 230/300 [00:01<00:00, 239.65it/s]
Epoch 49/150:  85%|████████▌ | 255/300 [00:01<00:00, 223.40it/s]
Epoch 49/150:  94%|█████████▎| 281/300 [00:01<00:00, 231.45it/s]
Epoch 49/150: 100%|██████████| 300/300 [00:01<00:00, 206.11it/s]

Epoch 50/150:   0%|          | 0/300 [00:00<?, ?it/s]
Epoch 50/150:   0%|          | 1/300 [00:00<00:39,  7.66it/s]
Epoch 50/150:   9%|▊         | 26/300 [00:00<00:02, 132.42it/s]
Epoch 50/150:  17%|█▋        | 51/300 [00:00<00:01, 180.81it/s]
Epoch 50/150:  24%|██▎       | 71/300 [00:00<00:01, 181.47it/s]
Epoch 50/150:  33%|███▎      | 99/300 [00:00<00:00, 212.33it/s]
Epoch 50/150:  40%|████      | 121/300 [00:00<00:00, 203.81it/s]
Epoch 50/150:  49%|████▉     | 147/300 [00:00<00:00, 219.80it/s]
Epoch 50/150:  57%|█████▋    | 170/300 [00:00<00:00, 212.91it/s]
Epoch 50/150:  65%|██████▌   | 195/300 [00:00<00:00, 222.46it/s]
Epoch 50/150:  73%|███████▎  | 218/300 [00:01<00:00, 221.84it/s]
Epoch 50/150:  80%|████████  | 241/300 [00:01<00:00, 221.27it/s]
Epoch 50/150:  89%|████████▉ | 268/300 [00:01<00:00, 230.31it/s]
Epoch 50/150:  97%|█████████▋| 292/300 [00:01<00:00, 219.52it/s]
Epoch 50/150: 100%|██████████| 300/300 [00:01<00:00, 199.48it/s]

Epoch 51/150:   0%|          | 0/300 [00:00<?, ?it/s]
Epoch 51/150:   0%|          | 1/300 [00:00<00:35,  8.37it/s]
Epoch 51/150:  10%|█         | 30/300 [00:00<00:01, 159.86it/s]
Epoch 51/150:  16%|█▋        | 49/300 [00:00<00:01, 172.48it/s]
Epoch 51/150:  25%|██▍       | 74/300 [00:00<00:01, 200.43it/s]
Epoch 51/150:  32%|███▏      | 95/300 [00:00<00:01, 202.20it/s]
Epoch 51/150:  39%|███▉      | 117/300 [00:00<00:00, 207.02it/s]
Epoch 51/150:  47%|████▋     | 141/300 [00:00<00:00, 217.59it/s]
Epoch 51/150:  54%|█████▍    | 163/300 [00:00<00:00, 208.51it/s]
Epoch 51/150:  62%|██████▏   | 185/300 [00:01<00:00, 152.17it/s]
Epoch 51/150:  71%|███████   | 213/300 [00:01<00:00, 182.14it/s]
Epoch 51/150:  78%|███████▊  | 234/300 [00:01<00:00, 184.41it/s]
Epoch 51/150:  87%|████████▋ | 261/300 [00:01<00:00, 205.35it/s]
Epoch 51/150:  95%|█████████▍| 284/300 [00:01<00:00, 203.07it/s]
Epoch 51/150: 100%|██████████| 300/300 [00:01<00:00, 184.39it/s]

Epoch 52/150:   0%|          | 0/300 [00:00<?, ?it/s]
Epoch 52/150:   0%|          | 1/300 [00:00<00:34,  8.55it/s]
Epoch 52/150:   8%|▊         | 25/300 [00:00<00:02, 135.02it/s]
Epoch 52/150:  15%|█▌        | 46/300 [00:00<00:01, 164.71it/s]
Epoch 52/150:  23%|██▎       | 70/300 [00:00<00:01, 191.70it/s]
Epoch 52/150:  31%|███       | 93/300 [00:00<00:01, 202.96it/s]
Epoch 52/150:  38%|███▊      | 114/300 [00:00<00:00, 203.30it/s]
Epoch 52/150:  47%|████▋     | 140/300 [00:00<00:00, 216.78it/s]
Epoch 52/150:  54%|█████▍    | 162/300 [00:00<00:00, 207.09it/s]
Epoch 52/150:  63%|██████▎   | 189/300 [00:00<00:00, 223.60it/s]
Epoch 52/150:  71%|███████   | 212/300 [00:01<00:00, 210.73it/s]
Epoch 52/150:  80%|███████▉  | 239/300 [00:01<00:00, 227.44it/s]
Epoch 52/150:  88%|████████▊ | 263/300 [00:01<00:00, 214.77it/s]
Epoch 52/150:  97%|█████████▋| 290/300 [00:01<00:00, 227.92it/s]
Epoch 52/150: 100%|██████████| 300/300 [00:01<00:00, 198.25it/s]

Epoch 53/150:   0%|          | 0/300 [00:00<?, ?it/s]
Epoch 53/150:   0%|          | 1/300 [00:00<00:36,  8.24it/s]
Epoch 53/150:   7%|▋         | 22/300 [00:00<00:02, 116.70it/s]
Epoch 53/150:  17%|█▋        | 50/300 [00:00<00:01, 186.19it/s]
Epoch 53/150:  24%|██▎       | 71/300 [00:00<00:01, 191.54it/s]
Epoch 53/150:  31%|███▏      | 94/300 [00:00<00:01, 204.09it/s]
Epoch 53/150:  39%|███▉      | 117/300 [00:00<00:00, 209.72it/s]
Epoch 53/150:  46%|████▋     | 139/300 [00:00<00:00, 207.77it/s]
Epoch 53/150:  55%|█████▌    | 165/300 [00:00<00:00, 221.81it/s]
Epoch 53/150:  63%|██████▎   | 188/300 [00:00<00:00, 211.06it/s]
Epoch 53/150:  72%|███████▏  | 215/300 [00:01<00:00, 227.27it/s]
Epoch 53/150:  79%|███████▉  | 238/300 [00:01<00:00, 212.16it/s]
Epoch 53/150:  88%|████████▊ | 265/300 [00:01<00:00, 225.91it/s]
Epoch 53/150:  96%|█████████▌| 288/300 [00:01<00:00, 214.39it/s]
Epoch 53/150: 100%|██████████| 300/300 [00:01<00:00, 196.24it/s]

Epoch 54/150:   0%|          | 0/300 [00:00<?, ?it/s]
Epoch 54/150:   0%|          | 1/300 [00:00<00:36,  8.20it/s]
Epoch 54/150:  10%|█         | 30/300 [00:00<00:01, 157.27it/s]
Epoch 54/150:  16%|█▌        | 48/300 [00:00<00:01, 166.93it/s]
Epoch 54/150:  24%|██▍       | 73/300 [00:00<00:01, 197.97it/s]
Epoch 54/150:  31%|███▏      | 94/300 [00:00<00:01, 199.25it/s]
Epoch 54/150:  39%|███▉      | 118/300 [00:00<00:00, 212.22it/s]
Epoch 54/150:  48%|████▊     | 143/300 [00:00<00:00, 223.93it/s]
Epoch 54/150:  55%|█████▌    | 166/300 [00:00<00:00, 215.02it/s]
Epoch 54/150:  65%|██████▌   | 195/300 [00:00<00:00, 234.79it/s]
Epoch 54/150:  73%|███████▎  | 219/300 [00:01<00:00, 222.20it/s]
Epoch 54/150:  82%|████████▏ | 246/300 [00:01<00:00, 233.25it/s]
Epoch 54/150:  90%|█████████ | 270/300 [00:01<00:00, 221.38it/s]
Epoch 54/150:  99%|█████████▉| 297/300 [00:01<00:00, 232.93it/s]
Epoch 54/150: 100%|██████████| 300/300 [00:01<00:00, 204.99it/s]

Epoch 55/150:   0%|          | 0/300 [00:00<?, ?it/s]
Epoch 55/150:   0%|          | 1/300 [00:00<00:35,  8.43it/s]
Epoch 55/150:   9%|▉         | 28/300 [00:00<00:01, 150.84it/s]
Epoch 55/150:  16%|█▌        | 48/300 [00:00<00:01, 168.47it/s]
Epoch 55/150:  25%|██▍       | 74/300 [00:00<00:01, 200.67it/s]
Epoch 55/150:  32%|███▏      | 95/300 [00:00<00:01, 198.69it/s]
Epoch 55/150:  40%|███▉      | 119/300 [00:00<00:00, 210.29it/s]
Epoch 55/150:  47%|████▋     | 141/300 [00:00<00:00, 210.58it/s]
Epoch 55/150:  54%|█████▍    | 163/300 [00:00<00:00, 209.97it/s]
Epoch 55/150:  63%|██████▎   | 189/300 [00:00<00:00, 219.00it/s]
Epoch 55/150:  70%|███████   | 211/300 [00:01<00:00, 210.38it/s]
Epoch 55/150:  79%|███████▉  | 238/300 [00:01<00:00, 227.57it/s]
Epoch 55/150:  87%|████████▋ | 261/300 [00:01<00:00, 217.14it/s]
Epoch 55/150:  96%|█████████▌| 288/300 [00:01<00:00, 230.83it/s]
Epoch 55/150: 100%|██████████| 300/300 [00:01<00:00, 200.38it/s]

Epoch 56/150:   0%|          | 0/300 [00:00<?, ?it/s]
Epoch 56/150:   0%|          | 1/300 [00:00<00:35,  8.39it/s]
Epoch 56/150:   7%|▋         | 22/300 [00:00<00:02, 118.20it/s]
Epoch 56/150:  16%|█▌        | 47/300 [00:00<00:01, 173.35it/s]
Epoch 56/150:  24%|██▍       | 73/300 [00:00<00:01, 197.75it/s]
Epoch 56/150:  31%|███▏      | 94/300 [00:00<00:01, 201.02it/s]
Epoch 56/150:  40%|████      | 121/300 [00:00<00:00, 221.25it/s]
Epoch 56/150:  48%|████▊     | 144/300 [00:00<00:00, 208.75it/s]
Epoch 56/150:  57%|█████▋    | 171/300 [00:00<00:00, 226.64it/s]
Epoch 56/150:  65%|██████▍   | 194/300 [00:00<00:00, 216.49it/s]
Epoch 56/150:  73%|███████▎  | 220/300 [00:01<00:00, 228.40it/s]
Epoch 56/150:  81%|████████▏ | 244/300 [00:01<00:00, 219.22it/s]
Epoch 56/150:  90%|████████▉ | 269/300 [00:01<00:00, 226.54it/s]
Epoch 56/150:  97%|█████████▋| 292/300 [00:01<00:00, 218.74it/s]
Epoch 56/150: 100%|██████████| 300/300 [00:01<00:00, 200.19it/s]

Epoch 57/150:   0%|          | 0/300 [00:00<?, ?it/s]
Epoch 57/150:   0%|          | 1/300 [00:00<00:38,  7.70it/s]
Epoch 57/150:   9%|▊         | 26/300 [00:00<00:02, 133.00it/s]
Epoch 57/150:  16%|█▌        | 48/300 [00:00<00:01, 169.83it/s]
Epoch 57/150:  23%|██▎       | 70/300 [00:00<00:01, 186.72it/s]
Epoch 57/150:  32%|███▏      | 97/300 [00:00<00:00, 210.45it/s]
Epoch 57/150:  40%|███▉      | 119/300 [00:00<00:00, 204.20it/s]
Epoch 57/150:  49%|████▊     | 146/300 [00:00<00:00, 224.24it/s]
Epoch 57/150:  56%|█████▋    | 169/300 [00:00<00:00, 208.36it/s]
Epoch 57/150:  65%|██████▌   | 196/300 [00:00<00:00, 225.39it/s]
Epoch 57/150:  73%|███████▎  | 219/300 [00:01<00:00, 215.30it/s]
Epoch 57/150:  82%|████████▏ | 245/300 [00:01<00:00, 227.13it/s]
Epoch 57/150:  90%|████████▉ | 269/300 [00:01<00:00, 219.53it/s]
Epoch 57/150:  98%|█████████▊| 294/300 [00:01<00:00, 226.83it/s]
Epoch 57/150: 100%|██████████| 300/300 [00:01<00:00, 200.07it/s]

Epoch 58/150:   0%|          | 0/300 [00:00<?, ?it/s]
Epoch 58/150:   0%|          | 1/300 [00:00<00:36,  8.28it/s]
Epoch 58/150:  10%|▉         | 29/300 [00:00<00:01, 154.05it/s]
Epoch 58/150:  16%|█▌        | 48/300 [00:00<00:01, 169.48it/s]
Epoch 58/150:  25%|██▌       | 75/300 [00:00<00:01, 206.05it/s]
Epoch 58/150:  32%|███▏      | 97/300 [00:00<00:01, 202.86it/s]
Epoch 58/150:  41%|████      | 123/300 [00:00<00:00, 219.25it/s]
Epoch 58/150:  49%|████▊     | 146/300 [00:00<00:00, 215.76it/s]
Epoch 58/150:  56%|█████▌    | 168/300 [00:00<00:00, 215.88it/s]
Epoch 58/150:  64%|██████▍   | 193/300 [00:00<00:00, 216.17it/s]
Epoch 58/150:  72%|███████▏  | 215/300 [00:01<00:00, 215.29it/s]
Epoch 58/150:  81%|████████  | 242/300 [00:01<00:00, 229.44it/s]
Epoch 58/150:  89%|████████▊ | 266/300 [00:01<00:00, 213.32it/s]
Epoch 58/150:  98%|█████████▊| 293/300 [00:01<00:00, 228.82it/s]
Epoch 58/150: 100%|██████████| 300/300 [00:01<00:00, 200.78it/s]

Epoch 59/150:   0%|          | 0/300 [00:00<?, ?it/s]
Epoch 59/150:   0%|          | 1/300 [00:00<00:35,  8.53it/s]
Epoch 59/150:   7%|▋         | 21/300 [00:00<00:02, 113.46it/s]
Epoch 59/150:  16%|█▌        | 47/300 [00:00<00:01, 175.41it/s]
Epoch 59/150:  22%|██▏       | 66/300 [00:00<00:01, 179.15it/s]
Epoch 59/150:  30%|███       | 90/300 [00:00<00:01, 198.19it/s]
Epoch 59/150:  38%|███▊      | 114/300 [00:00<00:00, 206.10it/s]
Epoch 59/150:  45%|████▌     | 136/300 [00:00<00:00, 209.15it/s]
Epoch 59/150:  54%|█████▍    | 163/300 [00:00<00:00, 225.34it/s]
Epoch 59/150:  62%|██████▏   | 186/300 [00:00<00:00, 213.24it/s]
Epoch 59/150:  71%|███████   | 213/300 [00:01<00:00, 227.44it/s]
Epoch 59/150:  79%|███████▊  | 236/300 [00:01<00:00, 211.75it/s]
Epoch 59/150:  88%|████████▊ | 263/300 [00:01<00:00, 227.21it/s]
Epoch 59/150:  96%|█████████▌| 287/300 [00:01<00:00, 214.92it/s]
Epoch 59/150: 100%|██████████| 300/300 [00:01<00:00, 196.45it/s]

Epoch 60/150:   0%|          | 0/300 [00:00<?, ?it/s]
Epoch 60/150:   0%|          | 1/300 [00:00<00:36,  8.19it/s]
Epoch 60/150:   9%|▉         | 28/300 [00:00<00:01, 148.61it/s]
Epoch 60/150:  16%|█▌        | 47/300 [00:00<00:01, 165.60it/s]
Epoch 60/150:  24%|██▎       | 71/300 [00:00<00:01, 192.76it/s]
Epoch 60/150:  31%|███       | 92/300 [00:00<00:01, 197.94it/s]
Epoch 60/150:  38%|███▊      | 114/300 [00:00<00:00, 203.10it/s]
Epoch 60/150:  47%|████▋     | 140/300 [00:00<00:00, 221.00it/s]
Epoch 60/150:  54%|█████▍    | 163/300 [00:00<00:00, 207.11it/s]
Epoch 60/150:  62%|██████▏   | 187/300 [00:00<00:00, 216.36it/s]
Epoch 60/150:  70%|██████▉   | 209/300 [00:01<00:00, 208.68it/s]
Epoch 60/150:  79%|███████▊  | 236/300 [00:01<00:00, 225.04it/s]
Epoch 60/150:  86%|████████▋ | 259/300 [00:01<00:00, 215.77it/s]
Epoch 60/150:  95%|█████████▌| 285/300 [00:01<00:00, 228.29it/s]
Epoch 60/150: 100%|██████████| 300/300 [00:01<00:00, 197.77it/s]
Applying discdtw augmentation (this might take a while)...
Augmentation discdtw applied successfully.
Fold 0 | Input Dim: 70 | Train: 9578, Val: 720, Test: 1347
Epoch 1, Train Loss: 0.2013, Train F1: 0.5603, Val F1: 0.6454, LR: 0.000040
✅ Model Saved (Best F1-score)
Epoch 2, Train Loss: 0.1845, Train F1: 0.6276, Val F1: 0.6390, LR: 0.000060
Epoch 3, Train Loss: 0.1783, Train F1: 0.6492, Val F1: 0.6515, LR: 0.000080
✅ Model Saved (Best F1-score)
Epoch 4, Train Loss: 0.1730, Train F1: 0.6646, Val F1: 0.6420, LR: 0.000100
Epoch 5, Train Loss: 0.1688, Train F1: 0.6793, Val F1: 0.6863, LR: 0.000100
✅ Model Saved (Best F1-score)
Epoch 6, Train Loss: 0.1653, Train F1: 0.6884, Val F1: 0.6737, LR: 0.000100
Epoch 7, Train Loss: 0.1629, Train F1: 0.6936, Val F1: 0.6660, LR: 0.000100
Epoch 8, Train Loss: 0.1596, Train F1: 0.7036, Val F1: 0.6603, LR: 0.000100
Epoch 9, Train Loss: 0.1570, Train F1: 0.7107, Val F1: 0.6743, LR: 0.000100
Epoch 10, Train Loss: 0.1544, Train F1: 0.7179, Val F1: 0.6932, LR: 0.000100
✅ Model Saved (Best F1-score)
Epoch 11, Train Loss: 0.1518, Train F1: 0.7213, Val F1: 0.6851, LR: 0.000100
Epoch 12, Train Loss: 0.1475, Train F1: 0.7326, Val F1: 0.6733, LR: 0.000099
Epoch 13, Train Loss: 0.1461, Train F1: 0.7327, Val F1: 0.6819, LR: 0.000099
Epoch 14, Train Loss: 0.1438, Train F1: 0.7393, Val F1: 0.6878, LR: 0.000099
Epoch 15, Train Loss: 0.1396, Train F1: 0.7480, Val F1: 0.6683, LR: 0.000099
Epoch 16, Train Loss: 0.1368, Train F1: 0.7517, Val F1: 0.6602, LR: 0.000099
Epoch 17, Train Loss: 0.1334, Train F1: 0.7575, Val F1: 0.6826, LR: 0.000098
Epoch 18, Train Loss: 0.1297, Train F1: 0.7654, Val F1: 0.6816, LR: 0.000098
Epoch 19, Train Loss: 0.1270, Train F1: 0.7695, Val F1: 0.6612, LR: 0.000098
Epoch 20, Train Loss: 0.1227, Train F1: 0.7783, Val F1: 0.6518, LR: 0.000097
Epoch 21, Train Loss: 0.1198, Train F1: 0.7808, Val F1: 0.6651, LR: 0.000097
Epoch 22, Train Loss: 0.1167, Train F1: 0.7899, Val F1: 0.6454, LR: 0.000097
Epoch 23, Train Loss: 0.1133, Train F1: 0.7941, Val F1: 0.6465, LR: 0.000096
Epoch 24, Train Loss: 0.1095, Train F1: 0.8003, Val F1: 0.6272, LR: 0.000096
Epoch 25, Train Loss: 0.1065, Train F1: 0.8071, Val F1: 0.6555, LR: 0.000095
Epoch 26, Train Loss: 0.1022, Train F1: 0.8134, Val F1: 0.6391, LR: 0.000095
Epoch 27, Train Loss: 0.0994, Train F1: 0.8189, Val F1: 0.6434, LR: 0.000094
Epoch 28, Train Loss: 0.0968, Train F1: 0.8216, Val F1: 0.6310, LR: 0.000094
Epoch 29, Train Loss: 0.0926, Train F1: 0.8311, Val F1: 0.6344, LR: 0.000093
Epoch 30, Train Loss: 0.0896, Train F1: 0.8355, Val F1: 0.6227, LR: 0.000093
Epoch 31, Train Loss: 0.0864, Train F1: 0.8414, Val F1: 0.6300, LR: 0.000092
Epoch 32, Train Loss: 0.0835, Train F1: 0.8457, Val F1: 0.6290, LR: 0.000092
Epoch 33, Train Loss: 0.0819, Train F1: 0.8503, Val F1: 0.6428, LR: 0.000091
Epoch 34, Train Loss: 0.0778, Train F1: 0.8561, Val F1: 0.6409, LR: 0.000090
Epoch 35, Train Loss: 0.0753, Train F1: 0.8629, Val F1: 0.6366, LR: 0.000090
Epoch 36, Train Loss: 0.0748, Train F1: 0.8686, Val F1: 0.6326, LR: 0.000089
Epoch 37, Train Loss: 0.0705, Train F1: 0.8720, Val F1: 0.6201, LR: 0.000088
Epoch 38, Train Loss: 0.0679, Train F1: 0.8766, Val F1: 0.6346, LR: 0.000088
Epoch 39, Train Loss: 0.0646, Train F1: 0.8835, Val F1: 0.6178, LR: 0.000087
Epoch 40, Train Loss: 0.0629, Train F1: 0.8865, Val F1: 0.6156, LR: 0.000086
Epoch 41, Train Loss: 0.0609, Train F1: 0.8914, Val F1: 0.6337, LR: 0.000086
Epoch 42, Train Loss: 0.0590, Train F1: 0.8968, Val F1: 0.6305, LR: 0.000085
Epoch 43, Train Loss: 0.0568, Train F1: 0.8997, Val F1: 0.6248, LR: 0.000084
Epoch 44, Train Loss: 0.0545, Train F1: 0.9029, Val F1: 0.6239, LR: 0.000083
Epoch 45, Train Loss: 0.0529, Train F1: 0.9037, Val F1: 0.6244, LR: 0.000082
Epoch 46, Train Loss: 0.0511, Train F1: 0.9092, Val F1: 0.6152, LR: 0.000082
Epoch 47, Train Loss: 0.0486, Train F1: 0.9125, Val F1: 0.6241, LR: 0.000081
Epoch 48, Train Loss: 0.0470, Train F1: 0.9168, Val F1: 0.6309, LR: 0.000080
Epoch 49, Train Loss: 0.0455, Train F1: 0.9231, Val F1: 0.6183, LR: 0.000079
Epoch 50, Train Loss: 0.0446, Train F1: 0.9248, Val F1: 0.6091, LR: 0.000078
Epoch 51, Train Loss: 0.0428, Train F1: 0.9269, Val F1: 0.6217, LR: 0.000077
Epoch 52, Train Loss: 0.0414, Train F1: 0.9273, Val F1: 0.6092, LR: 0.000076
Epoch 53, Train Loss: 0.0395, Train F1: 0.9309, Val F1: 0.6303, LR: 0.000075
Epoch 54, Train Loss: 0.0400, Train F1: 0.9310, Val F1: 0.6214, LR: 0.000074
Epoch 55, Train Loss: 0.0360, Train F1: 0.9390, Val F1: 0.6190, LR: 0.000073
Epoch 56, Train Loss: 0.0362, Train F1: 0.9386, Val F1: 0.6224, LR: 0.000072
Epoch 57, Train Loss: 0.0349, Train F1: 0.9409, Val F1: 0.6299, LR: 0.000071
Epoch 58, Train Loss: 0.0336, Train F1: 0.9441, Val F1: 0.6179, LR: 0.000071
Epoch 59, Train Loss: 0.0317, Train F1: 0.9488, Val F1: 0.6279, LR: 0.000070
Epoch 60, Train Loss: 0.0302, Train F1: 0.9494, Val F1: 0.6174, LR: 0.000069
⏹️ Early Stopping Triggered
Fold 0 Test F1: 0.6796, Accuracy: 0.3682, cost 1.630627321329662e-05 sec

✅ F1 scores from each Fold:
Fold 0: Macro F1 = 0.6796, Accuracy: 0.3682, cost time = 0.000016 sec
  - Correct: F1 = 0.5281
  - Far from the shins: F1 = 0.7117
  - Hips rise first: F1 = 0.7219
  - Collide with the knees: F1 = 0.6235
  - Lower back rounding: F1 = 0.6612

📊 Average F1 Score: 0.6796 ± 0.0000
  Average F1 Score per Class:
  - Correct: 0.5281 ± 0.0000
  - Far from the shins: 0.7117 ± 0.0000
  - Hips rise first: 0.7219 ± 0.0000
  - Collide with the knees: 0.6235 ± 0.0000
  - Lower back rounding: 0.6612 ± 0.0000
🏆 Best F1: 0.6796 from Fold 0
📁 Best model saved at: ./models/deadlift/TST_Deadlift_3D/phase4.8_test_heads8_discdtw/PatchTST_model_fold0.pth

✅ 寫入完成：./models/deadlift/TST_Deadlift_3D/phase4.8_test_heads8_discdtw/results_summary.txt
All 6 augmentation ablation studies completed successfully.
