Starting dtwwarp+window_warping

  0%|          | 0/4789 [00:00<?, ?it/s]
  1%|▏         | 71/4789 [00:00<00:06, 706.29it/s]
  3%|▎         | 153/4789 [00:00<00:06, 769.83it/s]
  5%|▍         | 235/4789 [00:00<00:05, 789.79it/s]
  7%|▋         | 319/4789 [00:00<00:05, 806.71it/s]
  8%|▊         | 400/4789 [00:00<00:05, 805.60it/s]
 10%|█         | 483/4789 [00:00<00:05, 813.47it/s]
 12%|█▏        | 565/4789 [00:00<00:05, 810.36it/s]
 14%|█▎        | 648/4789 [00:00<00:05, 814.07it/s]
 15%|█▌        | 730/4789 [00:00<00:04, 812.94it/s]
 17%|█▋        | 812/4789 [00:01<00:04, 814.00it/s]
 19%|█▊        | 895/4789 [00:01<00:04, 816.13it/s]
 20%|██        | 977/4789 [00:01<00:04, 815.89it/s]
 22%|██▏       | 1059/4789 [00:01<00:04, 816.41it/s]
 24%|██▍       | 1141/4789 [00:01<00:04, 813.77it/s]
 26%|██▌       | 1225/4789 [00:01<00:04, 819.14it/s]
 27%|██▋       | 1307/4789 [00:01<00:04, 811.95it/s]
 29%|██▉       | 1390/4789 [00:01<00:04, 816.35it/s]
 31%|███       | 1472/4789 [00:01<00:04, 814.45it/s]
 32%|███▏      | 1555/4789 [00:01<00:03, 816.34it/s]
 34%|███▍      | 1637/4789 [00:02<00:03, 816.17it/s]
 36%|███▌      | 1719/4789 [00:02<00:03, 815.50it/s]
 38%|███▊      | 1801/4789 [00:02<00:03, 816.82it/s]
 39%|███▉      | 1883/4789 [00:02<00:03, 815.68it/s]
 41%|████      | 1966/4789 [00:02<00:03, 818.53it/s]
 43%|████▎     | 2048/4789 [00:02<00:03, 813.85it/s]
 44%|████▍     | 2131/4789 [00:02<00:03, 816.89it/s]
 46%|████▌     | 2213/4789 [00:02<00:03, 813.90it/s]
 48%|████▊     | 2296/4789 [00:02<00:03, 816.96it/s]
 50%|████▉     | 2378/4789 [00:02<00:02, 815.55it/s]
 51%|█████▏    | 2460/4789 [00:03<00:02, 816.06it/s]
 53%|█████▎    | 2542/4789 [00:03<00:02, 816.60it/s]
 55%|█████▍    | 2624/4789 [00:03<00:02, 815.00it/s]
 57%|█████▋    | 2707/4789 [00:03<00:02, 817.38it/s]
 58%|█████▊    | 2789/4789 [00:03<00:02, 814.81it/s]
 60%|█████▉    | 2872/4789 [00:03<00:02, 817.75it/s]
 62%|██████▏   | 2954/4789 [00:03<00:02, 813.53it/s]
 63%|██████▎   | 3037/4789 [00:03<00:02, 815.68it/s]
 65%|██████▌   | 3119/4789 [00:03<00:02, 811.62it/s]
 67%|██████▋   | 3202/4789 [00:03<00:01, 815.05it/s]
 69%|██████▊   | 3284/4789 [00:04<00:01, 814.82it/s]
 70%|███████   | 3366/4789 [00:04<00:01, 814.70it/s]
 72%|███████▏  | 3449/4789 [00:04<00:01, 816.44it/s]
 74%|███████▎  | 3531/4789 [00:04<00:01, 815.14it/s]
 75%|███████▌  | 3614/4789 [00:04<00:01, 818.11it/s]
 77%|███████▋  | 3696/4789 [00:04<00:01, 815.14it/s]
 79%|███████▉  | 3780/4789 [00:04<00:01, 820.54it/s]
 81%|████████  | 3863/4789 [00:04<00:01, 816.52it/s]
 82%|████████▏ | 3946/4789 [00:04<00:01, 818.41it/s]
 84%|████████▍ | 4028/4789 [00:04<00:00, 813.69it/s]
 86%|████████▌ | 4110/4789 [00:05<00:00, 813.50it/s]
 88%|████████▊ | 4193/4789 [00:05<00:00, 816.53it/s]
 89%|████████▉ | 4275/4789 [00:05<00:00, 815.35it/s]
 91%|█████████ | 4357/4789 [00:05<00:00, 815.73it/s]
 93%|█████████▎| 4439/4789 [00:05<00:00, 815.66it/s]
 94%|█████████▍| 4522/4789 [00:05<00:00, 818.25it/s]
 96%|█████████▌| 4604/4789 [00:05<00:00, 815.22it/s]
 98%|█████████▊| 4687/4789 [00:05<00:00, 817.74it/s]
100%|█████████▉| 4769/4789 [00:05<00:00, 814.52it/s]
100%|██████████| 4789/4789 [00:05<00:00, 813.97it/s]

Epoch 1/150:   0%|          | 0/449 [00:00<?, ?it/s]
Epoch 1/150:   0%|          | 1/449 [00:00<03:37,  2.06it/s]
Epoch 1/150:   5%|▌         | 23/449 [00:00<00:08, 51.28it/s]
Epoch 1/150:  10%|█         | 47/449 [00:00<00:04, 96.54it/s]
Epoch 1/150:  16%|█▌        | 71/449 [00:00<00:02, 133.38it/s]
Epoch 1/150:  20%|██        | 92/449 [00:00<00:02, 150.63it/s]
Epoch 1/150:  27%|██▋       | 120/449 [00:01<00:01, 184.50it/s]
Epoch 1/150:  32%|███▏      | 143/449 [00:01<00:01, 181.90it/s]
Epoch 1/150:  38%|███▊      | 169/449 [00:01<00:01, 202.83it/s]
Epoch 1/150:  43%|████▎     | 192/449 [00:01<00:01, 192.70it/s]
Epoch 1/150:  49%|████▉     | 219/449 [00:01<00:01, 213.21it/s]
Epoch 1/150:  54%|█████▍    | 242/449 [00:01<00:01, 201.56it/s]
Epoch 1/150:  60%|█████▉    | 269/449 [00:01<00:00, 217.66it/s]
Epoch 1/150:  65%|██████▌   | 292/449 [00:01<00:00, 206.85it/s]
Epoch 1/150:  71%|███████   | 318/449 [00:01<00:00, 220.61it/s]
Epoch 1/150:  76%|███████▌  | 341/449 [00:02<00:00, 212.44it/s]
Epoch 1/150:  82%|████████▏ | 366/449 [00:02<00:00, 221.49it/s]
Epoch 1/150:  87%|████████▋ | 389/449 [00:02<00:00, 214.62it/s]
Epoch 1/150:  92%|█████████▏| 413/449 [00:02<00:00, 219.91it/s]
Epoch 1/150:  97%|█████████▋| 436/449 [00:02<00:00, 217.35it/s]
Epoch 1/150: 100%|██████████| 449/449 [00:02<00:00, 174.62it/s]

Epoch 2/150:   0%|          | 0/449 [00:00<?, ?it/s]
Epoch 2/150:   0%|          | 1/449 [00:00<00:53,  8.31it/s]
Epoch 2/150:   5%|▌         | 24/449 [00:00<00:03, 127.41it/s]
Epoch 2/150:  11%|█▏        | 51/449 [00:00<00:02, 188.19it/s]
Epoch 2/150:  16%|█▌        | 71/449 [00:00<00:02, 188.84it/s]
Epoch 2/150:  22%|██▏       | 97/449 [00:00<00:01, 211.37it/s]
Epoch 2/150:  27%|██▋       | 119/449 [00:00<00:01, 200.01it/s]
Epoch 2/150:  32%|███▏      | 144/449 [00:00<00:01, 213.42it/s]
Epoch 2/150:  37%|███▋      | 166/449 [00:00<00:01, 206.63it/s]
Epoch 2/150:  42%|████▏     | 189/449 [00:00<00:01, 212.44it/s]
Epoch 2/150:  47%|████▋     | 211/449 [00:01<00:01, 209.72it/s]
Epoch 2/150:  52%|█████▏    | 233/449 [00:01<00:01, 211.09it/s]
Epoch 2/150:  57%|█████▋    | 257/449 [00:01<00:00, 218.55it/s]
Epoch 2/150:  62%|██████▏   | 279/449 [00:01<00:00, 206.83it/s]
Epoch 2/150:  68%|██████▊   | 305/449 [00:01<00:00, 220.10it/s]
Epoch 2/150:  73%|███████▎  | 328/449 [00:01<00:00, 205.57it/s]
Epoch 2/150:  79%|███████▉  | 355/449 [00:01<00:00, 223.16it/s]
Epoch 2/150:  84%|████████▍ | 378/449 [00:01<00:00, 208.27it/s]
Epoch 2/150:  90%|█████████ | 405/449 [00:01<00:00, 223.69it/s]
Epoch 2/150:  95%|█████████▌| 428/449 [00:02<00:00, 208.11it/s]
Epoch 2/150: 100%|██████████| 449/449 [00:02<00:00, 202.12it/s]

Epoch 3/150:   0%|          | 0/449 [00:00<?, ?it/s]
Epoch 3/150:   0%|          | 1/449 [00:00<00:50,  8.96it/s]
Epoch 3/150:   6%|▌         | 28/449 [00:00<00:02, 153.21it/s]
Epoch 3/150:  10%|█         | 47/449 [00:00<00:02, 167.76it/s]
Epoch 3/150:  16%|█▌        | 72/449 [00:00<00:01, 198.34it/s]
Epoch 3/150:  21%|██        | 93/449 [00:00<00:01, 194.52it/s]
Epoch 3/150:  26%|██▌       | 116/449 [00:00<00:01, 204.43it/s]
Epoch 3/150:  31%|███       | 138/449 [00:00<00:01, 208.74it/s]
Epoch 3/150:  36%|███▌      | 160/449 [00:00<00:01, 211.89it/s]
Epoch 3/150:  41%|████▏     | 186/449 [00:00<00:01, 226.36it/s]
Epoch 3/150:  47%|████▋     | 209/449 [00:01<00:01, 210.17it/s]
Epoch 3/150:  53%|█████▎    | 236/449 [00:01<00:00, 224.77it/s]
Epoch 3/150:  58%|█████▊    | 259/449 [00:01<00:00, 211.69it/s]
Epoch 3/150:  64%|██████▎   | 286/449 [00:01<00:00, 225.92it/s]
Epoch 3/150:  69%|██████▉   | 309/449 [00:01<00:00, 213.84it/s]
Epoch 3/150:  75%|███████▍  | 336/449 [00:01<00:00, 228.62it/s]
Epoch 3/150:  80%|████████  | 360/449 [00:01<00:00, 216.19it/s]
Epoch 3/150:  86%|████████▌ | 386/449 [00:01<00:00, 227.51it/s]
Epoch 3/150:  91%|█████████▏| 410/449 [00:01<00:00, 218.92it/s]
Epoch 3/150:  97%|█████████▋| 434/449 [00:02<00:00, 224.41it/s]
Epoch 3/150: 100%|██████████| 449/449 [00:02<00:00, 207.40it/s]

Epoch 4/150:   0%|          | 0/449 [00:00<?, ?it/s]
Epoch 4/150:   0%|          | 1/449 [00:00<00:51,  8.75it/s]
Epoch 4/150:   5%|▌         | 23/449 [00:00<00:03, 124.82it/s]
Epoch 4/150:  10%|█         | 46/449 [00:00<00:02, 170.09it/s]
Epoch 4/150:  16%|█▋        | 73/449 [00:00<00:01, 203.97it/s]
Epoch 4/150:  21%|██        | 94/449 [00:00<00:01, 193.64it/s]
Epoch 4/150:  27%|██▋       | 121/449 [00:00<00:01, 215.88it/s]
Epoch 4/150:  32%|███▏      | 143/449 [00:00<00:01, 202.76it/s]
Epoch 4/150:  38%|███▊      | 169/449 [00:00<00:01, 217.66it/s]
Epoch 4/150:  43%|████▎     | 192/449 [00:00<00:01, 207.97it/s]
Epoch 4/150:  48%|████▊     | 217/449 [00:01<00:01, 219.52it/s]
Epoch 4/150:  53%|█████▎    | 240/449 [00:01<00:00, 212.46it/s]
Epoch 4/150:  59%|█████▉    | 265/449 [00:01<00:00, 221.08it/s]
Epoch 4/150:  64%|██████▍   | 288/449 [00:01<00:00, 217.01it/s]
Epoch 4/150:  69%|██████▉   | 312/449 [00:01<00:00, 221.10it/s]
Epoch 4/150:  75%|███████▌  | 337/449 [00:01<00:00, 226.14it/s]
Epoch 4/150:  80%|████████  | 360/449 [00:01<00:00, 218.45it/s]
Epoch 4/150:  86%|████████▌ | 387/449 [00:01<00:00, 231.89it/s]
Epoch 4/150:  92%|█████████▏| 411/449 [00:01<00:00, 216.87it/s]
Epoch 4/150:  98%|█████████▊| 438/449 [00:02<00:00, 230.30it/s]
Epoch 4/150: 100%|██████████| 449/449 [00:02<00:00, 205.57it/s]

Epoch 5/150:   0%|          | 0/449 [00:00<?, ?it/s]
Epoch 5/150:   0%|          | 1/449 [00:00<01:02,  7.23it/s]
Epoch 5/150:   5%|▌         | 24/449 [00:00<00:03, 119.44it/s]
Epoch 5/150:  11%|█         | 50/449 [00:00<00:02, 176.14it/s]
Epoch 5/150:  16%|█▌        | 70/449 [00:00<00:02, 177.44it/s]
Epoch 5/150:  21%|██▏       | 96/449 [00:00<00:01, 204.60it/s]
Epoch 5/150:  26%|██▋       | 118/449 [00:00<00:01, 200.69it/s]
Epoch 5/150:  32%|███▏      | 143/449 [00:00<00:01, 215.83it/s]
Epoch 5/150:  37%|███▋      | 165/449 [00:00<00:01, 207.53it/s]
Epoch 5/150:  42%|████▏     | 189/449 [00:00<00:01, 216.14it/s]
Epoch 5/150:  47%|████▋     | 211/449 [00:01<00:01, 214.17it/s]
Epoch 5/150:  52%|█████▏    | 233/449 [00:01<00:01, 214.82it/s]
Epoch 5/150:  57%|█████▋    | 258/449 [00:01<00:00, 224.65it/s]
Epoch 5/150:  63%|██████▎   | 281/449 [00:01<00:00, 214.39it/s]
Epoch 5/150:  69%|██████▉   | 309/449 [00:01<00:00, 232.08it/s]
Epoch 5/150:  74%|███████▍  | 333/449 [00:01<00:00, 215.11it/s]
Epoch 5/150:  80%|████████  | 360/449 [00:01<00:00, 228.87it/s]
Epoch 5/150:  86%|████████▌ | 384/449 [00:01<00:00, 211.66it/s]
Epoch 5/150:  92%|█████████▏| 411/449 [00:01<00:00, 226.09it/s]
Epoch 5/150:  97%|█████████▋| 435/449 [00:02<00:00, 210.47it/s]
Epoch 5/150: 100%|██████████| 449/449 [00:02<00:00, 202.76it/s]

Epoch 6/150:   0%|          | 0/449 [00:00<?, ?it/s]
Epoch 6/150:   0%|          | 1/449 [00:00<00:49,  8.99it/s]
Epoch 6/150:   6%|▌         | 27/449 [00:00<00:02, 148.80it/s]
Epoch 6/150:  10%|█         | 46/449 [00:00<00:02, 165.21it/s]
Epoch 6/150:  16%|█▌        | 71/449 [00:00<00:01, 196.14it/s]
Epoch 6/150:  20%|██        | 92/449 [00:00<00:01, 200.96it/s]
Epoch 6/150:  25%|██▌       | 114/449 [00:00<00:01, 205.95it/s]
Epoch 6/150:  31%|███       | 139/449 [00:00<00:01, 220.02it/s]
Epoch 6/150:  36%|███▌      | 162/449 [00:00<00:01, 211.57it/s]
Epoch 6/150:  42%|████▏     | 189/449 [00:00<00:01, 225.96it/s]
Epoch 6/150:  47%|████▋     | 212/449 [00:01<00:01, 212.41it/s]
Epoch 6/150:  53%|█████▎    | 240/449 [00:01<00:00, 230.17it/s]
Epoch 6/150:  59%|█████▉    | 264/449 [00:01<00:00, 218.11it/s]
Epoch 6/150:  64%|██████▍   | 289/449 [00:01<00:00, 225.50it/s]
Epoch 6/150:  69%|██████▉   | 312/449 [00:01<00:00, 213.73it/s]
Epoch 6/150:  75%|███████▌  | 338/449 [00:01<00:00, 225.35it/s]
Epoch 6/150:  80%|████████  | 361/449 [00:01<00:00, 214.79it/s]
Epoch 6/150:  86%|████████▌ | 385/449 [00:01<00:00, 220.86it/s]
Epoch 6/150:  91%|█████████ | 408/449 [00:01<00:00, 212.61it/s]
Epoch 6/150:  96%|█████████▋| 433/449 [00:02<00:00, 222.14it/s]
Epoch 6/150: 100%|██████████| 449/449 [00:02<00:00, 206.72it/s]

Epoch 7/150:   0%|          | 0/449 [00:00<?, ?it/s]
Epoch 7/150:   0%|          | 1/449 [00:00<00:50,  8.93it/s]
Epoch 7/150:   4%|▍         | 19/449 [00:00<00:04, 103.34it/s]
Epoch 7/150:   7%|▋         | 30/449 [00:00<00:05, 76.03it/s] 
Epoch 7/150:  12%|█▏        | 53/449 [00:00<00:03, 123.65it/s]
Epoch 7/150:  18%|█▊        | 80/449 [00:00<00:02, 168.40it/s]
Epoch 7/150:  22%|██▏       | 99/449 [00:00<00:02, 167.53it/s]
Epoch 7/150:  28%|██▊       | 126/449 [00:00<00:01, 197.21it/s]
Epoch 7/150:  33%|███▎      | 147/449 [00:00<00:01, 194.07it/s]
Epoch 7/150:  38%|███▊      | 172/449 [00:01<00:01, 210.00it/s]
Epoch 7/150:  43%|████▎     | 194/449 [00:01<00:01, 208.95it/s]
Epoch 7/150:  48%|████▊     | 217/449 [00:01<00:01, 213.91it/s]
Epoch 7/150:  54%|█████▍    | 242/449 [00:01<00:00, 216.48it/s]
Epoch 7/150:  59%|█████▉    | 264/449 [00:01<00:00, 212.43it/s]
Epoch 7/150:  65%|██████▍   | 291/449 [00:01<00:00, 227.12it/s]
Epoch 7/150:  70%|██████▉   | 314/449 [00:01<00:00, 211.27it/s]
Epoch 7/150:  76%|███████▌  | 340/449 [00:01<00:00, 224.51it/s]
Epoch 7/150:  81%|████████  | 363/449 [00:01<00:00, 209.45it/s]
Epoch 7/150:  87%|████████▋ | 390/449 [00:02<00:00, 224.16it/s]
Epoch 7/150:  92%|█████████▏| 413/449 [00:02<00:00, 211.97it/s]
Epoch 7/150:  98%|█████████▊| 440/449 [00:02<00:00, 226.83it/s]
Epoch 7/150: 100%|██████████| 449/449 [00:02<00:00, 190.52it/s]

Epoch 8/150:   0%|          | 0/449 [00:00<?, ?it/s]
Epoch 8/150:   0%|          | 1/449 [00:00<00:49,  8.97it/s]
Epoch 8/150:   4%|▍         | 18/449 [00:00<00:04, 97.97it/s]
Epoch 8/150:  10%|█         | 45/449 [00:00<00:02, 173.83it/s]
Epoch 8/150:  14%|█▍        | 65/449 [00:00<00:02, 182.45it/s]
Epoch 8/150:  19%|█▉        | 87/449 [00:00<00:01, 193.48it/s]
Epoch 8/150:  24%|██▍       | 110/449 [00:00<00:01, 202.24it/s]
Epoch 8/150:  29%|██▉       | 131/449 [00:00<00:01, 204.19it/s]
Epoch 8/150:  35%|███▍      | 157/449 [00:00<00:01, 219.99it/s]
Epoch 8/150:  40%|████      | 180/449 [00:00<00:01, 205.08it/s]
Epoch 8/150:  46%|████▌     | 207/449 [00:01<00:01, 222.21it/s]
Epoch 8/150:  51%|█████     | 230/449 [00:01<00:01, 204.77it/s]
Epoch 8/150:  57%|█████▋    | 257/449 [00:01<00:00, 221.80it/s]
Epoch 8/150:  62%|██████▏   | 280/449 [00:01<00:00, 214.76it/s]
Epoch 8/150:  68%|██████▊   | 306/449 [00:01<00:00, 225.59it/s]
Epoch 8/150:  73%|███████▎  | 329/449 [00:01<00:00, 217.12it/s]
Epoch 8/150:  79%|███████▊  | 353/449 [00:01<00:00, 222.85it/s]
Epoch 8/150:  84%|████████▎ | 376/449 [00:01<00:00, 217.68it/s]
Epoch 8/150:  89%|████████▊ | 398/449 [00:01<00:00, 216.06it/s]
Epoch 8/150:  94%|█████████▍| 423/449 [00:02<00:00, 218.30it/s]
Epoch 8/150:  99%|█████████▉| 445/449 [00:02<00:00, 217.50it/s]
Epoch 8/150: 100%|██████████| 449/449 [00:02<00:00, 201.95it/s]

Epoch 9/150:   0%|          | 0/449 [00:00<?, ?it/s]
Epoch 9/150:   0%|          | 1/449 [00:00<00:51,  8.64it/s]
Epoch 9/150:   6%|▌         | 28/449 [00:00<00:02, 150.19it/s]
Epoch 9/150:  11%|█         | 48/449 [00:00<00:02, 168.57it/s]
Epoch 9/150:  16%|█▌        | 71/449 [00:00<00:01, 191.50it/s]
Epoch 9/150:  21%|██        | 93/449 [00:00<00:01, 198.97it/s]
Epoch 9/150:  25%|██▌       | 114/449 [00:00<00:01, 202.19it/s]
Epoch 9/150:  31%|███       | 139/449 [00:00<00:01, 217.35it/s]
Epoch 9/150:  36%|███▌      | 161/449 [00:00<00:01, 204.49it/s]
Epoch 9/150:  42%|████▏     | 187/449 [00:00<00:01, 218.34it/s]
Epoch 9/150:  47%|████▋     | 210/449 [00:01<00:01, 206.49it/s]
Epoch 9/150:  53%|█████▎    | 237/449 [00:01<00:00, 222.72it/s]
Epoch 9/150:  58%|█████▊    | 260/449 [00:01<00:00, 207.59it/s]
Epoch 9/150:  64%|██████▎   | 286/449 [00:01<00:00, 221.64it/s]
Epoch 9/150:  69%|██████▉   | 309/449 [00:01<00:00, 208.99it/s]
Epoch 9/150:  75%|███████▌  | 337/449 [00:01<00:00, 225.99it/s]
Epoch 9/150:  80%|████████  | 360/449 [00:01<00:00, 212.12it/s]
Epoch 9/150:  86%|████████▋ | 388/449 [00:01<00:00, 227.97it/s]
Epoch 9/150:  92%|█████████▏| 412/449 [00:02<00:00, 212.13it/s]
Epoch 9/150:  98%|█████████▊| 439/449 [00:02<00:00, 225.13it/s]
Epoch 9/150: 100%|██████████| 449/449 [00:02<00:00, 203.15it/s]

Epoch 10/150:   0%|          | 0/449 [00:00<?, ?it/s]
Epoch 10/150:   0%|          | 1/449 [00:00<00:50,  8.91it/s]
Epoch 10/150:   5%|▍         | 21/449 [00:00<00:03, 114.73it/s]
Epoch 10/150:  10%|█         | 47/449 [00:00<00:02, 178.83it/s]
Epoch 10/150:  15%|█▍        | 66/449 [00:00<00:02, 182.22it/s]
Epoch 10/150:  20%|█▉        | 88/449 [00:00<00:01, 193.52it/s]
Epoch 10/150:  25%|██▍       | 111/449 [00:00<00:01, 200.33it/s]
Epoch 10/150:  29%|██▉       | 132/449 [00:00<00:01, 198.72it/s]
Epoch 10/150:  35%|███▌      | 158/449 [00:00<00:01, 216.51it/s]
Epoch 10/150:  40%|████      | 180/449 [00:00<00:01, 204.57it/s]
Epoch 10/150:  46%|████▌     | 207/449 [00:01<00:01, 222.53it/s]
Epoch 10/150:  51%|█████     | 230/449 [00:01<00:01, 208.10it/s]
Epoch 10/150:  57%|█████▋    | 257/449 [00:01<00:00, 223.91it/s]
Epoch 10/150:  62%|██████▏   | 280/449 [00:01<00:00, 213.09it/s]
Epoch 10/150:  68%|██████▊   | 307/449 [00:01<00:00, 226.04it/s]
Epoch 10/150:  73%|███████▎  | 330/449 [00:01<00:00, 211.82it/s]
Epoch 10/150:  79%|███████▉  | 356/449 [00:01<00:00, 223.61it/s]
Epoch 10/150:  84%|████████▍ | 379/449 [00:01<00:00, 212.96it/s]
Epoch 10/150:  90%|█████████ | 405/449 [00:01<00:00, 223.43it/s]
Epoch 10/150:  95%|█████████▌| 428/449 [00:02<00:00, 211.77it/s]
Epoch 10/150: 100%|██████████| 449/449 [00:02<00:00, 201.66it/s]

Epoch 11/150:   0%|          | 0/449 [00:00<?, ?it/s]
Epoch 11/150:   0%|          | 1/449 [00:00<00:51,  8.63it/s]
Epoch 11/150:   6%|▌         | 25/449 [00:00<00:03, 136.22it/s]
Epoch 11/150:  10%|▉         | 44/449 [00:00<00:02, 156.78it/s]
Epoch 11/150:  15%|█▌        | 68/449 [00:00<00:02, 187.70it/s]
Epoch 11/150:  20%|█▉        | 89/449 [00:00<00:01, 194.22it/s]
Epoch 11/150:  24%|██▍       | 110/449 [00:00<00:01, 199.36it/s]
Epoch 11/150:  30%|███       | 136/449 [00:00<00:01, 212.88it/s]
Epoch 11/150:  35%|███▌      | 158/449 [00:00<00:01, 201.14it/s]
Epoch 11/150:  41%|████      | 184/449 [00:00<00:01, 217.82it/s]
Epoch 11/150:  46%|████▌     | 206/449 [00:01<00:01, 205.93it/s]
Epoch 11/150:  52%|█████▏    | 233/449 [00:01<00:00, 221.71it/s]
Epoch 11/150:  57%|█████▋    | 256/449 [00:01<00:00, 209.27it/s]
Epoch 11/150:  63%|██████▎   | 282/449 [00:01<00:00, 222.48it/s]
Epoch 11/150:  68%|██████▊   | 305/449 [00:01<00:00, 207.28it/s]
Epoch 11/150:  74%|███████▍  | 332/449 [00:01<00:00, 223.30it/s]
Epoch 11/150:  79%|███████▉  | 355/449 [00:01<00:00, 213.75it/s]
Epoch 11/150:  85%|████████▍ | 380/449 [00:01<00:00, 223.55it/s]
Epoch 11/150:  90%|████████▉ | 403/449 [00:01<00:00, 214.78it/s]
Epoch 11/150:  95%|█████████▌| 428/449 [00:02<00:00, 222.70it/s]
Epoch 11/150: 100%|██████████| 449/449 [00:02<00:00, 201.46it/s]

Epoch 12/150:   0%|          | 0/449 [00:00<?, ?it/s]
Epoch 12/150:   0%|          | 1/449 [00:00<00:55,  8.01it/s]
Epoch 12/150:   5%|▍         | 21/449 [00:00<00:03, 110.23it/s]
Epoch 12/150:  11%|█         | 48/449 [00:00<00:02, 178.52it/s]
Epoch 12/150:  15%|█▍        | 67/449 [00:00<00:02, 179.30it/s]
Epoch 12/150:  21%|██        | 93/449 [00:00<00:01, 206.26it/s]
Epoch 12/150:  26%|██▌       | 115/449 [00:00<00:01, 201.73it/s]
Epoch 12/150:  31%|███       | 139/449 [00:00<00:01, 213.05it/s]
Epoch 12/150:  36%|███▌      | 161/449 [00:00<00:01, 211.15it/s]
Epoch 12/150:  41%|████      | 183/449 [00:00<00:01, 213.58it/s]
Epoch 12/150:  46%|████▋     | 208/449 [00:01<00:01, 221.61it/s]
Epoch 12/150:  51%|█████▏    | 231/449 [00:01<00:01, 213.12it/s]
Epoch 12/150:  57%|█████▋    | 256/449 [00:01<00:00, 221.99it/s]
Epoch 12/150:  62%|██████▏   | 279/449 [00:01<00:00, 212.37it/s]
Epoch 12/150:  68%|██████▊   | 307/449 [00:01<00:00, 229.31it/s]
Epoch 12/150:  74%|███████▎  | 331/449 [00:01<00:00, 213.63it/s]
Epoch 12/150:  80%|███████▉  | 357/449 [00:01<00:00, 225.63it/s]
Epoch 12/150:  85%|████████▍ | 380/449 [00:01<00:00, 212.26it/s]
Epoch 12/150:  91%|█████████ | 407/449 [00:01<00:00, 226.85it/s]
Epoch 12/150:  96%|█████████▌| 431/449 [00:02<00:00, 211.80it/s]
Epoch 12/150: 100%|██████████| 449/449 [00:02<00:00, 204.10it/s]

Epoch 13/150:   0%|          | 0/449 [00:00<?, ?it/s]
Epoch 13/150:   0%|          | 1/449 [00:00<00:49,  9.04it/s]
Epoch 13/150:   6%|▋         | 29/449 [00:00<00:02, 160.68it/s]
Epoch 13/150:  11%|█         | 49/449 [00:00<00:02, 174.29it/s]
Epoch 13/150:  16%|█▋        | 73/449 [00:00<00:01, 197.27it/s]
Epoch 13/150:  21%|██        | 94/449 [00:00<00:01, 201.65it/s]
Epoch 13/150:  26%|██▌       | 116/449 [00:00<00:01, 205.63it/s]
Epoch 13/150:  32%|███▏      | 143/449 [00:00<00:01, 223.32it/s]
Epoch 13/150:  37%|███▋      | 166/449 [00:00<00:01, 208.29it/s]
Epoch 13/150:  43%|████▎     | 192/449 [00:00<00:01, 221.01it/s]
Epoch 13/150:  48%|████▊     | 215/449 [00:01<00:01, 206.44it/s]
Epoch 13/150:  54%|█████▍    | 242/449 [00:01<00:00, 222.01it/s]
Epoch 13/150:  59%|█████▉    | 265/449 [00:01<00:00, 208.26it/s]
Epoch 13/150:  65%|██████▌   | 292/449 [00:01<00:00, 224.77it/s]
Epoch 13/150:  70%|███████   | 315/449 [00:01<00:00, 208.96it/s]
Epoch 13/150:  76%|███████▋  | 343/449 [00:01<00:00, 226.10it/s]
Epoch 13/150:  82%|████████▏ | 367/449 [00:01<00:00, 210.18it/s]
Epoch 13/150:  88%|████████▊ | 394/449 [00:01<00:00, 226.03it/s]
Epoch 13/150:  93%|█████████▎| 418/449 [00:02<00:00, 211.58it/s]
Epoch 13/150:  99%|█████████▉| 446/449 [00:02<00:00, 228.27it/s]
Epoch 13/150: 100%|██████████| 449/449 [00:02<00:00, 205.83it/s]

Epoch 14/150:   0%|          | 0/449 [00:00<?, ?it/s]
Epoch 14/150:   0%|          | 1/449 [00:00<00:50,  8.84it/s]
Epoch 14/150:   6%|▌         | 25/449 [00:00<00:03, 132.73it/s]
Epoch 14/150:  10%|█         | 47/449 [00:00<00:02, 169.29it/s]
Epoch 14/150:  16%|█▋        | 73/449 [00:00<00:01, 203.08it/s]
Epoch 14/150:  21%|██        | 94/449 [00:00<00:01, 192.99it/s]
Epoch 14/150:  27%|██▋       | 121/449 [00:00<00:01, 216.86it/s]
Epoch 14/150:  32%|███▏      | 143/449 [00:00<00:01, 207.33it/s]
Epoch 14/150:  38%|███▊      | 169/449 [00:00<00:01, 221.59it/s]
Epoch 14/150:  43%|████▎     | 192/449 [00:00<00:01, 213.53it/s]
Epoch 14/150:  48%|████▊     | 216/449 [00:01<00:01, 220.33it/s]
Epoch 14/150:  53%|█████▎    | 239/449 [00:01<00:00, 216.27it/s]
Epoch 14/150:  58%|█████▊    | 261/449 [00:01<00:00, 216.88it/s]
Epoch 14/150:  63%|██████▎   | 285/449 [00:01<00:00, 222.61it/s]
Epoch 14/150:  69%|██████▊   | 308/449 [00:01<00:00, 212.46it/s]
Epoch 14/150:  74%|███████▍  | 334/449 [00:01<00:00, 225.85it/s]
Epoch 14/150:  80%|███████▉  | 357/449 [00:01<00:00, 210.97it/s]
Epoch 14/150:  86%|████████▌ | 384/449 [00:01<00:00, 225.36it/s]
Epoch 14/150:  91%|█████████ | 407/449 [00:01<00:00, 208.12it/s]
Epoch 14/150:  97%|█████████▋| 434/449 [00:02<00:00, 224.21it/s]
Epoch 14/150: 100%|██████████| 449/449 [00:02<00:00, 204.02it/s]

Epoch 15/150:   0%|          | 0/449 [00:00<?, ?it/s]
Epoch 15/150:   0%|          | 1/449 [00:00<00:50,  8.94it/s]
Epoch 15/150:   4%|▍         | 18/449 [00:00<00:04, 97.12it/s]
Epoch 15/150:  10%|▉         | 44/449 [00:00<00:02, 167.67it/s]
Epoch 15/150:  14%|█▍        | 64/449 [00:00<00:02, 177.97it/s]
Epoch 15/150:  19%|█▉        | 87/449 [00:00<00:01, 195.90it/s]
Epoch 15/150:  25%|██▍       | 112/449 [00:00<00:01, 205.89it/s]
Epoch 15/150:  30%|██▉       | 133/449 [00:00<00:01, 202.83it/s]
Epoch 15/150:  36%|███▌      | 160/449 [00:00<00:01, 220.47it/s]
Epoch 15/150:  41%|████      | 183/449 [00:00<00:01, 206.47it/s]
Epoch 15/150:  47%|████▋     | 210/449 [00:01<00:01, 222.23it/s]
Epoch 15/150:  52%|█████▏    | 233/449 [00:01<00:01, 209.45it/s]
Epoch 15/150:  58%|█████▊    | 260/449 [00:01<00:00, 225.52it/s]
Epoch 15/150:  63%|██████▎   | 283/449 [00:01<00:00, 210.20it/s]
Epoch 15/150:  69%|██████▉   | 310/449 [00:01<00:00, 226.28it/s]
Epoch 15/150:  74%|███████▍  | 334/449 [00:01<00:00, 211.02it/s]
Epoch 15/150:  81%|████████  | 362/449 [00:01<00:00, 227.19it/s]
Epoch 15/150:  86%|████████▌ | 386/449 [00:01<00:00, 215.88it/s]
Epoch 15/150:  91%|█████████ | 408/449 [00:02<00:00, 155.23it/s]
Epoch 15/150:  97%|█████████▋| 436/449 [00:02<00:00, 180.29it/s]
Epoch 15/150: 100%|██████████| 449/449 [00:02<00:00, 190.24it/s]

Epoch 16/150:   0%|          | 0/449 [00:00<?, ?it/s]
Epoch 16/150:   0%|          | 1/449 [00:00<00:50,  8.79it/s]
Epoch 16/150:   5%|▍         | 21/449 [00:00<00:03, 113.07it/s]
Epoch 16/150:  11%|█         | 48/449 [00:00<00:02, 181.58it/s]
Epoch 16/150:  15%|█▍        | 67/449 [00:00<00:02, 180.11it/s]
Epoch 16/150:  21%|██        | 93/449 [00:00<00:01, 207.34it/s]
Epoch 16/150:  26%|██▌       | 115/449 [00:00<00:01, 199.71it/s]
Epoch 16/150:  31%|███       | 139/449 [00:00<00:01, 211.86it/s]
Epoch 16/150:  36%|███▌      | 161/449 [00:00<00:01, 213.14it/s]
Epoch 16/150:  41%|████      | 183/449 [00:00<00:01, 210.65it/s]
Epoch 16/150:  46%|████▌     | 207/449 [00:01<00:01, 219.20it/s]
Epoch 16/150:  51%|█████     | 230/449 [00:01<00:01, 208.91it/s]
Epoch 16/150:  57%|█████▋    | 257/449 [00:01<00:00, 223.99it/s]
Epoch 16/150:  62%|██████▏   | 280/449 [00:01<00:00, 209.08it/s]
Epoch 16/150:  68%|██████▊   | 306/449 [00:01<00:00, 220.55it/s]
Epoch 16/150:  73%|███████▎  | 329/449 [00:01<00:00, 207.50it/s]
Epoch 16/150:  79%|███████▉  | 356/449 [00:01<00:00, 222.45it/s]
Epoch 16/150:  84%|████████▍ | 379/449 [00:01<00:00, 211.48it/s]
Epoch 16/150:  90%|█████████ | 406/449 [00:01<00:00, 226.91it/s]
Epoch 16/150:  96%|█████████▌| 430/449 [00:02<00:00, 215.13it/s]
Epoch 16/150: 100%|██████████| 449/449 [00:02<00:00, 202.63it/s]

Epoch 17/150:   0%|          | 0/449 [00:00<?, ?it/s]
Epoch 17/150:   0%|          | 1/449 [00:00<00:51,  8.67it/s]
Epoch 17/150:   6%|▌         | 28/449 [00:00<00:02, 152.43it/s]
Epoch 17/150:  10%|█         | 46/449 [00:00<00:02, 162.49it/s]
Epoch 17/150:  16%|█▌        | 72/449 [00:00<00:01, 197.64it/s]
Epoch 17/150:  21%|██        | 93/449 [00:00<00:01, 196.85it/s]
Epoch 17/150:  26%|██▌       | 117/449 [00:00<00:01, 210.83it/s]
Epoch 17/150:  31%|███       | 139/449 [00:00<00:01, 212.26it/s]
Epoch 17/150:  36%|███▌      | 161/449 [00:00<00:01, 212.37it/s]
Epoch 17/150:  42%|████▏     | 187/449 [00:00<00:01, 223.31it/s]
Epoch 17/150:  47%|████▋     | 210/449 [00:01<00:01, 213.06it/s]
Epoch 17/150:  53%|█████▎    | 236/449 [00:01<00:00, 225.65it/s]
Epoch 17/150:  58%|█████▊    | 259/449 [00:01<00:00, 212.92it/s]
Epoch 17/150:  64%|██████▎   | 286/449 [00:01<00:00, 226.63it/s]
Epoch 17/150:  69%|██████▉   | 309/449 [00:01<00:00, 211.30it/s]
Epoch 17/150:  75%|███████▍  | 335/449 [00:01<00:00, 224.17it/s]
Epoch 17/150:  80%|███████▉  | 358/449 [00:01<00:00, 208.34it/s]
Epoch 17/150:  86%|████████▌ | 385/449 [00:01<00:00, 223.44it/s]
Epoch 17/150:  91%|█████████ | 408/449 [00:01<00:00, 212.32it/s]
Epoch 17/150:  97%|█████████▋| 435/449 [00:02<00:00, 227.79it/s]
Epoch 17/150: 100%|██████████| 449/449 [00:02<00:00, 205.42it/s]

Epoch 18/150:   0%|          | 0/449 [00:00<?, ?it/s]
Epoch 18/150:   0%|          | 1/449 [00:00<00:50,  8.85it/s]
Epoch 18/150:   4%|▍         | 18/449 [00:00<00:04, 98.47it/s]
Epoch 18/150:  10%|▉         | 43/449 [00:00<00:02, 165.28it/s]
Epoch 18/150:  14%|█▍        | 64/449 [00:00<00:02, 179.91it/s]
Epoch 18/150:  19%|█▉        | 87/449 [00:00<00:01, 195.33it/s]
Epoch 18/150:  24%|██▍       | 110/449 [00:00<00:01, 201.67it/s]
Epoch 18/150:  29%|██▉       | 131/449 [00:00<00:01, 204.17it/s]
Epoch 18/150:  35%|███▍      | 157/449 [00:00<00:01, 221.49it/s]
Epoch 18/150:  40%|████      | 180/449 [00:00<00:01, 207.20it/s]
Epoch 18/150:  46%|████▌     | 207/449 [00:01<00:01, 222.98it/s]
Epoch 18/150:  51%|█████     | 230/449 [00:01<00:01, 209.30it/s]
Epoch 18/150:  57%|█████▋    | 257/449 [00:01<00:00, 225.93it/s]
Epoch 18/150:  62%|██████▏   | 280/449 [00:01<00:00, 215.74it/s]
Epoch 18/150:  68%|██████▊   | 305/449 [00:01<00:00, 223.18it/s]
Epoch 18/150:  73%|███████▎  | 328/449 [00:01<00:00, 210.19it/s]
Epoch 18/150:  79%|███████▉  | 354/449 [00:01<00:00, 221.59it/s]
Epoch 18/150:  84%|████████▍ | 377/449 [00:01<00:00, 211.92it/s]
Epoch 18/150:  89%|████████▉ | 401/449 [00:01<00:00, 219.60it/s]
Epoch 18/150:  94%|█████████▍| 424/449 [00:02<00:00, 211.90it/s]
Epoch 18/150: 100%|█████████▉| 448/449 [00:02<00:00, 217.73it/s]
Epoch 18/150: 100%|██████████| 449/449 [00:02<00:00, 201.08it/s]

Epoch 19/150:   0%|          | 0/449 [00:00<?, ?it/s]
Epoch 19/150:   0%|          | 1/449 [00:00<00:48,  9.17it/s]
Epoch 19/150:   6%|▋         | 29/449 [00:00<00:02, 160.02it/s]
Epoch 19/150:  11%|█         | 48/449 [00:00<00:02, 171.38it/s]
Epoch 19/150:  16%|█▌        | 72/449 [00:00<00:01, 196.98it/s]
Epoch 19/150:  21%|██        | 94/449 [00:00<00:01, 202.70it/s]
Epoch 19/150:  26%|██▌       | 116/449 [00:00<00:01, 206.19it/s]
Epoch 19/150:  32%|███▏      | 142/449 [00:00<00:01, 219.05it/s]
Epoch 19/150:  37%|███▋      | 164/449 [00:00<00:01, 207.07it/s]
Epoch 19/150:  42%|████▏     | 190/449 [00:00<00:01, 220.95it/s]
Epoch 19/150:  47%|████▋     | 213/449 [00:01<00:01, 205.65it/s]
Epoch 19/150:  53%|█████▎    | 240/449 [00:01<00:00, 221.25it/s]
Epoch 19/150:  59%|█████▊    | 263/449 [00:01<00:00, 207.43it/s]
Epoch 19/150:  65%|██████▍   | 290/449 [00:01<00:00, 224.46it/s]
Epoch 19/150:  70%|██████▉   | 313/449 [00:01<00:00, 214.93it/s]
Epoch 19/150:  76%|███████▌  | 339/449 [00:01<00:00, 226.47it/s]
Epoch 19/150:  81%|████████  | 362/449 [00:01<00:00, 212.65it/s]
Epoch 19/150:  86%|████████▌ | 387/449 [00:01<00:00, 222.02it/s]
Epoch 19/150:  91%|█████████▏| 410/449 [00:01<00:00, 211.73it/s]
Epoch 19/150:  97%|█████████▋| 435/449 [00:02<00:00, 221.42it/s]
Epoch 19/150: 100%|██████████| 449/449 [00:02<00:00, 205.38it/s]

Epoch 20/150:   0%|          | 0/449 [00:00<?, ?it/s]
Epoch 20/150:   0%|          | 1/449 [00:00<00:49,  9.01it/s]
Epoch 20/150:   5%|▍         | 22/449 [00:00<00:03, 120.06it/s]
Epoch 20/150:  10%|█         | 47/449 [00:00<00:02, 175.21it/s]
Epoch 20/150:  16%|█▋        | 73/449 [00:00<00:01, 207.62it/s]
Epoch 20/150:  21%|██        | 95/449 [00:00<00:01, 205.13it/s]
Epoch 20/150:  27%|██▋       | 123/449 [00:00<00:01, 226.65it/s]
Epoch 20/150:  33%|███▎      | 146/449 [00:00<00:01, 205.25it/s]
Epoch 20/150:  39%|███▊      | 173/449 [00:00<00:01, 223.20it/s]
Epoch 20/150:  44%|████▎     | 196/449 [00:00<00:01, 208.81it/s]
Epoch 20/150:  49%|████▉     | 221/449 [00:01<00:01, 219.97it/s]
Epoch 20/150:  54%|█████▍    | 244/449 [00:01<00:00, 209.54it/s]
Epoch 20/150:  60%|██████    | 270/449 [00:01<00:00, 221.31it/s]
Epoch 20/150:  65%|██████▌   | 293/449 [00:01<00:00, 213.85it/s]
Epoch 20/150:  71%|███████   | 317/449 [00:01<00:00, 220.49it/s]
Epoch 20/150:  76%|███████▌  | 340/449 [00:01<00:00, 208.82it/s]
Epoch 20/150:  81%|████████▏ | 365/449 [00:01<00:00, 219.51it/s]
Epoch 20/150:  86%|████████▋ | 388/449 [00:01<00:00, 208.84it/s]
Epoch 20/150:  92%|█████████▏| 414/449 [00:01<00:00, 221.62it/s]
Epoch 20/150:  97%|█████████▋| 437/449 [00:02<00:00, 211.36it/s]
Epoch 20/150: 100%|██████████| 449/449 [00:02<00:00, 202.99it/s]

Epoch 21/150:   0%|          | 0/449 [00:00<?, ?it/s]
Epoch 21/150:   0%|          | 1/449 [00:00<00:52,  8.49it/s]
Epoch 21/150:   6%|▌         | 27/449 [00:00<00:02, 143.84it/s]
Epoch 21/150:  10%|█         | 46/449 [00:00<00:02, 161.24it/s]
Epoch 21/150:  16%|█▌        | 70/449 [00:00<00:01, 190.61it/s]
Epoch 21/150:  20%|██        | 92/449 [00:00<00:01, 199.51it/s]
Epoch 21/150:  25%|██▌       | 113/449 [00:00<00:01, 202.86it/s]
Epoch 21/150:  31%|███       | 139/449 [00:00<00:01, 217.45it/s]
Epoch 21/150:  36%|███▌      | 161/449 [00:00<00:01, 208.69it/s]
Epoch 21/150:  42%|████▏     | 188/449 [00:00<00:01, 226.47it/s]
Epoch 21/150:  47%|████▋     | 211/449 [00:01<00:01, 210.84it/s]
Epoch 21/150:  53%|█████▎    | 239/449 [00:01<00:00, 229.69it/s]
Epoch 21/150:  59%|█████▊    | 263/449 [00:01<00:00, 217.37it/s]
Epoch 21/150:  64%|██████▍   | 289/449 [00:01<00:00, 228.77it/s]
Epoch 21/150:  70%|██████▉   | 313/449 [00:01<00:00, 213.95it/s]
Epoch 21/150:  75%|███████▌  | 338/449 [00:01<00:00, 223.40it/s]
Epoch 21/150:  80%|████████  | 361/449 [00:01<00:00, 219.18it/s]
Epoch 21/150:  86%|████████▌ | 384/449 [00:01<00:00, 220.07it/s]
Epoch 21/150:  91%|█████████ | 409/449 [00:01<00:00, 228.19it/s]
Epoch 21/150:  96%|█████████▌| 432/449 [00:02<00:00, 218.39it/s]
Epoch 21/150: 100%|██████████| 449/449 [00:02<00:00, 206.88it/s]

Epoch 22/150:   0%|          | 0/449 [00:00<?, ?it/s]
Epoch 22/150:   0%|          | 1/449 [00:00<00:51,  8.65it/s]
Epoch 22/150:   6%|▌         | 27/449 [00:00<00:02, 145.44it/s]
Epoch 22/150:  10%|█         | 45/449 [00:00<00:02, 160.51it/s]
Epoch 22/150:  15%|█▌        | 69/449 [00:00<00:02, 189.26it/s]
Epoch 22/150:  20%|██        | 90/449 [00:00<00:01, 195.87it/s]
Epoch 22/150:  25%|██▍       | 111/449 [00:00<00:01, 199.32it/s]
Epoch 22/150:  31%|███       | 138/449 [00:00<00:01, 219.17it/s]
Epoch 22/150:  36%|███▌      | 160/449 [00:00<00:01, 203.61it/s]
Epoch 22/150:  41%|████▏     | 186/449 [00:00<00:01, 218.53it/s]
Epoch 22/150:  47%|████▋     | 209/449 [00:01<00:01, 205.05it/s]
Epoch 22/150:  52%|█████▏    | 235/449 [00:01<00:00, 219.10it/s]
Epoch 22/150:  57%|█████▋    | 258/449 [00:01<00:00, 209.77it/s]
Epoch 22/150:  63%|██████▎   | 285/449 [00:01<00:00, 224.56it/s]
Epoch 22/150:  69%|██████▊   | 308/449 [00:01<00:00, 210.04it/s]
Epoch 22/150:  75%|███████▍  | 335/449 [00:01<00:00, 224.53it/s]
Epoch 22/150:  80%|███████▉  | 358/449 [00:01<00:00, 206.82it/s]
Epoch 22/150:  86%|████████▌ | 386/449 [00:01<00:00, 224.08it/s]
Epoch 22/150:  91%|█████████ | 409/449 [00:01<00:00, 213.49it/s]
Epoch 22/150:  97%|█████████▋| 434/449 [00:02<00:00, 223.25it/s]
Epoch 22/150: 100%|██████████| 449/449 [00:02<00:00, 201.95it/s]

Epoch 23/150:   0%|          | 0/449 [00:00<?, ?it/s]
Epoch 23/150:   0%|          | 1/449 [00:00<00:50,  8.93it/s]
Epoch 23/150:   4%|▍         | 19/449 [00:00<00:04, 103.47it/s]
Epoch 23/150:  10%|█         | 45/449 [00:00<00:02, 172.56it/s]
Epoch 23/150:  14%|█▍        | 65/449 [00:00<00:02, 180.41it/s]
Epoch 23/150:  19%|█▉        | 87/449 [00:00<00:01, 194.11it/s]
Epoch 23/150:  25%|██▍       | 111/449 [00:00<00:01, 206.61it/s]
Epoch 23/150:  29%|██▉       | 132/449 [00:00<00:01, 201.14it/s]
Epoch 23/150:  35%|███▌      | 158/449 [00:00<00:01, 217.75it/s]
Epoch 23/150:  40%|████      | 180/449 [00:00<00:01, 204.31it/s]
Epoch 23/150:  46%|████▋     | 208/449 [00:01<00:01, 223.02it/s]
Epoch 23/150:  51%|█████▏    | 231/449 [00:01<00:01, 208.03it/s]
Epoch 23/150:  58%|█████▊    | 259/449 [00:01<00:00, 225.95it/s]
Epoch 23/150:  63%|██████▎   | 282/449 [00:01<00:00, 211.93it/s]
Epoch 23/150:  68%|██████▊   | 307/449 [00:01<00:00, 221.41it/s]
Epoch 23/150:  73%|███████▎  | 330/449 [00:01<00:00, 208.94it/s]
Epoch 23/150:  79%|███████▉  | 356/449 [00:01<00:00, 221.58it/s]
Epoch 23/150:  84%|████████▍ | 379/449 [00:01<00:00, 211.64it/s]
Epoch 23/150:  90%|████████▉ | 404/449 [00:01<00:00, 220.91it/s]
Epoch 23/150:  95%|█████████▌| 427/449 [00:02<00:00, 214.86it/s]
Epoch 23/150: 100%|██████████| 449/449 [00:02<00:00, 201.35it/s]

Epoch 24/150:   0%|          | 0/449 [00:00<?, ?it/s]
Epoch 24/150:   0%|          | 1/449 [00:00<00:49,  9.09it/s]
Epoch 24/150:   6%|▌         | 27/449 [00:00<00:02, 149.22it/s]
Epoch 24/150:  10%|█         | 47/449 [00:00<00:02, 170.77it/s]
Epoch 24/150:  16%|█▌        | 70/449 [00:00<00:01, 192.11it/s]
Epoch 24/150:  21%|██        | 95/449 [00:00<00:01, 212.53it/s]
Epoch 24/150:  26%|██▌       | 117/449 [00:00<00:01, 203.41it/s]
Epoch 24/150:  32%|███▏      | 144/449 [00:00<00:01, 222.93it/s]
Epoch 24/150:  37%|███▋      | 167/449 [00:00<00:01, 208.18it/s]
Epoch 24/150:  43%|████▎     | 195/449 [00:00<00:01, 226.41it/s]
Epoch 24/150:  49%|████▊     | 218/449 [00:01<00:01, 211.35it/s]
Epoch 24/150:  55%|█████▍    | 245/449 [00:01<00:00, 226.10it/s]
Epoch 24/150:  60%|█████▉    | 268/449 [00:01<00:00, 213.30it/s]
Epoch 24/150:  66%|██████▌   | 295/449 [00:01<00:00, 228.07it/s]
Epoch 24/150:  71%|███████   | 319/449 [00:01<00:00, 168.09it/s]
Epoch 24/150:  76%|███████▌  | 339/449 [00:01<00:00, 174.39it/s]
Epoch 24/150:  81%|████████  | 362/449 [00:01<00:00, 187.05it/s]
Epoch 24/150:  86%|████████▌ | 384/449 [00:01<00:00, 195.42it/s]
Epoch 24/150:  90%|█████████ | 406/449 [00:02<00:00, 200.13it/s]
Epoch 24/150:  96%|█████████▌| 432/449 [00:02<00:00, 215.22it/s]
Epoch 24/150: 100%|██████████| 449/449 [00:02<00:00, 194.48it/s]

Epoch 25/150:   0%|          | 0/449 [00:00<?, ?it/s]
Epoch 25/150:   0%|          | 1/449 [00:00<00:52,  8.47it/s]
Epoch 25/150:   5%|▌         | 23/449 [00:00<00:03, 123.81it/s]
Epoch 25/150:  11%|█         | 49/449 [00:00<00:02, 181.70it/s]
Epoch 25/150:  15%|█▌        | 68/449 [00:00<00:02, 181.32it/s]
Epoch 25/150:  21%|██▏       | 96/449 [00:00<00:01, 213.41it/s]
Epoch 25/150:  26%|██▋       | 118/449 [00:00<00:01, 205.17it/s]
Epoch 25/150:  32%|███▏      | 145/449 [00:00<00:01, 223.26it/s]
Epoch 25/150:  37%|███▋      | 168/449 [00:00<00:01, 211.77it/s]
Epoch 25/150:  43%|████▎     | 193/449 [00:00<00:01, 222.83it/s]
Epoch 25/150:  48%|████▊     | 216/449 [00:01<00:01, 215.79it/s]
Epoch 25/150:  53%|█████▎    | 239/449 [00:01<00:00, 219.31it/s]
Epoch 25/150:  59%|█████▉    | 264/449 [00:01<00:00, 225.39it/s]
Epoch 25/150:  64%|██████▍   | 287/449 [00:01<00:00, 217.22it/s]
Epoch 25/150:  70%|███████   | 315/449 [00:01<00:00, 232.43it/s]
Epoch 25/150:  76%|███████▌  | 339/449 [00:01<00:00, 217.70it/s]
Epoch 25/150:  82%|████████▏ | 366/449 [00:01<00:00, 229.79it/s]
Epoch 25/150:  87%|████████▋ | 390/449 [00:01<00:00, 212.50it/s]
Epoch 25/150:  93%|█████████▎| 417/449 [00:01<00:00, 226.55it/s]
Epoch 25/150:  98%|█████████▊| 441/449 [00:02<00:00, 212.51it/s]
Epoch 25/150: 100%|██████████| 449/449 [00:02<00:00, 205.91it/s]

Epoch 26/150:   0%|          | 0/449 [00:00<?, ?it/s]
Epoch 26/150:   0%|          | 1/449 [00:00<00:51,  8.71it/s]
Epoch 26/150:   6%|▌         | 27/449 [00:00<00:02, 146.58it/s]
Epoch 26/150:  11%|█         | 50/449 [00:00<00:02, 178.57it/s]
Epoch 26/150:  16%|█▌        | 71/449 [00:00<00:01, 189.50it/s]
Epoch 26/150:  21%|██▏       | 96/449 [00:00<00:01, 210.08it/s]
Epoch 26/150:  26%|██▋       | 118/449 [00:00<00:01, 198.77it/s]
Epoch 26/150:  32%|███▏      | 145/449 [00:00<00:01, 219.31it/s]
Epoch 26/150:  37%|███▋      | 168/449 [00:00<00:01, 206.69it/s]
Epoch 26/150:  44%|████▎     | 196/449 [00:00<00:01, 226.33it/s]
Epoch 26/150:  49%|████▉     | 219/449 [00:01<00:01, 214.50it/s]
Epoch 26/150:  55%|█████▍    | 245/449 [00:01<00:00, 225.33it/s]
Epoch 26/150:  60%|█████▉    | 268/449 [00:01<00:00, 211.97it/s]
Epoch 26/150:  65%|██████▌   | 294/449 [00:01<00:00, 224.71it/s]
Epoch 26/150:  71%|███████   | 317/449 [00:01<00:00, 213.21it/s]
Epoch 26/150:  76%|███████▌  | 342/449 [00:01<00:00, 222.56it/s]
Epoch 26/150:  81%|████████▏ | 365/449 [00:01<00:00, 213.99it/s]
Epoch 26/150:  87%|████████▋ | 389/449 [00:01<00:00, 220.79it/s]
Epoch 26/150:  92%|█████████▏| 412/449 [00:01<00:00, 216.47it/s]
Epoch 26/150:  97%|█████████▋| 434/449 [00:02<00:00, 214.98it/s]
Epoch 26/150: 100%|██████████| 449/449 [00:02<00:00, 204.73it/s]

Epoch 27/150:   0%|          | 0/449 [00:00<?, ?it/s]
Epoch 27/150:   0%|          | 1/449 [00:00<00:50,  8.92it/s]
Epoch 27/150:   6%|▌         | 25/449 [00:00<00:03, 132.78it/s]
Epoch 27/150:  11%|█         | 48/449 [00:00<00:02, 173.64it/s]
Epoch 27/150:  17%|█▋        | 76/449 [00:00<00:01, 211.89it/s]
Epoch 27/150:  22%|██▏       | 98/449 [00:00<00:01, 203.79it/s]
Epoch 27/150:  28%|██▊       | 124/449 [00:00<00:01, 221.47it/s]
Epoch 27/150:  33%|███▎      | 147/449 [00:00<00:01, 209.28it/s]
Epoch 27/150:  39%|███▊      | 173/449 [00:00<00:01, 223.46it/s]
Epoch 27/150:  44%|████▎     | 196/449 [00:00<00:01, 212.43it/s]
Epoch 27/150:  49%|████▉     | 221/449 [00:01<00:01, 221.41it/s]
Epoch 27/150:  54%|█████▍    | 244/449 [00:01<00:00, 213.67it/s]
Epoch 27/150:  60%|█████▉    | 268/449 [00:01<00:00, 220.30it/s]
Epoch 27/150:  65%|██████▍   | 291/449 [00:01<00:00, 218.30it/s]
Epoch 27/150:  70%|██████▉   | 313/449 [00:01<00:00, 216.15it/s]
Epoch 27/150:  75%|███████▌  | 338/449 [00:01<00:00, 225.66it/s]
Epoch 27/150:  80%|████████  | 361/449 [00:01<00:00, 215.82it/s]
Epoch 27/150:  86%|████████▌ | 387/449 [00:01<00:00, 226.41it/s]
Epoch 27/150:  91%|█████████▏| 410/449 [00:01<00:00, 210.12it/s]
Epoch 27/150:  97%|█████████▋| 437/449 [00:02<00:00, 224.47it/s]
Epoch 27/150: 100%|██████████| 449/449 [00:02<00:00, 206.12it/s]

Epoch 28/150:   0%|          | 0/449 [00:00<?, ?it/s]
Epoch 28/150:   0%|          | 1/449 [00:00<00:49,  9.04it/s]
Epoch 28/150:   4%|▍         | 20/449 [00:00<00:03, 111.02it/s]
Epoch 28/150:  10%|█         | 47/449 [00:00<00:02, 179.73it/s]
Epoch 28/150:  15%|█▍        | 67/449 [00:00<00:02, 185.15it/s]
Epoch 28/150:  20%|██        | 90/449 [00:00<00:01, 199.81it/s]
Epoch 28/150:  25%|██▍       | 112/449 [00:00<00:01, 205.82it/s]
Epoch 28/150:  30%|██▉       | 133/449 [00:00<00:01, 206.39it/s]
Epoch 28/150:  36%|███▌      | 160/449 [00:00<00:01, 224.43it/s]
Epoch 28/150:  41%|████      | 183/449 [00:00<00:01, 211.29it/s]
Epoch 28/150:  47%|████▋     | 210/449 [00:01<00:01, 225.47it/s]
Epoch 28/150:  52%|█████▏    | 233/449 [00:01<00:01, 208.55it/s]
Epoch 28/150:  58%|█████▊    | 260/449 [00:01<00:00, 224.30it/s]
Epoch 28/150:  63%|██████▎   | 283/449 [00:01<00:00, 208.88it/s]
Epoch 28/150:  69%|██████▉   | 310/449 [00:01<00:00, 224.81it/s]
Epoch 28/150:  74%|███████▍  | 333/449 [00:01<00:00, 210.48it/s]
Epoch 28/150:  80%|████████  | 361/449 [00:01<00:00, 226.83it/s]
Epoch 28/150:  86%|████████▌ | 385/449 [00:01<00:00, 214.83it/s]
Epoch 28/150:  92%|█████████▏| 411/449 [00:01<00:00, 226.40it/s]
Epoch 28/150:  97%|█████████▋| 435/449 [00:02<00:00, 213.62it/s]
Epoch 28/150: 100%|██████████| 449/449 [00:02<00:00, 203.49it/s]

Epoch 29/150:   0%|          | 0/449 [00:00<?, ?it/s]
Epoch 29/150:   0%|          | 1/449 [00:00<00:49,  9.09it/s]
Epoch 29/150:   6%|▌         | 26/449 [00:00<00:02, 144.58it/s]
Epoch 29/150:  10%|█         | 46/449 [00:00<00:02, 167.31it/s]
Epoch 29/150:  15%|█▌        | 69/449 [00:00<00:02, 189.85it/s]
Epoch 29/150:  20%|██        | 91/449 [00:00<00:01, 198.56it/s]
Epoch 29/150:  25%|██▍       | 111/449 [00:00<00:01, 198.52it/s]
Epoch 29/150:  31%|███       | 137/449 [00:00<00:01, 217.42it/s]
Epoch 29/150:  35%|███▌      | 159/449 [00:00<00:01, 201.23it/s]
Epoch 29/150:  41%|████      | 185/449 [00:00<00:01, 218.39it/s]
Epoch 29/150:  46%|████▋     | 208/449 [00:01<00:01, 204.56it/s]
Epoch 29/150:  53%|█████▎    | 236/449 [00:01<00:00, 224.23it/s]
Epoch 29/150:  58%|█████▊    | 259/449 [00:01<00:00, 213.69it/s]
Epoch 29/150:  63%|██████▎   | 283/449 [00:01<00:00, 218.74it/s]
Epoch 29/150:  68%|██████▊   | 306/449 [00:01<00:00, 213.14it/s]
Epoch 29/150:  73%|███████▎  | 330/449 [00:01<00:00, 219.02it/s]
Epoch 29/150:  79%|███████▊  | 353/449 [00:01<00:00, 218.84it/s]
Epoch 29/150:  84%|████████▎ | 376/449 [00:01<00:00, 217.51it/s]
Epoch 29/150:  90%|████████▉ | 403/449 [00:01<00:00, 231.93it/s]
Epoch 29/150:  95%|█████████▌| 427/449 [00:02<00:00, 217.79it/s]
Epoch 29/150: 100%|██████████| 449/449 [00:02<00:00, 204.86it/s]

Epoch 30/150:   0%|          | 0/449 [00:00<?, ?it/s]
Epoch 30/150:   0%|          | 1/449 [00:00<00:50,  8.82it/s]
Epoch 30/150:   5%|▌         | 24/449 [00:00<00:03, 127.60it/s]
Epoch 30/150:  10%|█         | 47/449 [00:00<00:02, 171.48it/s]
Epoch 30/150:  16%|█▋        | 74/449 [00:00<00:01, 206.08it/s]
Epoch 30/150:  21%|██        | 95/449 [00:00<00:01, 192.88it/s]
Epoch 30/150:  27%|██▋       | 123/449 [00:00<00:01, 218.00it/s]
Epoch 30/150:  33%|███▎      | 146/449 [00:00<00:01, 203.71it/s]
Epoch 30/150:  39%|███▊      | 173/449 [00:00<00:01, 221.15it/s]
Epoch 30/150:  44%|████▎     | 196/449 [00:00<00:01, 212.76it/s]
Epoch 30/150:  49%|████▉     | 221/449 [00:01<00:01, 221.32it/s]
Epoch 30/150:  54%|█████▍    | 244/449 [00:01<00:00, 213.75it/s]
Epoch 30/150:  60%|█████▉    | 269/449 [00:01<00:00, 221.88it/s]
Epoch 30/150:  65%|██████▌   | 292/449 [00:01<00:00, 215.42it/s]
Epoch 30/150:  70%|███████   | 315/449 [00:01<00:00, 217.99it/s]
Epoch 30/150:  75%|███████▌  | 337/449 [00:01<00:00, 216.86it/s]
Epoch 30/150:  80%|███████▉  | 359/449 [00:01<00:00, 213.61it/s]
Epoch 30/150:  86%|████████▌ | 386/449 [00:01<00:00, 228.62it/s]
Epoch 30/150:  91%|█████████ | 409/449 [00:01<00:00, 212.75it/s]
Epoch 30/150:  97%|█████████▋| 437/449 [00:02<00:00, 229.34it/s]
Epoch 30/150: 100%|██████████| 449/449 [00:02<00:00, 205.05it/s]

Epoch 31/150:   0%|          | 0/449 [00:00<?, ?it/s]
Epoch 31/150:   0%|          | 1/449 [00:00<00:51,  8.70it/s]
Epoch 31/150:   4%|▍         | 20/449 [00:00<00:03, 108.56it/s]
Epoch 31/150:  11%|█         | 48/449 [00:00<00:02, 182.78it/s]
Epoch 31/150:  15%|█▍        | 67/449 [00:00<00:02, 184.48it/s]
Epoch 31/150:  20%|██        | 90/449 [00:00<00:01, 198.52it/s]
Epoch 31/150:  25%|██▍       | 111/449 [00:00<00:01, 198.65it/s]
Epoch 31/150:  30%|██▉       | 133/449 [00:00<00:01, 204.39it/s]
Epoch 31/150:  35%|███▍      | 156/449 [00:00<00:01, 206.96it/s]
Epoch 31/150:  39%|███▉      | 177/449 [00:00<00:01, 206.52it/s]
Epoch 31/150:  45%|████▌     | 204/449 [00:01<00:01, 224.26it/s]
Epoch 31/150:  51%|█████     | 227/449 [00:01<00:01, 206.40it/s]
Epoch 31/150:  57%|█████▋    | 254/449 [00:01<00:00, 221.79it/s]
Epoch 31/150:  62%|██████▏   | 277/449 [00:01<00:00, 209.83it/s]
Epoch 31/150:  68%|██████▊   | 304/449 [00:01<00:00, 224.77it/s]
Epoch 31/150:  73%|███████▎  | 327/449 [00:01<00:00, 208.99it/s]
Epoch 31/150:  79%|███████▉  | 354/449 [00:01<00:00, 223.60it/s]
Epoch 31/150:  84%|████████▍ | 377/449 [00:01<00:00, 207.86it/s]
Epoch 31/150:  90%|████████▉ | 404/449 [00:01<00:00, 222.90it/s]
Epoch 31/150:  95%|█████████▌| 427/449 [00:02<00:00, 213.03it/s]
Epoch 31/150: 100%|██████████| 449/449 [00:02<00:00, 201.42it/s]

Epoch 32/150:   0%|          | 0/449 [00:00<?, ?it/s]
Epoch 32/150:   0%|          | 1/449 [00:00<00:50,  8.88it/s]
Epoch 32/150:   6%|▌         | 27/449 [00:00<00:02, 149.06it/s]
Epoch 32/150:  10%|█         | 46/449 [00:00<00:02, 165.78it/s]
Epoch 32/150:  16%|█▌        | 71/449 [00:00<00:01, 197.29it/s]
Epoch 32/150:  20%|██        | 92/449 [00:00<00:01, 193.58it/s]
Epoch 32/150:  26%|██▌       | 115/449 [00:00<00:01, 203.67it/s]
Epoch 32/150:  30%|███       | 136/449 [00:00<00:01, 202.28it/s]
Epoch 32/150:  35%|███▍      | 157/449 [00:00<00:01, 202.33it/s]
Epoch 32/150:  40%|████      | 181/449 [00:00<00:01, 210.69it/s]
Epoch 32/150:  45%|████▌     | 203/449 [00:01<00:01, 206.24it/s]
Epoch 32/150:  51%|█████     | 229/449 [00:01<00:00, 220.75it/s]
Epoch 32/150:  56%|█████▌    | 252/449 [00:01<00:00, 206.55it/s]
Epoch 32/150:  62%|██████▏   | 278/449 [00:01<00:00, 221.16it/s]
Epoch 32/150:  67%|██████▋   | 301/449 [00:01<00:00, 206.15it/s]
Epoch 32/150:  73%|███████▎  | 327/449 [00:01<00:00, 219.93it/s]
Epoch 32/150:  78%|███████▊  | 350/449 [00:01<00:00, 204.78it/s]
Epoch 32/150:  84%|████████▍ | 377/449 [00:01<00:00, 220.43it/s]
Epoch 32/150:  89%|████████▉ | 400/449 [00:01<00:00, 207.23it/s]
Epoch 32/150:  95%|█████████▌| 427/449 [00:02<00:00, 223.10it/s]
Epoch 32/150: 100%|██████████| 449/449 [00:02<00:00, 199.90it/s]

Epoch 33/150:   0%|          | 0/449 [00:00<?, ?it/s]
Epoch 33/150:   0%|          | 1/449 [00:00<00:53,  8.31it/s]
Epoch 33/150:   6%|▌         | 25/449 [00:00<00:03, 132.47it/s]
Epoch 33/150:  11%|█▏        | 51/449 [00:00<00:02, 187.75it/s]
Epoch 33/150:  16%|█▌        | 71/449 [00:00<00:02, 180.87it/s]
Epoch 33/150:  22%|██▏       | 98/449 [00:00<00:01, 209.83it/s]
Epoch 33/150:  27%|██▋       | 120/449 [00:00<00:01, 194.98it/s]
Epoch 33/150:  33%|███▎      | 147/449 [00:00<00:01, 215.01it/s]
Epoch 33/150:  38%|███▊      | 169/449 [00:00<00:01, 200.18it/s]
Epoch 33/150:  42%|████▏     | 190/449 [00:01<00:01, 148.06it/s]
Epoch 33/150:  49%|████▊     | 218/449 [00:01<00:01, 176.29it/s]
Epoch 33/150:  53%|█████▎    | 238/449 [00:01<00:01, 178.83it/s]
Epoch 33/150:  59%|█████▊    | 263/449 [00:01<00:00, 195.90it/s]
Epoch 33/150:  63%|██████▎   | 285/449 [00:01<00:00, 195.81it/s]
Epoch 33/150:  69%|██████▉   | 309/449 [00:01<00:00, 206.08it/s]
Epoch 33/150:  74%|███████▎  | 331/449 [00:01<00:00, 208.21it/s]
Epoch 33/150:  79%|███████▊  | 353/449 [00:01<00:00, 207.24it/s]
Epoch 33/150:  84%|████████▍ | 379/449 [00:01<00:00, 216.69it/s]
Epoch 33/150:  89%|████████▉ | 401/449 [00:02<00:00, 211.33it/s]
Epoch 33/150:  95%|█████████▌| 428/449 [00:02<00:00, 227.65it/s]
Epoch 33/150: 100%|██████████| 449/449 [00:02<00:00, 190.86it/s]

Epoch 34/150:   0%|          | 0/449 [00:00<?, ?it/s]
Epoch 34/150:   0%|          | 1/449 [00:00<00:54,  8.30it/s]
Epoch 34/150:   5%|▌         | 24/449 [00:00<00:03, 127.57it/s]
Epoch 34/150:  11%|█         | 49/449 [00:00<00:02, 180.61it/s]
Epoch 34/150:  15%|█▌        | 68/449 [00:00<00:02, 181.13it/s]
Epoch 34/150:  21%|██        | 93/449 [00:00<00:01, 202.99it/s]
Epoch 34/150:  25%|██▌       | 114/449 [00:00<00:01, 197.30it/s]
Epoch 34/150:  31%|███       | 139/449 [00:00<00:01, 211.74it/s]
Epoch 34/150:  36%|███▌      | 161/449 [00:00<00:01, 205.69it/s]
Epoch 34/150:  41%|████      | 185/449 [00:00<00:01, 214.70it/s]
Epoch 34/150:  46%|████▌     | 207/449 [00:01<00:01, 213.28it/s]
Epoch 34/150:  51%|█████     | 229/449 [00:01<00:01, 212.44it/s]
Epoch 34/150:  57%|█████▋    | 255/449 [00:01<00:00, 225.53it/s]
Epoch 34/150:  62%|██████▏   | 278/449 [00:01<00:00, 210.89it/s]
Epoch 34/150:  68%|██████▊   | 305/449 [00:01<00:00, 222.30it/s]
Epoch 34/150:  73%|███████▎  | 328/449 [00:01<00:00, 211.91it/s]
Epoch 34/150:  79%|███████▉  | 355/449 [00:01<00:00, 227.16it/s]
Epoch 34/150:  84%|████████▍ | 378/449 [00:01<00:00, 213.16it/s]
Epoch 34/150:  90%|█████████ | 405/449 [00:01<00:00, 228.41it/s]
Epoch 34/150:  96%|█████████▌| 429/449 [00:02<00:00, 212.05it/s]
Epoch 34/150: 100%|██████████| 449/449 [00:02<00:00, 203.08it/s]

Epoch 35/150:   0%|          | 0/449 [00:00<?, ?it/s]
Epoch 35/150:   0%|          | 1/449 [00:00<00:48,  9.15it/s]
Epoch 35/150:   6%|▌         | 25/449 [00:00<00:03, 139.57it/s]
Epoch 35/150:  10%|▉         | 44/449 [00:00<00:02, 159.12it/s]
Epoch 35/150:  16%|█▌        | 71/449 [00:00<00:01, 201.68it/s]
Epoch 35/150:  20%|██        | 92/449 [00:00<00:01, 194.78it/s]
Epoch 35/150:  26%|██▌       | 117/449 [00:00<00:01, 211.37it/s]
Epoch 35/150:  31%|███       | 139/449 [00:00<00:01, 207.45it/s]
Epoch 35/150:  36%|███▋      | 163/449 [00:00<00:01, 216.22it/s]
Epoch 35/150:  41%|████▏     | 186/449 [00:00<00:01, 217.27it/s]
Epoch 35/150:  46%|████▋     | 208/449 [00:01<00:01, 214.53it/s]
Epoch 35/150:  52%|█████▏    | 235/449 [00:01<00:00, 230.62it/s]
Epoch 35/150:  58%|█████▊    | 259/449 [00:01<00:00, 213.34it/s]
Epoch 35/150:  64%|██████▎   | 286/449 [00:01<00:00, 227.00it/s]
Epoch 35/150:  69%|██████▉   | 310/449 [00:01<00:00, 211.45it/s]
Epoch 35/150:  75%|███████▍  | 335/449 [00:01<00:00, 221.81it/s]
Epoch 35/150:  80%|███████▉  | 358/449 [00:01<00:00, 209.43it/s]
Epoch 35/150:  86%|████████▌ | 385/449 [00:01<00:00, 224.28it/s]
Epoch 35/150:  91%|█████████ | 408/449 [00:01<00:00, 210.17it/s]
Epoch 35/150:  97%|█████████▋| 436/449 [00:02<00:00, 227.34it/s]
Epoch 35/150: 100%|██████████| 449/449 [00:02<00:00, 204.80it/s]

Epoch 36/150:   0%|          | 0/449 [00:00<?, ?it/s]
Epoch 36/150:   0%|          | 1/449 [00:00<00:49,  9.14it/s]
Epoch 36/150:   5%|▍         | 21/449 [00:00<00:03, 116.44it/s]
Epoch 36/150:  11%|█         | 48/449 [00:00<00:02, 184.25it/s]
Epoch 36/150:  15%|█▍        | 67/449 [00:00<00:02, 183.81it/s]
Epoch 36/150:  20%|██        | 91/449 [00:00<00:01, 201.76it/s]
Epoch 36/150:  25%|██▍       | 112/449 [00:00<00:01, 203.38it/s]
Epoch 36/150:  30%|██▉       | 134/449 [00:00<00:01, 206.69it/s]
Epoch 36/150:  35%|███▌      | 159/449 [00:00<00:01, 217.91it/s]
Epoch 36/150:  40%|████      | 181/449 [00:00<00:01, 212.05it/s]
Epoch 36/150:  47%|████▋     | 210/449 [00:01<00:01, 232.27it/s]
Epoch 36/150:  52%|█████▏    | 234/449 [00:01<00:00, 216.68it/s]
Epoch 36/150:  58%|█████▊    | 262/449 [00:01<00:00, 232.65it/s]
Epoch 36/150:  64%|██████▎   | 286/449 [00:01<00:00, 217.00it/s]
Epoch 36/150:  70%|██████▉   | 314/449 [00:01<00:00, 233.93it/s]
Epoch 36/150:  75%|███████▌  | 338/449 [00:01<00:00, 220.96it/s]
Epoch 36/150:  81%|████████  | 364/449 [00:01<00:00, 231.19it/s]
Epoch 36/150:  86%|████████▋ | 388/449 [00:01<00:00, 222.04it/s]
Epoch 36/150:  92%|█████████▏| 413/449 [00:01<00:00, 227.86it/s]
Epoch 36/150:  97%|█████████▋| 437/449 [00:02<00:00, 221.24it/s]
Epoch 36/150: 100%|██████████| 449/449 [00:02<00:00, 207.22it/s]

Epoch 37/150:   0%|          | 0/449 [00:00<?, ?it/s]
Epoch 37/150:   0%|          | 1/449 [00:00<00:54,  8.24it/s]
Epoch 37/150:   5%|▌         | 24/449 [00:00<00:03, 126.08it/s]
Epoch 37/150:  11%|█         | 50/449 [00:00<00:02, 182.05it/s]
Epoch 37/150:  15%|█▌        | 69/449 [00:00<00:02, 181.20it/s]
Epoch 37/150:  21%|██        | 95/449 [00:00<00:01, 207.96it/s]
Epoch 37/150:  26%|██▌       | 117/449 [00:00<00:01, 202.92it/s]
Epoch 37/150:  32%|███▏      | 142/449 [00:00<00:01, 215.65it/s]
Epoch 37/150:  37%|███▋      | 164/449 [00:00<00:01, 210.29it/s]
Epoch 37/150:  41%|████▏     | 186/449 [00:00<00:01, 212.97it/s]
Epoch 37/150:  47%|████▋     | 210/449 [00:01<00:01, 213.89it/s]
Epoch 37/150:  52%|█████▏    | 232/449 [00:01<00:01, 210.97it/s]
Epoch 37/150:  57%|█████▋    | 256/449 [00:01<00:00, 212.20it/s]
Epoch 37/150:  62%|██████▏   | 278/449 [00:01<00:00, 208.65it/s]
Epoch 37/150:  68%|██████▊   | 304/449 [00:01<00:00, 218.74it/s]
Epoch 37/150:  73%|███████▎  | 326/449 [00:01<00:00, 207.34it/s]
Epoch 37/150:  78%|███████▊  | 352/449 [00:01<00:00, 220.65it/s]
Epoch 37/150:  84%|████████▎ | 375/449 [00:01<00:00, 208.62it/s]
Epoch 37/150:  90%|████████▉ | 402/449 [00:01<00:00, 224.96it/s]
Epoch 37/150:  95%|█████████▍| 425/449 [00:02<00:00, 206.89it/s]
Epoch 37/150: 100%|██████████| 449/449 [00:02<00:00, 201.62it/s]

Epoch 38/150:   0%|          | 0/449 [00:00<?, ?it/s]
Epoch 38/150:   0%|          | 1/449 [00:00<00:50,  8.91it/s]
Epoch 38/150:   6%|▌         | 26/449 [00:00<00:03, 139.36it/s]
Epoch 38/150:  10%|█         | 45/449 [00:00<00:02, 158.18it/s]
Epoch 38/150:  16%|█▌        | 72/449 [00:00<00:01, 199.56it/s]
Epoch 38/150:  21%|██        | 93/449 [00:00<00:01, 193.08it/s]
Epoch 38/150:  26%|██▋       | 118/449 [00:00<00:01, 209.13it/s]
Epoch 38/150:  31%|███       | 140/449 [00:00<00:01, 200.65it/s]
Epoch 38/150:  37%|███▋      | 165/449 [00:00<00:01, 213.48it/s]
Epoch 38/150:  42%|████▏     | 187/449 [00:00<00:01, 206.52it/s]
Epoch 38/150:  47%|████▋     | 211/449 [00:01<00:01, 214.11it/s]
Epoch 38/150:  52%|█████▏    | 233/449 [00:01<00:01, 210.37it/s]
Epoch 38/150:  57%|█████▋    | 255/449 [00:01<00:00, 210.54it/s]
Epoch 38/150:  62%|██████▏   | 277/449 [00:01<00:00, 210.44it/s]
Epoch 38/150:  67%|██████▋   | 299/449 [00:01<00:00, 207.76it/s]
Epoch 38/150:  72%|███████▏  | 323/449 [00:01<00:00, 215.78it/s]
Epoch 38/150:  77%|███████▋  | 345/449 [00:01<00:00, 207.70it/s]
Epoch 38/150:  83%|████████▎ | 371/449 [00:01<00:00, 220.88it/s]
Epoch 38/150:  88%|████████▊ | 394/449 [00:01<00:00, 208.05it/s]
Epoch 38/150:  94%|█████████▍| 421/449 [00:02<00:00, 223.91it/s]
Epoch 38/150:  99%|█████████▉| 444/449 [00:02<00:00, 213.77it/s]
Epoch 38/150: 100%|██████████| 449/449 [00:02<00:00, 199.40it/s]

Epoch 39/150:   0%|          | 0/449 [00:00<?, ?it/s]
Epoch 39/150:   0%|          | 1/449 [00:00<00:51,  8.66it/s]
Epoch 39/150:   6%|▌         | 27/449 [00:00<00:02, 146.14it/s]
Epoch 39/150:  10%|█         | 47/449 [00:00<00:02, 169.77it/s]
Epoch 39/150:  15%|█▌        | 69/449 [00:00<00:02, 187.63it/s]
Epoch 39/150:  21%|██        | 94/449 [00:00<00:01, 208.04it/s]
Epoch 39/150:  26%|██▌       | 116/449 [00:00<00:01, 200.60it/s]
Epoch 39/150:  32%|███▏      | 142/449 [00:00<00:01, 218.78it/s]
Epoch 39/150:  37%|███▋      | 165/449 [00:00<00:01, 204.48it/s]
Epoch 39/150:  43%|████▎     | 192/449 [00:00<00:01, 222.20it/s]
Epoch 39/150:  48%|████▊     | 215/449 [00:01<00:01, 208.56it/s]
Epoch 39/150:  54%|█████▍    | 242/449 [00:01<00:00, 224.86it/s]
Epoch 39/150:  59%|█████▉    | 265/449 [00:01<00:00, 209.11it/s]
Epoch 39/150:  65%|██████▌   | 293/449 [00:01<00:00, 226.66it/s]
Epoch 39/150:  71%|███████   | 317/449 [00:01<00:00, 215.31it/s]
Epoch 39/150:  76%|███████▌  | 341/449 [00:01<00:00, 221.50it/s]
Epoch 39/150:  81%|████████  | 364/449 [00:01<00:00, 208.63it/s]
Epoch 39/150:  87%|████████▋ | 389/449 [00:01<00:00, 218.26it/s]
Epoch 39/150:  92%|█████████▏| 412/449 [00:02<00:00, 211.04it/s]
Epoch 39/150:  97%|█████████▋| 436/449 [00:02<00:00, 218.26it/s]
Epoch 39/150: 100%|██████████| 449/449 [00:02<00:00, 203.55it/s]

Epoch 40/150:   0%|          | 0/449 [00:00<?, ?it/s]
Epoch 40/150:   0%|          | 1/449 [00:00<00:51,  8.76it/s]
Epoch 40/150:   5%|▍         | 21/449 [00:00<00:03, 114.02it/s]
Epoch 40/150:  10%|█         | 45/449 [00:00<00:02, 166.81it/s]
Epoch 40/150:  15%|█▌        | 69/449 [00:00<00:02, 185.55it/s]
Epoch 40/150:  20%|██        | 90/449 [00:00<00:01, 191.90it/s]
Epoch 40/150:  26%|██▌       | 116/449 [00:00<00:01, 213.01it/s]
Epoch 40/150:  31%|███       | 138/449 [00:00<00:01, 197.53it/s]
Epoch 40/150:  37%|███▋      | 165/449 [00:00<00:01, 218.52it/s]
Epoch 40/150:  42%|████▏     | 188/449 [00:00<00:01, 202.95it/s]
Epoch 40/150:  48%|████▊     | 214/449 [00:01<00:01, 218.48it/s]
Epoch 40/150:  53%|█████▎    | 237/449 [00:01<00:01, 209.66it/s]
Epoch 40/150:  59%|█████▊    | 263/449 [00:01<00:00, 221.79it/s]
Epoch 40/150:  64%|██████▎   | 286/449 [00:01<00:00, 212.13it/s]
Epoch 40/150:  69%|██████▉   | 311/449 [00:01<00:00, 221.79it/s]
Epoch 40/150:  74%|███████▍  | 334/449 [00:01<00:00, 214.46it/s]
Epoch 40/150:  80%|███████▉  | 357/449 [00:01<00:00, 217.36it/s]
Epoch 40/150:  84%|████████▍ | 379/449 [00:01<00:00, 216.64it/s]
Epoch 40/150:  89%|████████▉ | 401/449 [00:01<00:00, 212.85it/s]
Epoch 40/150:  95%|█████████▌| 428/449 [00:02<00:00, 227.94it/s]
Epoch 40/150: 100%|██████████| 449/449 [00:02<00:00, 200.98it/s]

Epoch 41/150:   0%|          | 0/449 [00:00<?, ?it/s]
Epoch 41/150:   0%|          | 1/449 [00:00<00:52,  8.52it/s]
Epoch 41/150:   5%|▍         | 22/449 [00:00<00:03, 116.81it/s]
Epoch 41/150:   9%|▊         | 39/449 [00:00<00:02, 137.78it/s]
Epoch 41/150:  13%|█▎        | 60/449 [00:00<00:02, 163.70it/s]
Epoch 41/150:  19%|█▊        | 84/449 [00:00<00:01, 189.05it/s]
Epoch 41/150:  23%|██▎       | 104/449 [00:00<00:01, 186.55it/s]
Epoch 41/150:  29%|██▉       | 130/449 [00:00<00:01, 209.54it/s]
Epoch 41/150:  34%|███▍      | 152/449 [00:00<00:01, 208.78it/s]
Epoch 41/150:  40%|████      | 180/449 [00:00<00:01, 229.62it/s]
Epoch 41/150:  45%|████▌     | 204/449 [00:01<00:01, 218.77it/s]
Epoch 41/150:  51%|█████     | 229/449 [00:01<00:00, 225.87it/s]
Epoch 41/150:  56%|█████▌    | 252/449 [00:01<00:00, 218.36it/s]
Epoch 41/150:  61%|██████    | 274/449 [00:01<00:00, 217.03it/s]
Epoch 41/150:  66%|██████▋   | 298/449 [00:01<00:00, 217.54it/s]
Epoch 41/150:  71%|███████▏  | 320/449 [00:01<00:00, 212.44it/s]
Epoch 41/150:  77%|███████▋  | 346/449 [00:01<00:00, 224.60it/s]
Epoch 41/150:  82%|████████▏ | 369/449 [00:01<00:00, 212.32it/s]
Epoch 41/150:  88%|████████▊ | 396/449 [00:01<00:00, 226.97it/s]
Epoch 41/150:  93%|█████████▎| 419/449 [00:02<00:00, 211.19it/s]
Epoch 41/150:  99%|█████████▉| 445/449 [00:02<00:00, 223.87it/s]
Epoch 41/150: 100%|██████████| 449/449 [00:02<00:00, 201.91it/s]

Epoch 42/150:   0%|          | 0/449 [00:00<?, ?it/s]
Epoch 42/150:   0%|          | 1/449 [00:00<00:50,  8.91it/s]
Epoch 42/150:   5%|▍         | 21/449 [00:00<00:03, 114.23it/s]
Epoch 42/150:   7%|▋         | 33/449 [00:00<00:05, 80.43it/s] 
Epoch 42/150:  12%|█▏        | 53/449 [00:00<00:03, 115.67it/s]
Epoch 42/150:  18%|█▊        | 81/449 [00:00<00:02, 163.21it/s]
Epoch 42/150:  22%|██▏       | 100/449 [00:00<00:02, 166.83it/s]
Epoch 42/150:  28%|██▊       | 125/449 [00:00<00:01, 189.43it/s]
Epoch 42/150:  33%|███▎      | 146/449 [00:00<00:01, 186.82it/s]
Epoch 42/150:  38%|███▊      | 170/449 [00:01<00:01, 201.57it/s]
Epoch 42/150:  43%|████▎     | 191/449 [00:01<00:01, 203.66it/s]
Epoch 42/150:  47%|████▋     | 212/449 [00:01<00:01, 204.89it/s]
Epoch 42/150:  53%|█████▎    | 239/449 [00:01<00:00, 222.29it/s]
Epoch 42/150:  58%|█████▊    | 262/449 [00:01<00:00, 207.82it/s]
Epoch 42/150:  64%|██████▍   | 289/449 [00:01<00:00, 223.72it/s]
Epoch 42/150:  69%|██████▉   | 312/449 [00:01<00:00, 207.66it/s]
Epoch 42/150:  76%|███████▌  | 339/449 [00:01<00:00, 222.40it/s]
Epoch 42/150:  81%|████████  | 362/449 [00:01<00:00, 207.40it/s]
Epoch 42/150:  86%|████████▋ | 388/449 [00:02<00:00, 219.71it/s]
Epoch 42/150:  92%|█████████▏| 411/449 [00:02<00:00, 208.45it/s]
Epoch 42/150:  97%|█████████▋| 436/449 [00:02<00:00, 219.52it/s]
Epoch 42/150: 100%|██████████| 449/449 [00:02<00:00, 187.31it/s]

Epoch 43/150:   0%|          | 0/449 [00:00<?, ?it/s]
Epoch 43/150:   0%|          | 1/449 [00:00<00:49,  8.98it/s]
Epoch 43/150:   4%|▍         | 20/449 [00:00<00:03, 110.44it/s]
Epoch 43/150:  10%|█         | 47/449 [00:00<00:02, 179.03it/s]
Epoch 43/150:  15%|█▍        | 66/449 [00:00<00:02, 180.34it/s]
Epoch 43/150:  20%|█▉        | 89/449 [00:00<00:01, 196.20it/s]
Epoch 43/150:  24%|██▍       | 110/449 [00:00<00:01, 199.75it/s]
Epoch 43/150:  29%|██▉       | 131/449 [00:00<00:01, 202.12it/s]
Epoch 43/150:  35%|███▍      | 157/449 [00:00<00:01, 217.71it/s]
Epoch 43/150:  40%|███▉      | 179/449 [00:00<00:01, 204.45it/s]
Epoch 43/150:  46%|████▌     | 205/449 [00:01<00:01, 220.56it/s]
Epoch 43/150:  51%|█████     | 228/449 [00:01<00:01, 207.67it/s]
Epoch 43/150:  57%|█████▋    | 256/449 [00:01<00:00, 225.74it/s]
Epoch 43/150:  62%|██████▏   | 279/449 [00:01<00:00, 207.29it/s]
Epoch 43/150:  68%|██████▊   | 306/449 [00:01<00:00, 221.74it/s]
Epoch 43/150:  73%|███████▎  | 329/449 [00:01<00:00, 208.61it/s]
Epoch 43/150:  79%|███████▉  | 356/449 [00:01<00:00, 223.30it/s]
Epoch 43/150:  84%|████████▍ | 379/449 [00:01<00:00, 208.82it/s]
Epoch 43/150:  91%|█████████ | 407/449 [00:01<00:00, 227.44it/s]
Epoch 43/150:  96%|█████████▌| 431/449 [00:02<00:00, 216.38it/s]
Epoch 43/150: 100%|██████████| 449/449 [00:02<00:00, 202.22it/s]

Epoch 44/150:   0%|          | 0/449 [00:00<?, ?it/s]
Epoch 44/150:   0%|          | 1/449 [00:00<00:48,  9.16it/s]
Epoch 44/150:   6%|▌         | 27/449 [00:00<00:02, 150.85it/s]
Epoch 44/150:  10%|█         | 46/449 [00:00<00:02, 167.96it/s]
Epoch 44/150:  15%|█▌        | 69/449 [00:00<00:01, 191.42it/s]
Epoch 44/150:  20%|██        | 91/449 [00:00<00:01, 198.66it/s]
Epoch 44/150:  25%|██▍       | 111/449 [00:00<00:01, 198.97it/s]
Epoch 44/150:  30%|███       | 136/449 [00:00<00:01, 214.55it/s]
Epoch 44/150:  35%|███▌      | 158/449 [00:00<00:01, 202.16it/s]
Epoch 44/150:  41%|████      | 185/449 [00:00<00:01, 220.17it/s]
Epoch 44/150:  46%|████▋     | 208/449 [00:01<00:01, 207.37it/s]
Epoch 44/150:  51%|█████▏    | 231/449 [00:01<00:01, 211.55it/s]
Epoch 44/150:  56%|█████▋    | 253/449 [00:01<00:00, 203.72it/s]
Epoch 44/150:  62%|██████▏   | 278/449 [00:01<00:00, 215.25it/s]
Epoch 44/150:  67%|██████▋   | 300/449 [00:01<00:00, 208.50it/s]
Epoch 44/150:  72%|███████▏  | 324/449 [00:01<00:00, 216.67it/s]
Epoch 44/150:  77%|███████▋  | 346/449 [00:01<00:00, 217.41it/s]
Epoch 44/150:  82%|████████▏ | 368/449 [00:01<00:00, 216.95it/s]
Epoch 44/150:  88%|████████▊ | 395/449 [00:01<00:00, 232.09it/s]
Epoch 44/150:  93%|█████████▎| 419/449 [00:02<00:00, 214.67it/s]
Epoch 44/150:  99%|█████████▉| 446/449 [00:02<00:00, 229.09it/s]
Epoch 44/150: 100%|██████████| 449/449 [00:02<00:00, 204.16it/s]

Epoch 45/150:   0%|          | 0/449 [00:00<?, ?it/s]
Epoch 45/150:   0%|          | 1/449 [00:00<00:51,  8.78it/s]
Epoch 45/150:   5%|▍         | 21/449 [00:00<00:03, 115.08it/s]
Epoch 45/150:  10%|█         | 45/449 [00:00<00:02, 169.27it/s]
Epoch 45/150:  16%|█▌        | 70/449 [00:00<00:01, 190.57it/s]
Epoch 45/150:  20%|██        | 91/449 [00:00<00:01, 196.45it/s]
Epoch 45/150:  26%|██▋       | 118/449 [00:00<00:01, 214.03it/s]
Epoch 45/150:  31%|███       | 140/449 [00:00<00:01, 202.92it/s]
Epoch 45/150:  37%|███▋      | 167/449 [00:00<00:01, 221.61it/s]
Epoch 45/150:  42%|████▏     | 190/449 [00:00<00:01, 209.82it/s]
Epoch 45/150:  48%|████▊     | 217/449 [00:01<00:01, 226.72it/s]
Epoch 45/150:  53%|█████▎    | 240/449 [00:01<00:00, 216.26it/s]
Epoch 45/150:  59%|█████▉    | 266/449 [00:01<00:00, 227.86it/s]
Epoch 45/150:  65%|██████▍   | 290/449 [00:01<00:00, 218.64it/s]
Epoch 45/150:  70%|███████   | 316/449 [00:01<00:00, 227.96it/s]
Epoch 45/150:  76%|███████▌  | 340/449 [00:01<00:00, 220.36it/s]
Epoch 45/150:  81%|████████  | 364/449 [00:01<00:00, 224.21it/s]
Epoch 45/150:  86%|████████▌ | 387/449 [00:01<00:00, 222.62it/s]
Epoch 45/150:  91%|█████████▏| 410/449 [00:01<00:00, 220.31it/s]
Epoch 45/150:  97%|█████████▋| 437/449 [00:02<00:00, 233.40it/s]
Epoch 45/150: 100%|██████████| 449/449 [00:02<00:00, 205.56it/s]

Epoch 46/150:   0%|          | 0/449 [00:00<?, ?it/s]
Epoch 46/150:   0%|          | 1/449 [00:00<00:49,  9.07it/s]
Epoch 46/150:   4%|▍         | 20/449 [00:00<00:03, 110.87it/s]
Epoch 46/150:  11%|█         | 48/449 [00:00<00:02, 183.31it/s]
Epoch 46/150:  15%|█▍        | 67/449 [00:00<00:02, 183.19it/s]
Epoch 46/150:  20%|██        | 92/449 [00:00<00:01, 206.57it/s]
Epoch 46/150:  25%|██▌       | 113/449 [00:00<00:01, 204.64it/s]
Epoch 46/150:  30%|███       | 136/449 [00:00<00:01, 211.38it/s]
Epoch 46/150:  35%|███▌      | 158/449 [00:00<00:01, 211.50it/s]
Epoch 46/150:  40%|████      | 180/449 [00:00<00:01, 210.87it/s]
Epoch 46/150:  46%|████▌     | 207/449 [00:01<00:01, 226.81it/s]
Epoch 46/150:  51%|█████     | 230/449 [00:01<00:01, 212.40it/s]
Epoch 46/150:  57%|█████▋    | 257/449 [00:01<00:00, 226.89it/s]
Epoch 46/150:  62%|██████▏   | 280/449 [00:01<00:00, 213.59it/s]
Epoch 46/150:  68%|██████▊   | 307/449 [00:01<00:00, 229.04it/s]
Epoch 46/150:  74%|███████▎  | 331/449 [00:01<00:00, 214.84it/s]
Epoch 46/150:  80%|███████▉  | 359/449 [00:01<00:00, 231.17it/s]
Epoch 46/150:  85%|████████▌ | 383/449 [00:01<00:00, 218.87it/s]
Epoch 46/150:  91%|█████████ | 409/449 [00:01<00:00, 229.18it/s]
Epoch 46/150:  96%|█████████▋| 433/449 [00:02<00:00, 218.92it/s]
Epoch 46/150: 100%|██████████| 449/449 [00:02<00:00, 205.84it/s]

Epoch 47/150:   0%|          | 0/449 [00:00<?, ?it/s]
Epoch 47/150:   0%|          | 1/449 [00:00<00:48,  9.17it/s]
Epoch 47/150:   6%|▌         | 27/449 [00:00<00:02, 148.75it/s]
Epoch 47/150:  10%|█         | 47/449 [00:00<00:02, 168.98it/s]
Epoch 47/150:  16%|█▌        | 72/449 [00:00<00:01, 198.04it/s]
Epoch 47/150:  21%|██        | 94/449 [00:00<00:01, 203.29it/s]
Epoch 47/150:  26%|██▌       | 115/449 [00:00<00:01, 205.22it/s]
Epoch 47/150:  32%|███▏      | 142/449 [00:00<00:01, 225.31it/s]
Epoch 47/150:  37%|███▋      | 165/449 [00:00<00:01, 210.41it/s]
Epoch 47/150:  43%|████▎     | 192/449 [00:00<00:01, 226.64it/s]
Epoch 47/150:  48%|████▊     | 215/449 [00:01<00:01, 210.77it/s]
Epoch 47/150:  54%|█████▍    | 242/449 [00:01<00:00, 227.16it/s]
Epoch 47/150:  59%|█████▉    | 266/449 [00:01<00:00, 213.22it/s]
Epoch 47/150:  65%|██████▌   | 292/449 [00:01<00:00, 225.11it/s]
Epoch 47/150:  70%|███████   | 315/449 [00:01<00:00, 212.17it/s]
Epoch 47/150:  76%|███████▌  | 341/449 [00:01<00:00, 223.87it/s]
Epoch 47/150:  81%|████████  | 364/449 [00:01<00:00, 213.80it/s]
Epoch 47/150:  87%|████████▋ | 389/449 [00:01<00:00, 222.60it/s]
Epoch 47/150:  92%|█████████▏| 412/449 [00:01<00:00, 213.58it/s]
Epoch 47/150:  97%|█████████▋| 435/449 [00:02<00:00, 217.94it/s]
Epoch 47/150: 100%|██████████| 449/449 [00:02<00:00, 206.89it/s]

Epoch 48/150:   0%|          | 0/449 [00:00<?, ?it/s]
Epoch 48/150:   0%|          | 1/449 [00:00<00:50,  8.92it/s]
Epoch 48/150:   6%|▌         | 27/449 [00:00<00:02, 144.16it/s]
Epoch 48/150:  10%|▉         | 43/449 [00:00<00:02, 150.51it/s]
Epoch 48/150:  15%|█▌        | 69/449 [00:00<00:01, 190.67it/s]
Epoch 48/150:  20%|█▉        | 89/449 [00:00<00:01, 188.58it/s]
Epoch 48/150:  25%|██▌       | 114/449 [00:00<00:01, 207.19it/s]
Epoch 48/150:  30%|███       | 135/449 [00:00<00:01, 205.79it/s]
Epoch 48/150:  35%|███▍      | 157/449 [00:00<00:01, 208.81it/s]
Epoch 48/150:  40%|████      | 180/449 [00:00<00:01, 212.30it/s]
Epoch 48/150:  45%|████▍     | 202/449 [00:01<00:01, 209.68it/s]
Epoch 48/150:  51%|█████     | 229/449 [00:01<00:00, 224.62it/s]
Epoch 48/150:  56%|█████▌    | 252/449 [00:01<00:00, 211.84it/s]
Epoch 48/150:  62%|██████▏   | 280/449 [00:01<00:00, 228.56it/s]
Epoch 48/150:  68%|██████▊   | 304/449 [00:01<00:00, 214.90it/s]
Epoch 48/150:  74%|███████▍  | 332/449 [00:01<00:00, 230.99it/s]
Epoch 48/150:  79%|███████▉  | 356/449 [00:01<00:00, 215.08it/s]
Epoch 48/150:  86%|████████▌ | 384/449 [00:01<00:00, 231.46it/s]
Epoch 48/150:  91%|█████████ | 408/449 [00:01<00:00, 214.43it/s]
Epoch 48/150:  97%|█████████▋| 436/449 [00:02<00:00, 230.33it/s]
Epoch 48/150: 100%|██████████| 449/449 [00:02<00:00, 203.36it/s]

Epoch 49/150:   0%|          | 0/449 [00:00<?, ?it/s]
Epoch 49/150:   0%|          | 1/449 [00:00<00:51,  8.70it/s]
Epoch 49/150:   5%|▌         | 24/449 [00:00<00:03, 128.50it/s]
Epoch 49/150:  11%|█         | 49/449 [00:00<00:02, 179.83it/s]
Epoch 49/150:  15%|█▌        | 68/449 [00:00<00:02, 177.42it/s]
Epoch 49/150:  21%|██        | 95/449 [00:00<00:01, 207.62it/s]
Epoch 49/150:  26%|██▌       | 117/449 [00:00<00:01, 198.07it/s]
Epoch 49/150:  32%|███▏      | 145/449 [00:00<00:01, 220.34it/s]
Epoch 49/150:  37%|███▋      | 168/449 [00:00<00:01, 208.33it/s]
Epoch 49/150:  43%|████▎     | 194/449 [00:00<00:01, 221.03it/s]
Epoch 49/150:  48%|████▊     | 217/449 [00:01<00:01, 210.66it/s]
Epoch 49/150:  54%|█████▍    | 242/449 [00:01<00:00, 221.11it/s]
Epoch 49/150:  59%|█████▉    | 265/449 [00:01<00:00, 210.01it/s]
Epoch 49/150:  64%|██████▍   | 289/449 [00:01<00:00, 216.81it/s]
Epoch 49/150:  69%|██████▉   | 311/449 [00:01<00:00, 208.57it/s]
Epoch 49/150:  74%|███████▍  | 333/449 [00:01<00:00, 210.76it/s]
Epoch 49/150:  79%|███████▉  | 355/449 [00:01<00:00, 209.05it/s]
Epoch 49/150:  84%|████████▍ | 377/449 [00:01<00:00, 210.39it/s]
Epoch 49/150:  90%|████████▉ | 402/449 [00:01<00:00, 218.91it/s]
Epoch 49/150:  94%|█████████▍| 424/449 [00:02<00:00, 207.95it/s]
Epoch 49/150: 100%|██████████| 449/449 [00:02<00:00, 201.43it/s]

Epoch 50/150:   0%|          | 0/449 [00:00<?, ?it/s]
Epoch 50/150:   0%|          | 1/449 [00:00<00:49,  9.00it/s]
Epoch 50/150:   6%|▌         | 25/449 [00:00<00:03, 134.36it/s]
Epoch 50/150:  11%|█         | 48/449 [00:00<00:02, 174.51it/s]
Epoch 50/150:  17%|█▋        | 75/449 [00:00<00:01, 207.65it/s]
Epoch 50/150:  21%|██▏       | 96/449 [00:00<00:01, 196.11it/s]
Epoch 50/150:  27%|██▋       | 123/449 [00:00<00:01, 217.79it/s]
Epoch 50/150:  33%|███▎      | 146/449 [00:00<00:01, 211.44it/s]
Epoch 50/150:  39%|███▉      | 174/449 [00:00<00:01, 229.60it/s]
Epoch 50/150:  44%|████▍     | 198/449 [00:00<00:01, 214.59it/s]
Epoch 50/150:  49%|████▉     | 222/449 [00:01<00:01, 220.96it/s]
Epoch 50/150:  55%|█████▍    | 245/449 [00:01<00:00, 214.72it/s]
Epoch 50/150:  59%|█████▉    | 267/449 [00:01<00:00, 215.08it/s]
Epoch 50/150:  65%|██████▍   | 291/449 [00:01<00:00, 218.15it/s]
Epoch 50/150:  70%|██████▉   | 313/449 [00:01<00:00, 211.19it/s]
Epoch 50/150:  75%|███████▌  | 338/449 [00:01<00:00, 221.90it/s]
Epoch 50/150:  80%|████████  | 361/449 [00:01<00:00, 211.02it/s]
Epoch 50/150:  86%|████████▌ | 387/449 [00:01<00:00, 222.38it/s]
Epoch 50/150:  91%|█████████▏| 410/449 [00:02<00:00, 150.35it/s]
Epoch 50/150:  96%|█████████▋| 433/449 [00:02<00:00, 167.00it/s]
Epoch 50/150: 100%|██████████| 449/449 [00:02<00:00, 192.77it/s]

Epoch 51/150:   0%|          | 0/449 [00:00<?, ?it/s]
Epoch 51/150:   0%|          | 1/449 [00:00<00:49,  9.02it/s]
Epoch 51/150:   6%|▌         | 27/449 [00:00<00:02, 149.96it/s]
Epoch 51/150:  10%|█         | 47/449 [00:00<00:02, 169.67it/s]
Epoch 51/150:  16%|█▌        | 71/449 [00:00<00:01, 194.23it/s]
Epoch 51/150:  20%|██        | 92/449 [00:00<00:01, 199.53it/s]
Epoch 51/150:  25%|██▌       | 113/449 [00:00<00:01, 202.16it/s]
Epoch 51/150:  31%|███       | 140/449 [00:00<00:01, 219.86it/s]
Epoch 51/150:  36%|███▋      | 163/449 [00:00<00:01, 208.94it/s]
Epoch 51/150:  42%|████▏     | 190/449 [00:00<00:01, 224.84it/s]
Epoch 51/150:  47%|████▋     | 213/449 [00:01<00:01, 208.70it/s]
Epoch 51/150:  53%|█████▎    | 238/449 [00:01<00:00, 219.79it/s]
Epoch 51/150:  58%|█████▊    | 261/449 [00:01<00:00, 203.26it/s]
Epoch 51/150:  64%|██████▍   | 287/449 [00:01<00:00, 218.00it/s]
Epoch 51/150:  69%|██████▉   | 310/449 [00:01<00:00, 203.98it/s]
Epoch 51/150:  75%|███████▍  | 336/449 [00:01<00:00, 217.37it/s]
Epoch 51/150:  80%|███████▉  | 359/449 [00:01<00:00, 204.56it/s]
Epoch 51/150:  86%|████████▌ | 386/449 [00:01<00:00, 221.38it/s]
Epoch 51/150:  91%|█████████ | 409/449 [00:01<00:00, 210.96it/s]
Epoch 51/150:  97%|█████████▋| 435/449 [00:02<00:00, 222.75it/s]
Epoch 51/150: 100%|██████████| 449/449 [00:02<00:00, 201.95it/s]

Epoch 52/150:   0%|          | 0/449 [00:00<?, ?it/s]
Epoch 52/150:   0%|          | 1/449 [00:00<00:50,  8.89it/s]
Epoch 52/150:   5%|▍         | 21/449 [00:00<00:03, 114.12it/s]
Epoch 52/150:  11%|█         | 48/449 [00:00<00:02, 179.23it/s]
Epoch 52/150:  15%|█▍        | 67/449 [00:00<00:02, 178.33it/s]
Epoch 52/150:  20%|██        | 92/449 [00:00<00:01, 201.59it/s]
Epoch 52/150:  25%|██▌       | 113/449 [00:00<00:01, 195.73it/s]
Epoch 52/150:  30%|███       | 136/449 [00:00<00:01, 204.94it/s]
Epoch 52/150:  35%|███▌      | 158/449 [00:00<00:01, 206.38it/s]
Epoch 52/150:  40%|███▉      | 179/449 [00:00<00:01, 205.56it/s]
Epoch 52/150:  46%|████▌     | 206/449 [00:01<00:01, 222.68it/s]
Epoch 52/150:  51%|█████     | 229/449 [00:01<00:01, 208.77it/s]
Epoch 52/150:  57%|█████▋    | 255/449 [00:01<00:00, 223.10it/s]
Epoch 52/150:  62%|██████▏   | 278/449 [00:01<00:00, 211.35it/s]
Epoch 52/150:  67%|██████▋   | 303/449 [00:01<00:00, 221.83it/s]
Epoch 52/150:  73%|███████▎  | 326/449 [00:01<00:00, 209.86it/s]
Epoch 52/150:  78%|███████▊  | 351/449 [00:01<00:00, 219.04it/s]
Epoch 52/150:  83%|████████▎ | 374/449 [00:01<00:00, 213.47it/s]
Epoch 52/150:  88%|████████▊ | 397/449 [00:01<00:00, 217.04it/s]
Epoch 52/150:  93%|█████████▎| 419/449 [00:02<00:00, 214.94it/s]
Epoch 52/150:  98%|█████████▊| 442/449 [00:02<00:00, 217.20it/s]
Epoch 52/150: 100%|██████████| 449/449 [00:02<00:00, 201.12it/s]

Epoch 53/150:   0%|          | 0/449 [00:00<?, ?it/s]
Epoch 53/150:   0%|          | 1/449 [00:00<00:51,  8.69it/s]
Epoch 53/150:   7%|▋         | 30/449 [00:00<00:02, 161.40it/s]
Epoch 53/150:  11%|█         | 49/449 [00:00<00:02, 170.40it/s]
Epoch 53/150:  16%|█▋        | 74/449 [00:00<00:01, 198.69it/s]
Epoch 53/150:  21%|██        | 95/449 [00:00<00:01, 200.51it/s]
Epoch 53/150:  26%|██▌       | 116/449 [00:00<00:01, 202.41it/s]
Epoch 53/150:  31%|███▏      | 141/449 [00:00<00:01, 215.34it/s]
Epoch 53/150:  36%|███▋      | 163/449 [00:00<00:01, 204.36it/s]
Epoch 53/150:  42%|████▏     | 189/449 [00:00<00:01, 215.05it/s]
Epoch 53/150:  47%|████▋     | 211/449 [00:01<00:01, 203.66it/s]
Epoch 53/150:  53%|█████▎    | 237/449 [00:01<00:00, 218.72it/s]
Epoch 53/150:  58%|█████▊    | 260/449 [00:01<00:00, 204.16it/s]
Epoch 53/150:  64%|██████▍   | 287/449 [00:01<00:00, 221.08it/s]
Epoch 53/150:  69%|██████▉   | 310/449 [00:01<00:00, 208.55it/s]
Epoch 53/150:  75%|███████▍  | 336/449 [00:01<00:00, 221.55it/s]
Epoch 53/150:  80%|███████▉  | 359/449 [00:01<00:00, 208.96it/s]
Epoch 53/150:  86%|████████▌ | 386/449 [00:01<00:00, 224.48it/s]
Epoch 53/150:  91%|█████████ | 409/449 [00:01<00:00, 213.51it/s]
Epoch 53/150:  97%|█████████▋| 434/449 [00:02<00:00, 222.40it/s]
Epoch 53/150: 100%|██████████| 449/449 [00:02<00:00, 201.70it/s]

Epoch 54/150:   0%|          | 0/449 [00:00<?, ?it/s]
Epoch 54/150:   0%|          | 1/449 [00:00<00:51,  8.77it/s]
Epoch 54/150:   4%|▍         | 19/449 [00:00<00:04, 103.96it/s]
Epoch 54/150:  10%|█         | 46/449 [00:00<00:02, 174.75it/s]
Epoch 54/150:  15%|█▍        | 66/449 [00:00<00:02, 181.81it/s]
Epoch 54/150:  20%|██        | 90/449 [00:00<00:01, 201.00it/s]
Epoch 54/150:  25%|██▍       | 112/449 [00:00<00:01, 205.43it/s]
Epoch 54/150:  30%|██▉       | 133/449 [00:00<00:01, 205.95it/s]
Epoch 54/150:  35%|███▌      | 158/449 [00:00<00:01, 216.82it/s]
Epoch 54/150:  40%|████      | 180/449 [00:00<00:01, 207.92it/s]
Epoch 54/150:  46%|████▌     | 206/449 [00:01<00:01, 222.08it/s]
Epoch 54/150:  51%|█████     | 229/449 [00:01<00:01, 203.99it/s]
Epoch 54/150:  57%|█████▋    | 256/449 [00:01<00:00, 219.93it/s]
Epoch 54/150:  62%|██████▏   | 279/449 [00:01<00:00, 198.85it/s]
Epoch 54/150:  67%|██████▋   | 300/449 [00:01<00:00, 201.40it/s]
Epoch 54/150:  71%|███████▏  | 321/449 [00:01<00:00, 192.55it/s]
Epoch 54/150:  76%|███████▋  | 343/449 [00:01<00:00, 199.45it/s]
Epoch 54/150:  81%|████████  | 364/449 [00:01<00:00, 200.45it/s]
Epoch 54/150:  86%|████████▌ | 386/449 [00:01<00:00, 204.44it/s]
Epoch 54/150:  91%|█████████ | 409/449 [00:02<00:00, 207.30it/s]
Epoch 54/150:  96%|█████████▌| 430/449 [00:02<00:00, 203.26it/s]
Epoch 54/150: 100%|██████████| 449/449 [00:02<00:00, 195.54it/s]

Epoch 55/150:   0%|          | 0/449 [00:00<?, ?it/s]
Epoch 55/150:   0%|          | 1/449 [00:00<00:49,  9.07it/s]
Epoch 55/150:   5%|▌         | 24/449 [00:00<00:03, 132.37it/s]
Epoch 55/150:   9%|▉         | 41/449 [00:00<00:02, 147.86it/s]
Epoch 55/150:  15%|█▌        | 68/449 [00:00<00:01, 193.03it/s]
Epoch 55/150:  20%|█▉        | 88/449 [00:00<00:01, 190.84it/s]
Epoch 55/150:  25%|██▌       | 113/449 [00:00<00:01, 209.27it/s]
Epoch 55/150:  30%|███       | 135/449 [00:00<00:01, 204.74it/s]
Epoch 55/150:  35%|███▌      | 159/449 [00:00<00:01, 214.78it/s]
Epoch 55/150:  40%|████      | 181/449 [00:00<00:01, 212.93it/s]
Epoch 55/150:  45%|████▌     | 203/449 [00:01<00:01, 214.32it/s]
Epoch 55/150:  51%|█████     | 229/449 [00:01<00:00, 223.36it/s]
Epoch 55/150:  56%|█████▌    | 252/449 [00:01<00:00, 213.41it/s]
Epoch 55/150:  62%|██████▏   | 280/449 [00:01<00:00, 229.42it/s]
Epoch 55/150:  68%|██████▊   | 304/449 [00:01<00:00, 215.18it/s]
Epoch 55/150:  74%|███████▎  | 331/449 [00:01<00:00, 228.33it/s]
Epoch 55/150:  79%|███████▉  | 355/449 [00:01<00:00, 213.52it/s]
Epoch 55/150:  85%|████████▌ | 382/449 [00:01<00:00, 226.15it/s]
Epoch 55/150:  90%|█████████ | 405/449 [00:01<00:00, 210.03it/s]
Epoch 55/150:  96%|█████████▌| 431/449 [00:02<00:00, 223.35it/s]
Epoch 55/150: 100%|██████████| 449/449 [00:02<00:00, 203.18it/s]

Epoch 56/150:   0%|          | 0/449 [00:00<?, ?it/s]
Epoch 56/150:   0%|          | 1/449 [00:00<00:49,  8.98it/s]
Epoch 56/150:   5%|▍         | 21/449 [00:00<00:03, 111.37it/s]
Epoch 56/150:  11%|█         | 48/449 [00:00<00:02, 179.53it/s]
Epoch 56/150:  15%|█▍        | 67/449 [00:00<00:02, 181.25it/s]
Epoch 56/150:  20%|██        | 91/449 [00:00<00:01, 201.76it/s]
Epoch 56/150:  25%|██▍       | 112/449 [00:00<00:01, 201.97it/s]
Epoch 56/150:  30%|██▉       | 134/449 [00:00<00:01, 205.96it/s]
Epoch 56/150:  35%|███▌      | 158/449 [00:00<00:01, 215.74it/s]
Epoch 56/150:  40%|████      | 180/449 [00:00<00:01, 208.80it/s]
Epoch 56/150:  46%|████▌     | 206/449 [00:01<00:01, 222.84it/s]
Epoch 56/150:  51%|█████     | 229/449 [00:01<00:01, 208.37it/s]
Epoch 56/150:  57%|█████▋    | 256/449 [00:01<00:00, 225.12it/s]
Epoch 56/150:  62%|██████▏   | 279/449 [00:01<00:00, 209.65it/s]
Epoch 56/150:  68%|██████▊   | 306/449 [00:01<00:00, 224.00it/s]
Epoch 56/150:  73%|███████▎  | 329/449 [00:01<00:00, 209.65it/s]
Epoch 56/150:  79%|███████▉  | 356/449 [00:01<00:00, 225.65it/s]
Epoch 56/150:  85%|████████▍ | 380/449 [00:01<00:00, 213.91it/s]
Epoch 56/150:  90%|█████████ | 406/449 [00:01<00:00, 224.51it/s]
Epoch 56/150:  96%|█████████▌| 429/449 [00:02<00:00, 212.94it/s]
Epoch 56/150: 100%|██████████| 449/449 [00:02<00:00, 202.27it/s]

Epoch 57/150:   0%|          | 0/449 [00:00<?, ?it/s]
Epoch 57/150:   0%|          | 1/449 [00:00<00:52,  8.60it/s]
Epoch 57/150:   6%|▌         | 28/449 [00:00<00:02, 152.15it/s]
Epoch 57/150:  10%|█         | 47/449 [00:00<00:02, 165.92it/s]
Epoch 57/150:  16%|█▋        | 73/449 [00:00<00:01, 200.41it/s]
Epoch 57/150:  21%|██        | 94/449 [00:00<00:01, 200.95it/s]
Epoch 57/150:  26%|██▌       | 116/449 [00:00<00:01, 206.73it/s]
Epoch 57/150:  31%|███       | 138/449 [00:00<00:01, 209.04it/s]
Epoch 57/150:  36%|███▌      | 160/449 [00:00<00:01, 208.73it/s]
Epoch 57/150:  41%|████      | 185/449 [00:00<00:01, 219.41it/s]
Epoch 57/150:  46%|████▋     | 208/449 [00:01<00:01, 209.68it/s]
Epoch 57/150:  52%|█████▏    | 234/449 [00:01<00:00, 223.17it/s]
Epoch 57/150:  57%|█████▋    | 257/449 [00:01<00:00, 207.40it/s]
Epoch 57/150:  63%|██████▎   | 283/449 [00:01<00:00, 221.10it/s]
Epoch 57/150:  68%|██████▊   | 306/449 [00:01<00:00, 207.24it/s]
Epoch 57/150:  74%|███████▍  | 333/449 [00:01<00:00, 222.16it/s]
Epoch 57/150:  79%|███████▉  | 356/449 [00:01<00:00, 208.66it/s]
Epoch 57/150:  85%|████████▌ | 383/449 [00:01<00:00, 225.16it/s]
Epoch 57/150:  90%|█████████ | 406/449 [00:01<00:00, 214.66it/s]
Epoch 57/150:  96%|█████████▌| 430/449 [00:02<00:00, 220.92it/s]
Epoch 57/150: 100%|██████████| 449/449 [00:02<00:00, 202.47it/s]

Epoch 58/150:   0%|          | 0/449 [00:00<?, ?it/s]
Epoch 58/150:   0%|          | 1/449 [00:00<00:50,  8.82it/s]
Epoch 58/150:   5%|▍         | 21/449 [00:00<00:03, 113.79it/s]
Epoch 58/150:  11%|█         | 48/449 [00:00<00:02, 180.71it/s]
Epoch 58/150:  15%|█▌        | 69/449 [00:00<00:01, 190.16it/s]
Epoch 58/150:  20%|██        | 90/449 [00:00<00:01, 195.83it/s]
Epoch 58/150:  25%|██▌       | 114/449 [00:00<00:01, 209.58it/s]
Epoch 58/150:  30%|███       | 136/449 [00:00<00:01, 201.47it/s]
Epoch 58/150:  36%|███▌      | 162/449 [00:00<00:01, 217.35it/s]
Epoch 58/150:  41%|████      | 184/449 [00:00<00:01, 203.22it/s]
Epoch 58/150:  47%|████▋     | 211/449 [00:01<00:01, 220.20it/s]
Epoch 58/150:  52%|█████▏    | 234/449 [00:01<00:01, 209.56it/s]
Epoch 58/150:  58%|█████▊    | 259/449 [00:01<00:00, 220.13it/s]
Epoch 58/150:  63%|██████▎   | 282/449 [00:01<00:00, 209.08it/s]
Epoch 58/150:  68%|██████▊   | 307/449 [00:01<00:00, 219.82it/s]
Epoch 58/150:  73%|███████▎  | 330/449 [00:01<00:00, 210.12it/s]
Epoch 58/150:  79%|███████▉  | 355/449 [00:01<00:00, 220.07it/s]
Epoch 58/150:  84%|████████▍ | 378/449 [00:01<00:00, 217.06it/s]
Epoch 58/150:  89%|████████▉ | 400/449 [00:01<00:00, 217.47it/s]
Epoch 58/150:  95%|█████████▍| 426/449 [00:02<00:00, 226.77it/s]
Epoch 58/150: 100%|██████████| 449/449 [00:02<00:00, 217.72it/s]
Epoch 58/150: 100%|██████████| 449/449 [00:02<00:00, 202.03it/s]

Epoch 59/150:   0%|          | 0/449 [00:00<?, ?it/s]
Epoch 59/150:   0%|          | 1/449 [00:00<00:49,  8.97it/s]
Epoch 59/150:   6%|▌         | 27/449 [00:00<00:02, 147.11it/s]
Epoch 59/150:  11%|█         | 48/449 [00:00<00:02, 173.72it/s]
Epoch 59/150:  16%|█▌        | 70/449 [00:00<00:02, 189.05it/s]
Epoch 59/150:  21%|██▏       | 96/449 [00:00<00:01, 207.31it/s]
Epoch 59/150:  26%|██▌       | 117/449 [00:00<00:01, 196.72it/s]
Epoch 59/150:  32%|███▏      | 143/449 [00:00<00:01, 215.46it/s]
Epoch 59/150:  37%|███▋      | 165/449 [00:00<00:01, 202.98it/s]
Epoch 59/150:  43%|████▎     | 192/449 [00:00<00:01, 220.55it/s]
Epoch 59/150:  48%|████▊     | 215/449 [00:01<00:01, 208.80it/s]
Epoch 59/150:  54%|█████▎    | 241/449 [00:01<00:00, 221.41it/s]
Epoch 59/150:  59%|█████▉    | 264/449 [00:01<00:00, 212.72it/s]
Epoch 59/150:  64%|██████▎   | 286/449 [00:01<00:01, 152.91it/s]
Epoch 59/150:  69%|██████▉   | 312/449 [00:01<00:00, 176.01it/s]
Epoch 59/150:  74%|███████▍  | 333/449 [00:01<00:00, 179.70it/s]
Epoch 59/150:  80%|███████▉  | 357/449 [00:01<00:00, 193.50it/s]
Epoch 59/150:  84%|████████▍ | 379/449 [00:01<00:00, 198.41it/s]
Epoch 59/150:  89%|████████▉ | 400/449 [00:02<00:00, 199.83it/s]
Epoch 59/150:  95%|█████████▍| 426/449 [00:02<00:00, 214.50it/s]
Epoch 59/150: 100%|██████████| 449/449 [00:02<00:00, 207.19it/s]
Epoch 59/150: 100%|██████████| 449/449 [00:02<00:00, 190.28it/s]

Epoch 60/150:   0%|          | 0/449 [00:00<?, ?it/s]
Epoch 60/150:   0%|          | 1/449 [00:00<00:52,  8.47it/s]
Epoch 60/150:   6%|▋         | 29/449 [00:00<00:02, 155.66it/s]
Epoch 60/150:  11%|█         | 50/449 [00:00<00:02, 175.74it/s]
Epoch 60/150:  16%|█▌        | 71/449 [00:00<00:02, 187.69it/s]
Epoch 60/150:  21%|██        | 94/449 [00:00<00:01, 197.56it/s]
Epoch 60/150:  25%|██▌       | 114/449 [00:00<00:01, 196.65it/s]
Epoch 60/150:  31%|███       | 140/449 [00:00<00:01, 216.63it/s]
Epoch 60/150:  36%|███▌      | 162/449 [00:00<00:01, 203.84it/s]
Epoch 60/150:  42%|████▏     | 189/449 [00:00<00:01, 222.57it/s]
Epoch 60/150:  47%|████▋     | 212/449 [00:01<00:01, 208.28it/s]
Epoch 60/150:  53%|█████▎    | 239/449 [00:01<00:00, 223.02it/s]
Epoch 60/150:  58%|█████▊    | 262/449 [00:01<00:00, 207.96it/s]
Epoch 60/150:  65%|██████▍   | 291/449 [00:01<00:00, 227.59it/s]
Epoch 60/150:  70%|███████   | 315/449 [00:01<00:00, 210.80it/s]
Epoch 60/150:  76%|███████▌  | 342/449 [00:01<00:00, 225.64it/s]
Epoch 60/150:  82%|████████▏ | 366/449 [00:01<00:00, 210.50it/s]
Epoch 60/150:  88%|████████▊ | 393/449 [00:01<00:00, 223.76it/s]
Epoch 60/150:  93%|█████████▎| 416/449 [00:02<00:00, 208.10it/s]
Epoch 60/150:  99%|█████████▊| 443/449 [00:02<00:00, 223.67it/s]
Epoch 60/150: 100%|██████████| 449/449 [00:02<00:00, 203.13it/s]

Epoch 61/150:   0%|          | 0/449 [00:00<?, ?it/s]
Epoch 61/150:   0%|          | 1/449 [00:00<00:50,  8.95it/s]
Epoch 61/150:   5%|▍         | 22/449 [00:00<00:03, 119.20it/s]
Epoch 61/150:  10%|█         | 47/449 [00:00<00:02, 176.52it/s]
Epoch 61/150:  15%|█▌        | 68/449 [00:00<00:02, 188.68it/s]
Epoch 61/150:  20%|█▉        | 89/449 [00:00<00:01, 195.32it/s]
Epoch 61/150:  25%|██▍       | 112/449 [00:00<00:01, 204.32it/s]
Epoch 61/150:  30%|██▉       | 133/449 [00:00<00:01, 193.04it/s]
Epoch 61/150:  36%|███▌      | 160/449 [00:00<00:01, 214.05it/s]
Epoch 61/150:  41%|████      | 182/449 [00:00<00:01, 202.33it/s]
Epoch 61/150:  47%|████▋     | 210/449 [00:01<00:01, 223.40it/s]
Epoch 61/150:  52%|█████▏    | 233/449 [00:01<00:01, 212.54it/s]
Epoch 61/150:  58%|█████▊    | 260/449 [00:01<00:00, 226.63it/s]
Epoch 61/150:  63%|██████▎   | 283/449 [00:01<00:00, 211.38it/s]
Epoch 61/150:  69%|██████▊   | 308/449 [00:01<00:00, 221.78it/s]
Epoch 61/150:  74%|███████▎  | 331/449 [00:01<00:00, 218.55it/s]
Epoch 61/150:  79%|███████▉  | 355/449 [00:01<00:00, 222.75it/s]
Epoch 61/150:  85%|████████▍ | 380/449 [00:01<00:00, 227.45it/s]
Epoch 61/150:  90%|████████▉ | 403/449 [00:01<00:00, 213.82it/s]
Epoch 61/150:  96%|█████████▌| 429/449 [00:02<00:00, 226.05it/s]
Epoch 61/150: 100%|██████████| 449/449 [00:02<00:00, 202.92it/s]
Applying augmentations: ['dtwwarp', 'window_warping'] (this might take a while)...
Augmentations ['dtwwarp', 'window_warping'] applied successfully.
Fold 0 | Input Dim: 70 | Train: 14367, Val: 720, Test: 1347
Epoch 1, Train Loss: 0.1971, Train F1: 0.5708, Val F1: 0.6198, LR: 0.000040
✅ Model Saved (Best F1-score)
Epoch 2, Train Loss: 0.1809, Train F1: 0.6348, Val F1: 0.6381, LR: 0.000060
✅ Model Saved (Best F1-score)
Epoch 3, Train Loss: 0.1737, Train F1: 0.6619, Val F1: 0.6489, LR: 0.000080
✅ Model Saved (Best F1-score)
Epoch 4, Train Loss: 0.1686, Train F1: 0.6753, Val F1: 0.6492, LR: 0.000100
✅ Model Saved (Best F1-score)
Epoch 5, Train Loss: 0.1651, Train F1: 0.6870, Val F1: 0.6605, LR: 0.000100
✅ Model Saved (Best F1-score)
Epoch 6, Train Loss: 0.1607, Train F1: 0.6989, Val F1: 0.6549, LR: 0.000100
Epoch 7, Train Loss: 0.1562, Train F1: 0.7100, Val F1: 0.6652, LR: 0.000100
✅ Model Saved (Best F1-score)
Epoch 8, Train Loss: 0.1512, Train F1: 0.7243, Val F1: 0.6580, LR: 0.000100
Epoch 9, Train Loss: 0.1473, Train F1: 0.7308, Val F1: 0.6673, LR: 0.000100
✅ Model Saved (Best F1-score)
Epoch 10, Train Loss: 0.1431, Train F1: 0.7385, Val F1: 0.6587, LR: 0.000100
Epoch 11, Train Loss: 0.1390, Train F1: 0.7482, Val F1: 0.6901, LR: 0.000100
✅ Model Saved (Best F1-score)
Epoch 12, Train Loss: 0.1333, Train F1: 0.7583, Val F1: 0.6288, LR: 0.000099
Epoch 13, Train Loss: 0.1290, Train F1: 0.7633, Val F1: 0.6740, LR: 0.000099
Epoch 14, Train Loss: 0.1246, Train F1: 0.7726, Val F1: 0.6652, LR: 0.000099
Epoch 15, Train Loss: 0.1191, Train F1: 0.7836, Val F1: 0.6578, LR: 0.000099
Epoch 16, Train Loss: 0.1142, Train F1: 0.7932, Val F1: 0.6458, LR: 0.000099
Epoch 17, Train Loss: 0.1097, Train F1: 0.8002, Val F1: 0.6245, LR: 0.000098
Epoch 18, Train Loss: 0.1045, Train F1: 0.8112, Val F1: 0.6233, LR: 0.000098
Epoch 19, Train Loss: 0.0993, Train F1: 0.8219, Val F1: 0.6282, LR: 0.000098
Epoch 20, Train Loss: 0.0955, Train F1: 0.8263, Val F1: 0.6335, LR: 0.000097
Epoch 21, Train Loss: 0.0913, Train F1: 0.8335, Val F1: 0.6298, LR: 0.000097
Epoch 22, Train Loss: 0.0864, Train F1: 0.8429, Val F1: 0.6193, LR: 0.000097
Epoch 23, Train Loss: 0.0840, Train F1: 0.8462, Val F1: 0.6386, LR: 0.000096
Epoch 24, Train Loss: 0.0774, Train F1: 0.8572, Val F1: 0.6340, LR: 0.000096
Epoch 25, Train Loss: 0.0747, Train F1: 0.8651, Val F1: 0.6230, LR: 0.000095
Epoch 26, Train Loss: 0.0704, Train F1: 0.8718, Val F1: 0.6090, LR: 0.000095
Epoch 27, Train Loss: 0.0679, Train F1: 0.8788, Val F1: 0.6360, LR: 0.000094
Epoch 28, Train Loss: 0.0646, Train F1: 0.8834, Val F1: 0.6236, LR: 0.000094
Epoch 29, Train Loss: 0.0599, Train F1: 0.8918, Val F1: 0.6111, LR: 0.000093
Epoch 30, Train Loss: 0.0577, Train F1: 0.8974, Val F1: 0.6329, LR: 0.000093
Epoch 31, Train Loss: 0.0549, Train F1: 0.9023, Val F1: 0.6230, LR: 0.000092
Epoch 32, Train Loss: 0.0513, Train F1: 0.9090, Val F1: 0.6278, LR: 0.000092
Epoch 33, Train Loss: 0.0493, Train F1: 0.9145, Val F1: 0.6175, LR: 0.000091
Epoch 34, Train Loss: 0.0461, Train F1: 0.9191, Val F1: 0.6231, LR: 0.000090
Epoch 35, Train Loss: 0.0438, Train F1: 0.9251, Val F1: 0.6277, LR: 0.000090
Epoch 36, Train Loss: 0.0423, Train F1: 0.9279, Val F1: 0.6286, LR: 0.000089
Epoch 37, Train Loss: 0.0389, Train F1: 0.9340, Val F1: 0.6336, LR: 0.000088
Epoch 38, Train Loss: 0.0392, Train F1: 0.9331, Val F1: 0.6161, LR: 0.000088
Epoch 39, Train Loss: 0.0367, Train F1: 0.9392, Val F1: 0.6252, LR: 0.000087
Epoch 40, Train Loss: 0.0339, Train F1: 0.9434, Val F1: 0.6276, LR: 0.000086
Epoch 41, Train Loss: 0.0321, Train F1: 0.9474, Val F1: 0.6174, LR: 0.000086
Epoch 42, Train Loss: 0.0301, Train F1: 0.9493, Val F1: 0.6284, LR: 0.000085
Epoch 43, Train Loss: 0.0275, Train F1: 0.9552, Val F1: 0.6218, LR: 0.000084
Epoch 44, Train Loss: 0.0264, Train F1: 0.9566, Val F1: 0.6201, LR: 0.000083
Epoch 45, Train Loss: 0.0250, Train F1: 0.9594, Val F1: 0.6289, LR: 0.000082
Epoch 46, Train Loss: 0.0246, Train F1: 0.9614, Val F1: 0.6199, LR: 0.000082
Epoch 47, Train Loss: 0.0229, Train F1: 0.9635, Val F1: 0.6255, LR: 0.000081
Epoch 48, Train Loss: 0.0211, Train F1: 0.9656, Val F1: 0.6094, LR: 0.000080
Epoch 49, Train Loss: 0.0211, Train F1: 0.9669, Val F1: 0.6220, LR: 0.000079
Epoch 50, Train Loss: 0.0198, Train F1: 0.9688, Val F1: 0.6356, LR: 0.000078
Epoch 51, Train Loss: 0.0174, Train F1: 0.9727, Val F1: 0.6113, LR: 0.000077
Epoch 52, Train Loss: 0.0176, Train F1: 0.9719, Val F1: 0.6021, LR: 0.000076
Epoch 53, Train Loss: 0.0166, Train F1: 0.9739, Val F1: 0.6100, LR: 0.000075
Epoch 54, Train Loss: 0.0160, Train F1: 0.9753, Val F1: 0.6185, LR: 0.000074
Epoch 55, Train Loss: 0.0139, Train F1: 0.9792, Val F1: 0.6116, LR: 0.000073
Epoch 56, Train Loss: 0.0141, Train F1: 0.9781, Val F1: 0.6191, LR: 0.000072
Epoch 57, Train Loss: 0.0137, Train F1: 0.9795, Val F1: 0.5894, LR: 0.000071
Epoch 58, Train Loss: 0.0123, Train F1: 0.9810, Val F1: 0.6045, LR: 0.000071
Epoch 59, Train Loss: 0.0109, Train F1: 0.9839, Val F1: 0.6194, LR: 0.000070
Epoch 60, Train Loss: 0.0111, Train F1: 0.9829, Val F1: 0.6190, LR: 0.000069
Epoch 61, Train Loss: 0.0103, Train F1: 0.9844, Val F1: 0.6163, LR: 0.000067
⏹️ Early Stopping Triggered
Fold 0 Test F1: 0.6871, Accuracy: 0.3630, cost 1.3967399342288418e-05 sec

✅ F1 scores from each Fold:
Fold 0: Macro F1 = 0.6871, Accuracy: 0.3630, cost time = 0.000014 sec
  - Correct: F1 = 0.4910
  - Far from the shins: F1 = 0.7198
  - Hips rise first: F1 = 0.7285
  - Collide with the knees: F1 = 0.6090
  - Lower back rounding: F1 = 0.6913

📊 Average F1 Score: 0.6871 ± 0.0000
  Average F1 Score per Class:
  - Correct: 0.4910 ± 0.0000
  - Far from the shins: 0.7198 ± 0.0000
  - Hips rise first: 0.7285 ± 0.0000
  - Collide with the knees: 0.6090 ± 0.0000
  - Lower back rounding: 0.6913 ± 0.0000
🏆 Best F1: 0.6871 from Fold 0
📁 Best model saved at: ./models/deadlift/TST_Deadlift_3D/dtwwarp_window_warping/PatchTST_model_fold0.pth

✅ 寫入完成：./models/deadlift/TST_Deadlift_3D/dtwwarp_window_warping/results_summary.txt
Starting dtwwarp+jittering

  0%|          | 0/4789 [00:00<?, ?it/s]
  2%|▏         | 85/4789 [00:00<00:05, 842.44it/s]
  4%|▎         | 170/4789 [00:00<00:05, 827.32it/s]
  5%|▌         | 255/4789 [00:00<00:05, 834.56it/s]
  7%|▋         | 339/4789 [00:00<00:05, 830.91it/s]
  9%|▉         | 423/4789 [00:00<00:05, 829.91it/s]
 11%|█         | 507/4789 [00:00<00:05, 830.99it/s]
 12%|█▏        | 591/4789 [00:00<00:05, 828.61it/s]
 14%|█▍        | 676/4789 [00:00<00:04, 833.09it/s]
 16%|█▌        | 760/4789 [00:00<00:04, 829.70it/s]
 18%|█▊        | 845/4789 [00:01<00:04, 833.63it/s]
 19%|█▉        | 929/4789 [00:01<00:04, 827.47it/s]
 21%|██        | 1014/4789 [00:01<00:04, 832.44it/s]
 23%|██▎       | 1098/4789 [00:01<00:04, 825.45it/s]
 25%|██▍       | 1183/4789 [00:01<00:04, 831.87it/s]
 26%|██▋       | 1267/4789 [00:01<00:04, 829.01it/s]
 28%|██▊       | 1351/4789 [00:01<00:04, 829.91it/s]
 30%|██▉       | 1435/4789 [00:01<00:04, 831.77it/s]
 32%|███▏      | 1519/4789 [00:01<00:03, 828.63it/s]
 33%|███▎      | 1604/4789 [00:01<00:03, 832.12it/s]
 35%|███▌      | 1688/4789 [00:02<00:03, 828.37it/s]
 37%|███▋      | 1773/4789 [00:02<00:03, 832.40it/s]
 39%|███▉      | 1857/4789 [00:02<00:03, 826.42it/s]
 41%|████      | 1942/4789 [00:02<00:03, 830.84it/s]
 42%|████▏     | 2026/4789 [00:02<00:03, 826.84it/s]
 44%|████▍     | 2111/4789 [00:02<00:03, 831.69it/s]
 46%|████▌     | 2195/4789 [00:02<00:03, 829.98it/s]
 48%|████▊     | 2279/4789 [00:02<00:03, 831.93it/s]
 49%|████▉     | 2364/4789 [00:02<00:02, 834.97it/s]
 51%|█████     | 2448/4789 [00:02<00:02, 830.31it/s]
 53%|█████▎    | 2532/4789 [00:03<00:02, 832.41it/s]
 55%|█████▍    | 2616/4789 [00:03<00:02, 828.66it/s]
 56%|█████▋    | 2702/4789 [00:03<00:02, 835.15it/s]
 58%|█████▊    | 2786/4789 [00:03<00:02, 830.03it/s]
 60%|█████▉    | 2870/4789 [00:03<00:02, 832.42it/s]
 62%|██████▏   | 2954/4789 [00:03<00:02, 828.04it/s]
 63%|██████▎   | 3038/4789 [00:03<00:02, 831.35it/s]
 65%|██████▌   | 3122/4789 [00:03<00:02, 829.29it/s]
 67%|██████▋   | 3205/4789 [00:03<00:01, 829.10it/s]
 69%|██████▊   | 3288/4789 [00:03<00:01, 828.70it/s]
 70%|███████   | 3371/4789 [00:04<00:01, 825.62it/s]
 72%|███████▏  | 3455/4789 [00:04<00:01, 829.46it/s]
 74%|███████▍  | 3538/4789 [00:04<00:01, 826.23it/s]
 76%|███████▌  | 3623/4789 [00:04<00:01, 831.30it/s]
 77%|███████▋  | 3707/4789 [00:04<00:01, 825.95it/s]
 79%|███████▉  | 3791/4789 [00:04<00:01, 829.20it/s]
 81%|████████  | 3874/4789 [00:04<00:01, 827.70it/s]
 83%|████████▎ | 3958/4789 [00:04<00:01, 829.27it/s]
 84%|████████▍ | 4042/4789 [00:04<00:00, 830.10it/s]
 86%|████████▌ | 4126/4789 [00:04<00:00, 829.27it/s]
 88%|████████▊ | 4209/4789 [00:05<00:00, 828.73it/s]
 90%|████████▉ | 4292/4789 [00:05<00:00, 827.65it/s]
 91%|█████████▏| 4376/4789 [00:05<00:00, 829.58it/s]
 93%|█████████▎| 4459/4789 [00:05<00:00, 825.97it/s]
 95%|█████████▍| 4543/4789 [00:05<00:00, 829.41it/s]
 97%|█████████▋| 4626/4789 [00:05<00:00, 825.58it/s]
 98%|█████████▊| 4710/4789 [00:05<00:00, 829.13it/s]
100%|██████████| 4789/4789 [00:05<00:00, 829.69it/s]

Epoch 1/150:   0%|          | 0/449 [00:00<?, ?it/s]
Epoch 1/150:   0%|          | 1/449 [00:00<03:38,  2.05it/s]
Epoch 1/150:   5%|▍         | 21/449 [00:00<00:09, 46.93it/s]
Epoch 1/150:  10%|█         | 46/449 [00:00<00:04, 96.18it/s]
Epoch 1/150:  15%|█▌        | 69/449 [00:00<00:02, 130.02it/s]
Epoch 1/150:  20%|██        | 92/449 [00:00<00:02, 156.62it/s]
Epoch 1/150:  26%|██▋       | 118/449 [00:00<00:01, 184.33it/s]
Epoch 1/150:  31%|███▏      | 141/449 [00:01<00:01, 183.78it/s]
Epoch 1/150:  37%|███▋      | 167/449 [00:01<00:01, 202.63it/s]
Epoch 1/150:  42%|████▏     | 190/449 [00:01<00:01, 195.45it/s]
Epoch 1/150:  48%|████▊     | 216/449 [00:01<00:01, 211.35it/s]
Epoch 1/150:  53%|█████▎    | 239/449 [00:01<00:01, 201.11it/s]
Epoch 1/150:  59%|█████▉    | 266/449 [00:01<00:00, 218.94it/s]
Epoch 1/150:  64%|██████▍   | 289/449 [00:01<00:00, 205.87it/s]
Epoch 1/150:  70%|███████   | 316/449 [00:01<00:00, 222.38it/s]
Epoch 1/150:  76%|███████▌  | 339/449 [00:02<00:00, 206.38it/s]
Epoch 1/150:  82%|████████▏ | 366/449 [00:02<00:00, 221.31it/s]
Epoch 1/150:  87%|████████▋ | 389/449 [00:02<00:00, 211.70it/s]
Epoch 1/150:  92%|█████████▏| 415/449 [00:02<00:00, 222.87it/s]
Epoch 1/150:  98%|█████████▊| 438/449 [00:02<00:00, 211.02it/s]
Epoch 1/150: 100%|██████████| 449/449 [00:02<00:00, 173.75it/s]

Epoch 2/150:   0%|          | 0/449 [00:00<?, ?it/s]
Epoch 2/150:   0%|          | 1/449 [00:00<00:50,  8.83it/s]
Epoch 2/150:   6%|▌         | 25/449 [00:00<00:03, 137.25it/s]
Epoch 2/150:  10%|▉         | 44/449 [00:00<00:02, 160.50it/s]
Epoch 2/150:  15%|█▍        | 67/449 [00:00<00:02, 186.38it/s]
Epoch 2/150:  20%|██        | 92/449 [00:00<00:01, 208.07it/s]
Epoch 2/150:  25%|██▌       | 114/449 [00:00<00:01, 200.16it/s]
Epoch 2/150:  32%|███▏      | 142/449 [00:00<00:01, 222.83it/s]
Epoch 2/150:  37%|███▋      | 165/449 [00:00<00:01, 207.94it/s]
Epoch 2/150:  43%|████▎     | 192/449 [00:00<00:01, 224.78it/s]
Epoch 2/150:  48%|████▊     | 215/449 [00:01<00:01, 211.03it/s]
Epoch 2/150:  54%|█████▍    | 242/449 [00:01<00:00, 224.93it/s]
Epoch 2/150:  59%|█████▉    | 265/449 [00:01<00:00, 214.09it/s]
Epoch 2/150:  65%|██████▌   | 292/449 [00:01<00:00, 227.73it/s]
Epoch 2/150:  70%|███████   | 316/449 [00:01<00:00, 218.33it/s]
Epoch 2/150:  76%|███████▌  | 342/449 [00:01<00:00, 228.26it/s]
Epoch 2/150:  82%|████████▏ | 366/449 [00:01<00:00, 216.54it/s]
Epoch 2/150:  87%|████████▋ | 390/449 [00:01<00:00, 221.79it/s]
Epoch 2/150:  92%|█████████▏| 413/449 [00:01<00:00, 212.92it/s]
Epoch 2/150:  97%|█████████▋| 436/449 [00:02<00:00, 215.65it/s]
Epoch 2/150: 100%|██████████| 449/449 [00:02<00:00, 205.42it/s]

Epoch 3/150:   0%|          | 0/449 [00:00<?, ?it/s]
Epoch 3/150:   0%|          | 1/449 [00:00<00:52,  8.46it/s]
Epoch 3/150:   5%|▌         | 23/449 [00:00<00:03, 122.28it/s]
Epoch 3/150:  11%|█         | 48/449 [00:00<00:02, 175.15it/s]
Epoch 3/150:  17%|█▋        | 76/449 [00:00<00:01, 212.77it/s]
Epoch 3/150:  22%|██▏       | 98/449 [00:00<00:01, 205.04it/s]
Epoch 3/150:  29%|██▊       | 128/449 [00:00<00:01, 234.24it/s]
Epoch 3/150:  34%|███▍      | 152/449 [00:00<00:01, 218.61it/s]
Epoch 3/150:  39%|███▉      | 177/449 [00:00<00:01, 226.63it/s]
Epoch 3/150:  45%|████▍     | 200/449 [00:00<00:01, 213.71it/s]
Epoch 3/150:  50%|█████     | 226/449 [00:01<00:00, 226.81it/s]
Epoch 3/150:  56%|█████▌    | 250/449 [00:01<00:00, 214.02it/s]
Epoch 3/150:  61%|██████▏   | 276/449 [00:01<00:00, 226.16it/s]
Epoch 3/150:  67%|██████▋   | 299/449 [00:01<00:00, 217.41it/s]
Epoch 3/150:  72%|███████▏  | 324/449 [00:01<00:00, 224.83it/s]
Epoch 3/150:  77%|███████▋  | 347/449 [00:01<00:00, 215.51it/s]
Epoch 3/150:  82%|████████▏ | 370/449 [00:01<00:00, 218.17it/s]
Epoch 3/150:  87%|████████▋ | 392/449 [00:01<00:00, 212.89it/s]
Epoch 3/150:  92%|█████████▏| 414/449 [00:01<00:00, 214.16it/s]
Epoch 3/150:  98%|█████████▊| 439/449 [00:02<00:00, 223.18it/s]
Epoch 3/150: 100%|██████████| 449/449 [00:02<00:00, 205.99it/s]

Epoch 4/150:   0%|          | 0/449 [00:00<?, ?it/s]
Epoch 4/150:   0%|          | 1/449 [00:00<00:55,  8.05it/s]
Epoch 4/150:   6%|▌         | 25/449 [00:00<00:03, 130.20it/s]
Epoch 4/150:  11%|█         | 50/449 [00:00<00:02, 178.30it/s]
Epoch 4/150:  15%|█▌        | 69/449 [00:00<00:02, 175.50it/s]
Epoch 4/150:  21%|██▏       | 96/449 [00:00<00:01, 206.76it/s]
Epoch 4/150:  26%|██▋       | 118/449 [00:00<00:01, 199.47it/s]
Epoch 4/150:  32%|███▏      | 143/449 [00:00<00:01, 213.14it/s]
Epoch 4/150:  37%|███▋      | 165/449 [00:00<00:01, 204.70it/s]
Epoch 4/150:  42%|████▏     | 189/449 [00:00<00:01, 214.73it/s]
Epoch 4/150:  47%|████▋     | 211/449 [00:01<00:01, 211.29it/s]
Epoch 4/150:  52%|█████▏    | 233/449 [00:01<00:01, 212.90it/s]
Epoch 4/150:  57%|█████▋    | 255/449 [00:01<00:00, 214.34it/s]
Epoch 4/150:  62%|██████▏   | 277/449 [00:01<00:00, 210.44it/s]
Epoch 4/150:  67%|██████▋   | 302/449 [00:01<00:00, 221.88it/s]
Epoch 4/150:  72%|███████▏  | 325/449 [00:01<00:00, 206.99it/s]
Epoch 4/150:  79%|███████▊  | 353/449 [00:01<00:00, 225.28it/s]
Epoch 4/150:  84%|████████▎ | 376/449 [00:01<00:00, 214.98it/s]
Epoch 4/150:  90%|████████▉ | 403/449 [00:01<00:00, 228.30it/s]
Epoch 4/150:  95%|█████████▌| 427/449 [00:02<00:00, 218.15it/s]
Epoch 4/150: 100%|██████████| 449/449 [00:02<00:00, 202.52it/s]

Epoch 5/150:   0%|          | 0/449 [00:00<?, ?it/s]
Epoch 5/150:   0%|          | 1/449 [00:00<00:52,  8.47it/s]
Epoch 5/150:   6%|▌         | 26/449 [00:00<00:03, 138.73it/s]
Epoch 5/150:  10%|█         | 45/449 [00:00<00:02, 157.97it/s]
Epoch 5/150:  16%|█▋        | 74/449 [00:00<00:01, 204.91it/s]
Epoch 5/150:  21%|██        | 95/449 [00:00<00:01, 194.18it/s]
Epoch 5/150:  27%|██▋       | 120/449 [00:00<00:01, 211.11it/s]
Epoch 5/150:  32%|███▏      | 142/449 [00:00<00:01, 204.27it/s]
Epoch 5/150:  37%|███▋      | 168/449 [00:00<00:01, 219.36it/s]
Epoch 5/150:  43%|████▎     | 191/449 [00:00<00:01, 210.05it/s]
Epoch 5/150:  48%|████▊     | 216/449 [00:01<00:01, 220.88it/s]
Epoch 5/150:  53%|█████▎    | 239/449 [00:01<00:01, 210.00it/s]
Epoch 5/150:  59%|█████▊    | 263/449 [00:01<00:00, 218.38it/s]
Epoch 5/150:  64%|██████▎   | 286/449 [00:01<00:00, 212.94it/s]
Epoch 5/150:  69%|██████▉   | 309/449 [00:01<00:00, 217.05it/s]
Epoch 5/150:  74%|███████▍  | 333/449 [00:01<00:00, 219.31it/s]
Epoch 5/150:  79%|███████▉  | 356/449 [00:01<00:00, 218.93it/s]
Epoch 5/150:  85%|████████▍ | 381/449 [00:01<00:00, 227.17it/s]
Epoch 5/150:  90%|████████▉ | 404/449 [00:01<00:00, 218.43it/s]
Epoch 5/150:  96%|█████████▌| 432/449 [00:02<00:00, 233.89it/s]
Epoch 5/150: 100%|██████████| 449/449 [00:02<00:00, 204.84it/s]

Epoch 6/150:   0%|          | 0/449 [00:00<?, ?it/s]
Epoch 6/150:   0%|          | 1/449 [00:00<00:54,  8.15it/s]
Epoch 6/150:   6%|▌         | 25/449 [00:00<00:03, 130.35it/s]
Epoch 6/150:  11%|█         | 48/449 [00:00<00:02, 166.81it/s]
Epoch 6/150:  15%|█▌        | 68/449 [00:00<00:02, 178.81it/s]
Epoch 6/150:  21%|██        | 94/449 [00:00<00:01, 206.83it/s]
Epoch 6/150:  26%|██▌       | 116/449 [00:00<00:01, 197.41it/s]
Epoch 6/150:  32%|███▏      | 143/449 [00:00<00:01, 217.82it/s]
Epoch 6/150:  37%|███▋      | 166/449 [00:00<00:01, 207.94it/s]
Epoch 6/150:  43%|████▎     | 192/449 [00:00<00:01, 220.22it/s]
Epoch 6/150:  48%|████▊     | 215/449 [00:01<00:01, 210.35it/s]
Epoch 6/150:  53%|█████▎    | 240/449 [00:01<00:00, 221.39it/s]
Epoch 6/150:  59%|█████▊    | 263/449 [00:01<00:00, 213.25it/s]
Epoch 6/150:  64%|██████▎   | 286/449 [00:01<00:00, 215.83it/s]
Epoch 6/150:  69%|██████▊   | 308/449 [00:01<00:00, 214.13it/s]
Epoch 6/150:  73%|███████▎  | 330/449 [00:01<00:00, 214.11it/s]
Epoch 6/150:  79%|███████▉  | 355/449 [00:01<00:00, 222.30it/s]
Epoch 6/150:  84%|████████▍ | 378/449 [00:01<00:00, 214.35it/s]
Epoch 6/150:  90%|████████▉ | 404/449 [00:01<00:00, 225.51it/s]
Epoch 6/150:  95%|█████████▌| 427/449 [00:02<00:00, 210.80it/s]
Epoch 6/150: 100%|██████████| 449/449 [00:02<00:00, 202.53it/s]

Epoch 7/150:   0%|          | 0/449 [00:00<?, ?it/s]
Epoch 7/150:   0%|          | 1/449 [00:00<00:51,  8.67it/s]
Epoch 7/150:   4%|▍         | 20/449 [00:00<00:03, 107.96it/s]
Epoch 7/150:  10%|█         | 46/449 [00:00<00:02, 172.97it/s]
Epoch 7/150:  15%|█▍        | 67/449 [00:00<00:02, 185.93it/s]
Epoch 7/150:  20%|██        | 90/449 [00:00<00:01, 200.52it/s]
Epoch 7/150:  26%|██▌       | 115/449 [00:00<00:01, 215.54it/s]
Epoch 7/150:  31%|███       | 137/449 [00:00<00:01, 205.99it/s]
Epoch 7/150:  37%|███▋      | 164/449 [00:00<00:01, 218.87it/s]
Epoch 7/150:  41%|████▏     | 186/449 [00:00<00:01, 210.80it/s]
Epoch 7/150:  47%|████▋     | 213/449 [00:01<00:01, 225.97it/s]
Epoch 7/150:  53%|█████▎    | 236/449 [00:01<00:01, 210.68it/s]
Epoch 7/150:  59%|█████▊    | 263/449 [00:01<00:00, 226.43it/s]
Epoch 7/150:  64%|██████▎   | 286/449 [00:01<00:00, 214.19it/s]
Epoch 7/150:  69%|██████▉   | 312/449 [00:01<00:00, 224.70it/s]
Epoch 7/150:  75%|███████▍  | 335/449 [00:01<00:00, 215.71it/s]
Epoch 7/150:  80%|███████▉  | 359/449 [00:01<00:00, 221.00it/s]
Epoch 7/150:  85%|████████▌ | 382/449 [00:01<00:00, 217.76it/s]
Epoch 7/150:  90%|████████▉ | 404/449 [00:01<00:00, 214.56it/s]
Epoch 7/150:  96%|█████████▌| 429/449 [00:02<00:00, 222.81it/s]
Epoch 7/150: 100%|██████████| 449/449 [00:02<00:00, 201.86it/s]

Epoch 8/150:   0%|          | 0/449 [00:00<?, ?it/s]
Epoch 8/150:   0%|          | 1/449 [00:00<00:54,  8.28it/s]
Epoch 8/150:   6%|▌         | 27/449 [00:00<00:02, 143.22it/s]
Epoch 8/150:  10%|█         | 47/449 [00:00<00:02, 167.49it/s]
Epoch 8/150:  15%|█▌        | 69/449 [00:00<00:02, 187.35it/s]
Epoch 8/150:  21%|██        | 94/449 [00:00<00:01, 207.11it/s]
Epoch 8/150:  26%|██▌       | 116/449 [00:00<00:01, 201.05it/s]
Epoch 8/150:  32%|███▏      | 143/449 [00:00<00:01, 220.34it/s]
Epoch 8/150:  37%|███▋      | 166/449 [00:00<00:01, 206.80it/s]
Epoch 8/150:  43%|████▎     | 194/449 [00:00<00:01, 225.31it/s]
Epoch 8/150:  48%|████▊     | 217/449 [00:01<00:01, 211.60it/s]
Epoch 8/150:  55%|█████▍    | 245/449 [00:01<00:00, 229.56it/s]
Epoch 8/150:  60%|█████▉    | 269/449 [00:01<00:00, 218.19it/s]
Epoch 8/150:  65%|██████▌   | 293/449 [00:01<00:00, 223.73it/s]
Epoch 8/150:  70%|███████   | 316/449 [00:01<00:00, 213.20it/s]
Epoch 8/150:  76%|███████▌  | 341/449 [00:01<00:00, 223.14it/s]
Epoch 8/150:  81%|████████  | 364/449 [00:01<00:00, 215.90it/s]
Epoch 8/150:  86%|████████▌ | 387/449 [00:01<00:00, 219.69it/s]
Epoch 8/150:  91%|█████████▏| 410/449 [00:01<00:00, 218.12it/s]
Epoch 8/150:  96%|█████████▌| 432/449 [00:02<00:00, 215.89it/s]
Epoch 8/150: 100%|██████████| 449/449 [00:02<00:00, 205.19it/s]

Epoch 9/150:   0%|          | 0/449 [00:00<?, ?it/s]
Epoch 9/150:   0%|          | 1/449 [00:00<00:50,  8.80it/s]
Epoch 9/150:   5%|▌         | 24/449 [00:00<00:03, 127.86it/s]
Epoch 9/150:  10%|▉         | 43/449 [00:00<00:02, 149.11it/s]
Epoch 9/150:  16%|█▌        | 70/449 [00:00<00:01, 193.30it/s]
Epoch 9/150:  20%|██        | 90/449 [00:00<00:01, 189.29it/s]
Epoch 9/150:  26%|██▌       | 116/449 [00:00<00:01, 211.19it/s]
Epoch 9/150:  31%|███       | 138/449 [00:00<00:01, 206.97it/s]
Epoch 9/150:  36%|███▌      | 161/449 [00:00<00:01, 213.92it/s]
Epoch 9/150:  41%|████      | 185/449 [00:00<00:01, 221.43it/s]
Epoch 9/150:  46%|████▋     | 208/449 [00:01<00:01, 215.03it/s]
Epoch 9/150:  52%|█████▏    | 235/449 [00:01<00:00, 230.28it/s]
Epoch 9/150:  58%|█████▊    | 259/449 [00:01<00:00, 214.72it/s]
Epoch 9/150:  64%|██████▍   | 287/449 [00:01<00:00, 230.45it/s]
Epoch 9/150:  69%|██████▉   | 311/449 [00:01<00:00, 211.86it/s]
Epoch 9/150:  75%|███████▌  | 338/449 [00:01<00:00, 226.10it/s]
Epoch 9/150:  81%|████████  | 362/449 [00:01<00:00, 213.98it/s]
Epoch 9/150:  87%|████████▋ | 390/449 [00:01<00:00, 230.12it/s]
Epoch 9/150:  92%|█████████▏| 414/449 [00:01<00:00, 214.92it/s]
Epoch 9/150:  98%|█████████▊| 441/449 [00:02<00:00, 228.47it/s]
Epoch 9/150: 100%|██████████| 449/449 [00:02<00:00, 206.14it/s]

Epoch 10/150:   0%|          | 0/449 [00:00<?, ?it/s]
Epoch 10/150:   0%|          | 1/449 [00:00<00:52,  8.52it/s]
Epoch 10/150:   5%|▍         | 21/449 [00:00<00:03, 113.08it/s]
Epoch 10/150:  10%|█         | 47/449 [00:00<00:02, 176.52it/s]
Epoch 10/150:  15%|█▌        | 68/449 [00:00<00:02, 187.17it/s]
Epoch 10/150:  20%|██        | 90/449 [00:00<00:01, 197.54it/s]
Epoch 10/150:  26%|██▌       | 115/449 [00:00<00:01, 213.28it/s]
Epoch 10/150:  31%|███       | 137/449 [00:00<00:01, 205.20it/s]
Epoch 10/150:  37%|███▋      | 164/449 [00:00<00:01, 219.40it/s]
Epoch 10/150:  42%|████▏     | 187/449 [00:00<00:01, 209.25it/s]
Epoch 10/150:  48%|████▊     | 214/449 [00:01<00:01, 225.40it/s]
Epoch 10/150:  53%|█████▎    | 237/449 [00:01<00:00, 212.17it/s]
Epoch 10/150:  59%|█████▉    | 264/449 [00:01<00:00, 226.42it/s]
Epoch 10/150:  64%|██████▍   | 287/449 [00:01<00:00, 211.07it/s]
Epoch 10/150:  70%|██████▉   | 314/449 [00:01<00:00, 225.34it/s]
Epoch 10/150:  75%|███████▌  | 337/449 [00:01<00:00, 214.61it/s]
Epoch 10/150:  81%|████████  | 363/449 [00:01<00:00, 225.46it/s]
Epoch 10/150:  86%|████████▌ | 386/449 [00:01<00:00, 215.09it/s]
Epoch 10/150:  92%|█████████▏| 412/449 [00:01<00:00, 226.00it/s]
Epoch 10/150:  97%|█████████▋| 435/449 [00:02<00:00, 217.60it/s]
Epoch 10/150: 100%|██████████| 449/449 [00:02<00:00, 203.11it/s]

Epoch 11/150:   0%|          | 0/449 [00:00<?, ?it/s]
Epoch 11/150:   0%|          | 1/449 [00:00<00:53,  8.37it/s]
Epoch 11/150:   6%|▌         | 25/449 [00:00<00:03, 132.51it/s]
Epoch 11/150:  10%|█         | 45/449 [00:00<00:02, 160.24it/s]
Epoch 11/150:  15%|█▌        | 68/449 [00:00<00:02, 183.84it/s]
Epoch 11/150:  21%|██        | 93/449 [00:00<00:01, 202.81it/s]
Epoch 11/150:  25%|██▌       | 114/449 [00:00<00:01, 199.74it/s]
Epoch 11/150:  32%|███▏      | 142/449 [00:00<00:01, 223.17it/s]
Epoch 11/150:  37%|███▋      | 165/449 [00:00<00:01, 206.80it/s]
Epoch 11/150:  43%|████▎     | 192/449 [00:00<00:01, 223.49it/s]
Epoch 11/150:  48%|████▊     | 215/449 [00:01<00:01, 208.66it/s]
Epoch 11/150:  54%|█████▍    | 242/449 [00:01<00:00, 225.31it/s]
Epoch 11/150:  59%|█████▉    | 265/449 [00:01<00:00, 215.34it/s]
Epoch 11/150:  65%|██████▌   | 292/449 [00:01<00:00, 228.65it/s]
Epoch 11/150:  70%|███████   | 316/449 [00:01<00:00, 219.29it/s]
Epoch 11/150:  76%|███████▌  | 341/449 [00:01<00:00, 227.43it/s]
Epoch 11/150:  81%|████████▏ | 365/449 [00:01<00:00, 218.62it/s]
Epoch 11/150:  87%|████████▋ | 392/449 [00:01<00:00, 230.70it/s]
Epoch 11/150:  93%|█████████▎| 416/449 [00:01<00:00, 224.13it/s]
Epoch 11/150:  98%|█████████▊| 439/449 [00:02<00:00, 224.00it/s]
Epoch 11/150: 100%|██████████| 449/449 [00:02<00:00, 206.58it/s]

Epoch 12/150:   0%|          | 0/449 [00:00<?, ?it/s]
Epoch 12/150:   0%|          | 1/449 [00:00<00:50,  8.84it/s]
Epoch 12/150:   6%|▌         | 28/449 [00:00<00:02, 151.40it/s]
Epoch 12/150:  10%|█         | 47/449 [00:00<00:02, 166.07it/s]
Epoch 12/150:  16%|█▌        | 72/449 [00:00<00:01, 197.93it/s]
Epoch 12/150:  21%|██        | 93/449 [00:00<00:01, 193.29it/s]
Epoch 12/150:  26%|██▋       | 118/449 [00:00<00:01, 209.48it/s]
Epoch 12/150:  31%|███       | 140/449 [00:00<00:01, 209.43it/s]
Epoch 12/150:  36%|███▌      | 162/449 [00:00<00:01, 212.14it/s]
Epoch 12/150:  42%|████▏     | 187/449 [00:00<00:01, 215.24it/s]
Epoch 12/150:  47%|████▋     | 209/449 [00:01<00:01, 213.12it/s]
Epoch 12/150:  52%|█████▏    | 234/449 [00:01<00:00, 223.21it/s]
Epoch 12/150:  57%|█████▋    | 257/449 [00:01<00:00, 211.11it/s]
Epoch 12/150:  63%|██████▎   | 283/449 [00:01<00:00, 224.59it/s]
Epoch 12/150:  68%|██████▊   | 306/449 [00:01<00:00, 207.97it/s]
Epoch 12/150:  74%|███████▍  | 333/449 [00:01<00:00, 224.36it/s]
Epoch 12/150:  79%|███████▉  | 356/449 [00:01<00:00, 214.19it/s]
Epoch 12/150:  86%|████████▌ | 385/449 [00:01<00:00, 234.04it/s]
Epoch 12/150:  91%|█████████ | 409/449 [00:01<00:00, 222.34it/s]
Epoch 12/150:  97%|█████████▋| 435/449 [00:02<00:00, 231.32it/s]
Epoch 12/150: 100%|██████████| 449/449 [00:02<00:00, 205.10it/s]

Epoch 13/150:   0%|          | 0/449 [00:00<?, ?it/s]
Epoch 13/150:   0%|          | 1/449 [00:00<00:53,  8.41it/s]
Epoch 13/150:   5%|▍         | 21/449 [00:00<00:03, 109.74it/s]
Epoch 13/150:  11%|█         | 49/449 [00:00<00:02, 180.12it/s]
Epoch 13/150:  15%|█▌        | 68/449 [00:00<00:02, 179.94it/s]
Epoch 13/150:  20%|██        | 92/449 [00:00<00:01, 198.34it/s]
Epoch 13/150:  25%|██▌       | 113/449 [00:00<00:01, 196.48it/s]
Epoch 13/150:  30%|███       | 135/449 [00:00<00:01, 203.29it/s]
Epoch 13/150:  35%|███▍      | 156/449 [00:00<00:01, 204.38it/s]
Epoch 13/150:  39%|███▉      | 177/449 [00:00<00:01, 204.94it/s]
Epoch 13/150:  45%|████▍     | 202/449 [00:01<00:01, 217.39it/s]
Epoch 13/150:  50%|████▉     | 224/449 [00:01<00:01, 207.20it/s]
Epoch 13/150:  56%|█████▌    | 252/449 [00:01<00:00, 225.31it/s]
Epoch 13/150:  61%|██████    | 275/449 [00:01<00:00, 210.46it/s]
Epoch 13/150:  67%|██████▋   | 302/449 [00:01<00:00, 225.63it/s]
Epoch 13/150:  72%|███████▏  | 325/449 [00:01<00:00, 212.18it/s]
Epoch 13/150:  78%|███████▊  | 352/449 [00:01<00:00, 226.83it/s]
Epoch 13/150:  84%|████████▎ | 376/449 [00:01<00:00, 213.67it/s]
Epoch 13/150:  90%|████████▉ | 404/449 [00:01<00:00, 230.37it/s]
Epoch 13/150:  95%|█████████▌| 428/449 [00:02<00:00, 214.59it/s]
Epoch 13/150: 100%|██████████| 449/449 [00:02<00:00, 202.58it/s]

Epoch 14/150:   0%|          | 0/449 [00:00<?, ?it/s]
Epoch 14/150:   0%|          | 1/449 [00:00<00:50,  8.81it/s]
Epoch 14/150:   6%|▌         | 26/449 [00:00<00:02, 143.11it/s]
Epoch 14/150:  10%|█         | 45/449 [00:00<00:02, 162.20it/s]
Epoch 14/150:  16%|█▌        | 71/449 [00:00<00:01, 199.31it/s]
Epoch 14/150:  20%|██        | 92/449 [00:00<00:01, 195.12it/s]
Epoch 14/150:  26%|██▌       | 116/449 [00:00<00:01, 208.69it/s]
Epoch 14/150:  31%|███       | 139/449 [00:00<00:01, 212.77it/s]
Epoch 14/150:  36%|███▋      | 163/449 [00:00<00:01, 220.02it/s]
Epoch 14/150:  42%|████▏     | 189/449 [00:00<00:01, 229.05it/s]
Epoch 14/150:  47%|████▋     | 212/449 [00:01<00:01, 215.03it/s]
Epoch 14/150:  53%|█████▎    | 238/449 [00:01<00:00, 225.61it/s]
Epoch 14/150:  58%|█████▊    | 261/449 [00:01<00:00, 211.11it/s]
Epoch 14/150:  64%|██████▍   | 288/449 [00:01<00:00, 226.02it/s]
Epoch 14/150:  69%|██████▉   | 311/449 [00:01<00:00, 210.64it/s]
Epoch 14/150:  75%|███████▌  | 338/449 [00:01<00:00, 226.75it/s]
Epoch 14/150:  81%|████████  | 362/449 [00:01<00:00, 215.55it/s]
Epoch 14/150:  87%|████████▋ | 389/449 [00:01<00:00, 228.40it/s]
Epoch 14/150:  92%|█████████▏| 413/449 [00:01<00:00, 216.79it/s]
Epoch 14/150:  98%|█████████▊| 438/449 [00:02<00:00, 224.88it/s]
Epoch 14/150: 100%|██████████| 449/449 [00:02<00:00, 206.95it/s]

Epoch 15/150:   0%|          | 0/449 [00:00<?, ?it/s]
Epoch 15/150:   0%|          | 1/449 [00:00<00:52,  8.49it/s]
Epoch 15/150:   5%|▍         | 21/449 [00:00<00:03, 113.21it/s]
Epoch 15/150:  10%|█         | 47/449 [00:00<00:02, 175.50it/s]
Epoch 15/150:  15%|█▌        | 69/449 [00:00<00:01, 190.01it/s]
Epoch 15/150:  20%|██        | 90/449 [00:00<00:01, 196.05it/s]
Epoch 15/150:  26%|██▌       | 117/449 [00:00<00:01, 215.47it/s]
Epoch 15/150:  31%|███       | 139/449 [00:00<00:01, 203.54it/s]
Epoch 15/150:  37%|███▋      | 166/449 [00:00<00:01, 221.23it/s]
Epoch 15/150:  42%|████▏     | 189/449 [00:00<00:01, 209.46it/s]
Epoch 15/150:  48%|████▊     | 215/449 [00:01<00:01, 222.32it/s]
Epoch 15/150:  53%|█████▎    | 238/449 [00:01<00:01, 207.94it/s]
Epoch 15/150:  59%|█████▉    | 264/449 [00:01<00:00, 222.23it/s]
Epoch 15/150:  64%|██████▍   | 287/449 [00:01<00:00, 207.99it/s]
Epoch 15/150:  70%|██████▉   | 313/449 [00:01<00:00, 221.24it/s]
Epoch 15/150:  75%|███████▍  | 336/449 [00:01<00:00, 149.81it/s]
Epoch 15/150:  80%|███████▉  | 359/449 [00:01<00:00, 166.52it/s]
Epoch 15/150:  86%|████████▌ | 385/449 [00:02<00:00, 187.72it/s]
Epoch 15/150:  91%|█████████ | 407/449 [00:02<00:00, 186.12it/s]
Epoch 15/150:  96%|█████████▋| 433/449 [00:02<00:00, 204.71it/s]
Epoch 15/150: 100%|██████████| 449/449 [00:02<00:00, 189.52it/s]

Epoch 16/150:   0%|          | 0/449 [00:00<?, ?it/s]
Epoch 16/150:   0%|          | 1/449 [00:00<00:56,  7.98it/s]
Epoch 16/150:   6%|▌         | 26/449 [00:00<00:03, 134.79it/s]
Epoch 16/150:  12%|█▏        | 52/449 [00:00<00:02, 186.56it/s]
Epoch 16/150:  16%|█▌        | 72/449 [00:00<00:02, 187.45it/s]
Epoch 16/150:  22%|██▏       | 100/449 [00:00<00:01, 218.90it/s]
Epoch 16/150:  27%|██▋       | 123/449 [00:00<00:01, 209.20it/s]
Epoch 16/150:  33%|███▎      | 149/449 [00:00<00:01, 221.95it/s]
Epoch 16/150:  38%|███▊      | 172/449 [00:00<00:01, 209.70it/s]
Epoch 16/150:  44%|████▍     | 197/449 [00:00<00:01, 221.21it/s]
Epoch 16/150:  49%|████▉     | 220/449 [00:01<00:01, 209.25it/s]
Epoch 16/150:  55%|█████▍    | 246/449 [00:01<00:00, 222.58it/s]
Epoch 16/150:  60%|█████▉    | 269/449 [00:01<00:00, 212.97it/s]
Epoch 16/150:  65%|██████▌   | 294/449 [00:01<00:00, 222.37it/s]
Epoch 16/150:  71%|███████   | 317/449 [00:01<00:00, 214.95it/s]
Epoch 16/150:  76%|███████▌  | 340/449 [00:01<00:00, 218.53it/s]
Epoch 16/150:  81%|████████  | 364/449 [00:01<00:00, 220.12it/s]
Epoch 16/150:  86%|████████▌ | 387/449 [00:01<00:00, 215.90it/s]
Epoch 16/150:  92%|█████████▏| 414/449 [00:01<00:00, 227.48it/s]
Epoch 16/150:  97%|█████████▋| 437/449 [00:02<00:00, 214.87it/s]
Epoch 16/150: 100%|██████████| 449/449 [00:02<00:00, 205.25it/s]

Epoch 17/150:   0%|          | 0/449 [00:00<?, ?it/s]
Epoch 17/150:   0%|          | 1/449 [00:00<00:50,  8.90it/s]
Epoch 17/150:   6%|▌         | 27/449 [00:00<00:02, 149.19it/s]
Epoch 17/150:  10%|█         | 47/449 [00:00<00:02, 169.64it/s]
Epoch 17/150:  16%|█▌        | 71/449 [00:00<00:01, 194.91it/s]
Epoch 17/150:  21%|██        | 93/449 [00:00<00:01, 201.24it/s]
Epoch 17/150:  25%|██▌       | 114/449 [00:00<00:01, 203.42it/s]
Epoch 17/150:  31%|███       | 140/449 [00:00<00:01, 217.45it/s]
Epoch 17/150:  36%|███▌      | 162/449 [00:00<00:01, 209.22it/s]
Epoch 17/150:  42%|████▏     | 190/449 [00:00<00:01, 228.88it/s]
Epoch 17/150:  48%|████▊     | 214/449 [00:01<00:01, 213.66it/s]
Epoch 17/150:  54%|█████▍    | 242/449 [00:01<00:00, 230.37it/s]
Epoch 17/150:  59%|█████▉    | 266/449 [00:01<00:00, 213.05it/s]
Epoch 17/150:  65%|██████▌   | 294/449 [00:01<00:00, 229.44it/s]
Epoch 17/150:  71%|███████   | 318/449 [00:01<00:00, 214.80it/s]
Epoch 17/150:  77%|███████▋  | 345/449 [00:01<00:00, 228.92it/s]
Epoch 17/150:  82%|████████▏ | 369/449 [00:01<00:00, 219.56it/s]
Epoch 17/150:  89%|████████▊ | 398/449 [00:01<00:00, 237.31it/s]
Epoch 17/150:  94%|█████████▍| 423/449 [00:01<00:00, 222.50it/s]
Epoch 17/150: 100%|██████████| 449/449 [00:02<00:00, 209.01it/s]

Epoch 18/150:   0%|          | 0/449 [00:00<?, ?it/s]
Epoch 18/150:   0%|          | 1/449 [00:00<00:51,  8.75it/s]
Epoch 18/150:   6%|▌         | 25/449 [00:00<00:03, 136.22it/s]
Epoch 18/150:  10%|▉         | 43/449 [00:00<00:02, 155.09it/s]
Epoch 18/150:  16%|█▌        | 71/449 [00:00<00:01, 200.06it/s]
Epoch 18/150:  20%|██        | 92/449 [00:00<00:01, 194.45it/s]
Epoch 18/150:  26%|██▋       | 118/449 [00:00<00:01, 215.66it/s]
Epoch 18/150:  31%|███       | 140/449 [00:00<00:01, 208.63it/s]
Epoch 18/150:  37%|███▋      | 164/449 [00:00<00:01, 216.61it/s]
Epoch 18/150:  41%|████▏     | 186/449 [00:00<00:01, 215.23it/s]
Epoch 18/150:  46%|████▋     | 208/449 [00:01<00:01, 215.11it/s]
Epoch 18/150:  52%|█████▏    | 234/449 [00:01<00:00, 225.10it/s]
Epoch 18/150:  57%|█████▋    | 257/449 [00:01<00:00, 214.40it/s]
Epoch 18/150:  63%|██████▎   | 284/449 [00:01<00:00, 230.18it/s]
Epoch 18/150:  69%|██████▊   | 308/449 [00:01<00:00, 216.49it/s]
Epoch 18/150:  75%|███████▍  | 336/449 [00:01<00:00, 233.62it/s]
Epoch 18/150:  80%|████████  | 360/449 [00:01<00:00, 216.06it/s]
Epoch 18/150:  86%|████████▌ | 387/449 [00:01<00:00, 228.72it/s]
Epoch 18/150:  92%|█████████▏| 411/449 [00:01<00:00, 212.97it/s]
Epoch 18/150:  98%|█████████▊| 439/449 [00:02<00:00, 228.48it/s]
Epoch 18/150: 100%|██████████| 449/449 [00:02<00:00, 204.88it/s]

Epoch 19/150:   0%|          | 0/449 [00:00<?, ?it/s]
Epoch 19/150:   0%|          | 1/449 [00:00<00:52,  8.51it/s]
Epoch 19/150:   5%|▍         | 22/449 [00:00<00:03, 118.17it/s]
Epoch 19/150:  11%|█         | 49/449 [00:00<00:02, 181.33it/s]
Epoch 19/150:  15%|█▌        | 68/449 [00:00<00:02, 181.41it/s]
Epoch 19/150:  20%|██        | 92/449 [00:00<00:01, 201.23it/s]
Epoch 19/150:  25%|██▌       | 113/449 [00:00<00:01, 197.73it/s]
Epoch 19/150:  30%|███       | 136/449 [00:00<00:01, 207.27it/s]
Epoch 19/150:  35%|███▌      | 159/449 [00:00<00:01, 209.19it/s]
Epoch 19/150:  40%|████      | 181/449 [00:00<00:01, 211.15it/s]
Epoch 19/150:  46%|████▋     | 208/449 [00:01<00:01, 227.26it/s]
Epoch 19/150:  51%|█████▏    | 231/449 [00:01<00:01, 214.00it/s]
Epoch 19/150:  57%|█████▋    | 257/449 [00:01<00:00, 226.02it/s]
Epoch 19/150:  62%|██████▏   | 280/449 [00:01<00:00, 208.65it/s]
Epoch 19/150:  68%|██████▊   | 307/449 [00:01<00:00, 225.25it/s]
Epoch 19/150:  73%|███████▎  | 330/449 [00:01<00:00, 214.09it/s]
Epoch 19/150:  79%|███████▉  | 355/449 [00:01<00:00, 222.45it/s]
Epoch 19/150:  84%|████████▍ | 378/449 [00:01<00:00, 213.90it/s]
Epoch 19/150:  90%|████████▉ | 403/449 [00:01<00:00, 223.57it/s]
Epoch 19/150:  95%|█████████▍| 426/449 [00:02<00:00, 217.10it/s]
Epoch 19/150: 100%|██████████| 449/449 [00:02<00:00, 219.79it/s]
Epoch 19/150: 100%|██████████| 449/449 [00:02<00:00, 202.44it/s]

Epoch 20/150:   0%|          | 0/449 [00:00<?, ?it/s]
Epoch 20/150:   0%|          | 1/449 [00:00<00:54,  8.25it/s]
Epoch 20/150:   6%|▌         | 28/449 [00:00<00:02, 149.13it/s]
Epoch 20/150:  10%|█         | 47/449 [00:00<00:02, 165.03it/s]
Epoch 20/150:  16%|█▌        | 72/449 [00:00<00:01, 195.14it/s]
Epoch 20/150:  21%|██        | 93/449 [00:00<00:01, 197.89it/s]
Epoch 20/150:  25%|██▌       | 114/449 [00:00<00:01, 201.13it/s]
Epoch 20/150:  31%|███       | 140/449 [00:00<00:01, 217.24it/s]
Epoch 20/150:  36%|███▌      | 162/449 [00:00<00:01, 207.49it/s]
Epoch 20/150:  42%|████▏     | 189/449 [00:00<00:01, 223.66it/s]
Epoch 20/150:  47%|████▋     | 212/449 [00:01<00:01, 211.19it/s]
Epoch 20/150:  53%|█████▎    | 240/449 [00:01<00:00, 229.36it/s]
Epoch 20/150:  59%|█████▉    | 264/449 [00:01<00:00, 213.70it/s]
Epoch 20/150:  65%|██████▌   | 293/449 [00:01<00:00, 234.05it/s]
Epoch 20/150:  71%|███████   | 317/449 [00:01<00:00, 216.33it/s]
Epoch 20/150:  77%|███████▋  | 344/449 [00:01<00:00, 228.79it/s]
Epoch 20/150:  82%|████████▏ | 368/449 [00:01<00:00, 217.94it/s]
Epoch 20/150:  88%|████████▊ | 394/449 [00:01<00:00, 227.97it/s]
Epoch 20/150:  93%|█████████▎| 418/449 [00:01<00:00, 217.89it/s]
Epoch 20/150:  99%|█████████▊| 443/449 [00:02<00:00, 224.61it/s]
Epoch 20/150: 100%|██████████| 449/449 [00:02<00:00, 207.78it/s]

Epoch 21/150:   0%|          | 0/449 [00:00<?, ?it/s]
Epoch 21/150:   0%|          | 1/449 [00:00<00:51,  8.65it/s]
Epoch 21/150:   5%|▌         | 23/449 [00:00<00:03, 121.79it/s]
Epoch 21/150:  10%|▉         | 44/449 [00:00<00:02, 159.43it/s]
Epoch 21/150:  16%|█▌        | 71/449 [00:00<00:01, 197.64it/s]
Epoch 21/150:  20%|██        | 92/449 [00:00<00:01, 193.84it/s]
Epoch 21/150:  27%|██▋       | 120/449 [00:00<00:01, 218.96it/s]
Epoch 21/150:  32%|███▏      | 143/449 [00:00<00:01, 207.26it/s]
Epoch 21/150:  38%|███▊      | 170/449 [00:00<00:01, 224.36it/s]
Epoch 21/150:  43%|████▎     | 193/449 [00:00<00:01, 209.29it/s]
Epoch 21/150:  49%|████▉     | 221/449 [00:01<00:01, 226.79it/s]
Epoch 21/150:  55%|█████▍    | 245/449 [00:01<00:00, 210.86it/s]
Epoch 21/150:  61%|██████    | 273/449 [00:01<00:00, 228.54it/s]
Epoch 21/150:  66%|██████▌   | 297/449 [00:01<00:00, 215.91it/s]
Epoch 21/150:  72%|███████▏  | 324/449 [00:01<00:00, 229.44it/s]
Epoch 21/150:  78%|███████▊  | 348/449 [00:01<00:00, 219.44it/s]
Epoch 21/150:  83%|████████▎ | 373/449 [00:01<00:00, 226.13it/s]
Epoch 21/150:  88%|████████▊ | 396/449 [00:01<00:00, 215.31it/s]
Epoch 21/150:  94%|█████████▍| 422/449 [00:02<00:00, 226.34it/s]
Epoch 21/150:  99%|█████████▉| 445/449 [00:02<00:00, 223.67it/s]
Epoch 21/150: 100%|██████████| 449/449 [00:02<00:00, 205.96it/s]

Epoch 22/150:   0%|          | 0/449 [00:00<?, ?it/s]
Epoch 22/150:   0%|          | 1/449 [00:00<00:51,  8.64it/s]
Epoch 22/150:   5%|▍         | 21/449 [00:00<00:03, 113.34it/s]
Epoch 22/150:  11%|█         | 49/449 [00:00<00:02, 184.52it/s]
Epoch 22/150:  15%|█▌        | 68/449 [00:00<00:02, 183.51it/s]
Epoch 22/150:  21%|██        | 93/449 [00:00<00:01, 204.30it/s]
Epoch 22/150:  25%|██▌       | 114/449 [00:00<00:01, 203.82it/s]
Epoch 22/150:  30%|███       | 136/449 [00:00<00:01, 207.75it/s]
Epoch 22/150:  36%|███▌      | 161/449 [00:00<00:01, 218.51it/s]
Epoch 22/150:  41%|████      | 183/449 [00:00<00:01, 207.56it/s]
Epoch 22/150:  47%|████▋     | 210/449 [00:01<00:01, 224.85it/s]
Epoch 22/150:  52%|█████▏    | 233/449 [00:01<00:01, 210.25it/s]
Epoch 22/150:  58%|█████▊    | 261/449 [00:01<00:00, 229.05it/s]
Epoch 22/150:  63%|██████▎   | 285/449 [00:01<00:00, 214.18it/s]
Epoch 22/150:  70%|██████▉   | 313/449 [00:01<00:00, 230.52it/s]
Epoch 22/150:  75%|███████▌  | 337/449 [00:01<00:00, 213.75it/s]
Epoch 22/150:  81%|████████▏ | 365/449 [00:01<00:00, 228.80it/s]
Epoch 22/150:  87%|████████▋ | 389/449 [00:01<00:00, 214.66it/s]
Epoch 22/150:  93%|█████████▎| 417/449 [00:01<00:00, 230.73it/s]
Epoch 22/150:  98%|█████████▊| 441/449 [00:02<00:00, 214.95it/s]
Epoch 22/150: 100%|██████████| 449/449 [00:02<00:00, 204.45it/s]

Epoch 23/150:   0%|          | 0/449 [00:00<?, ?it/s]
Epoch 23/150:   0%|          | 1/449 [00:00<00:57,  7.84it/s]
Epoch 23/150:   6%|▌         | 27/449 [00:00<00:02, 141.02it/s]
Epoch 23/150:  11%|█         | 48/449 [00:00<00:02, 168.02it/s]
Epoch 23/150:  16%|█▌        | 70/449 [00:00<00:02, 186.55it/s]
Epoch 23/150:  20%|██        | 92/449 [00:00<00:01, 195.05it/s]
Epoch 23/150:  25%|██▌       | 114/449 [00:00<00:01, 200.88it/s]
Epoch 23/150:  31%|███       | 140/449 [00:00<00:01, 219.08it/s]
Epoch 23/150:  36%|███▋      | 163/449 [00:00<00:01, 203.86it/s]
Epoch 23/150:  42%|████▏     | 190/449 [00:00<00:01, 221.61it/s]
Epoch 23/150:  47%|████▋     | 213/449 [00:01<00:01, 205.76it/s]
Epoch 23/150:  53%|█████▎    | 240/449 [00:01<00:00, 221.61it/s]
Epoch 23/150:  59%|█████▊    | 263/449 [00:01<00:00, 206.89it/s]
Epoch 23/150:  65%|██████▍   | 290/449 [00:01<00:00, 222.59it/s]
Epoch 23/150:  70%|██████▉   | 313/449 [00:01<00:00, 215.65it/s]
Epoch 23/150:  76%|███████▌  | 339/449 [00:01<00:00, 226.85it/s]
Epoch 23/150:  81%|████████  | 363/449 [00:01<00:00, 217.34it/s]
Epoch 23/150:  86%|████████▋ | 388/449 [00:01<00:00, 224.36it/s]
Epoch 23/150:  92%|█████████▏| 411/449 [00:01<00:00, 219.69it/s]
Epoch 23/150:  97%|█████████▋| 434/449 [00:02<00:00, 221.09it/s]
Epoch 23/150: 100%|██████████| 449/449 [00:02<00:00, 204.25it/s]

Epoch 24/150:   0%|          | 0/449 [00:00<?, ?it/s]
Epoch 24/150:   0%|          | 1/449 [00:00<00:52,  8.57it/s]
Epoch 24/150:   5%|▌         | 24/449 [00:00<00:03, 124.75it/s]
Epoch 24/150:  10%|█         | 45/449 [00:00<00:02, 160.89it/s]
Epoch 24/150:  16%|█▌        | 72/449 [00:00<00:01, 199.88it/s]
Epoch 24/150:  21%|██        | 93/449 [00:00<00:01, 191.95it/s]
Epoch 24/150:  27%|██▋       | 120/449 [00:00<00:01, 215.60it/s]
Epoch 24/150:  32%|███▏      | 142/449 [00:00<00:01, 204.31it/s]
Epoch 24/150:  37%|███▋      | 168/449 [00:00<00:01, 220.44it/s]
Epoch 24/150:  43%|████▎     | 191/449 [00:00<00:01, 208.73it/s]
Epoch 24/150:  47%|████▋     | 213/449 [00:01<00:01, 152.94it/s]
Epoch 24/150:  54%|█████▍    | 243/449 [00:01<00:01, 184.94it/s]
Epoch 24/150:  59%|█████▉    | 265/449 [00:01<00:00, 185.76it/s]
Epoch 24/150:  65%|██████▍   | 290/449 [00:01<00:00, 201.44it/s]
Epoch 24/150:  69%|██████▉   | 312/449 [00:01<00:00, 200.56it/s]
Epoch 24/150:  75%|███████▍  | 335/449 [00:01<00:00, 207.07it/s]
Epoch 24/150:  80%|███████▉  | 359/449 [00:01<00:00, 210.68it/s]
Epoch 24/150:  85%|████████▍ | 381/449 [00:01<00:00, 211.15it/s]
Epoch 24/150:  91%|█████████ | 407/449 [00:02<00:00, 223.30it/s]
Epoch 24/150:  96%|█████████▌| 430/449 [00:02<00:00, 208.51it/s]
Epoch 24/150: 100%|██████████| 449/449 [00:02<00:00, 193.16it/s]

Epoch 25/150:   0%|          | 0/449 [00:00<?, ?it/s]
Epoch 25/150:   0%|          | 1/449 [00:00<00:51,  8.74it/s]
Epoch 25/150:   6%|▋         | 29/449 [00:00<00:02, 156.15it/s]
Epoch 25/150:  10%|█         | 46/449 [00:00<00:02, 161.68it/s]
Epoch 25/150:  16%|█▌        | 71/449 [00:00<00:01, 195.53it/s]
Epoch 25/150:  20%|██        | 91/449 [00:00<00:01, 193.79it/s]
Epoch 25/150:  25%|██▌       | 114/449 [00:00<00:01, 204.41it/s]
Epoch 25/150:  31%|███       | 137/449 [00:00<00:01, 208.76it/s]
Epoch 25/150:  35%|███▌      | 158/449 [00:00<00:01, 207.88it/s]
Epoch 25/150:  41%|████      | 185/449 [00:00<00:01, 224.82it/s]
Epoch 25/150:  46%|████▋     | 208/449 [00:01<00:01, 214.59it/s]
Epoch 25/150:  52%|█████▏    | 235/449 [00:01<00:00, 229.01it/s]
Epoch 25/150:  58%|█████▊    | 259/449 [00:01<00:00, 213.14it/s]
Epoch 25/150:  64%|██████▎   | 286/449 [00:01<00:00, 227.77it/s]
Epoch 25/150:  69%|██████▉   | 310/449 [00:01<00:00, 210.84it/s]
Epoch 25/150:  75%|███████▌  | 337/449 [00:01<00:00, 224.50it/s]
Epoch 25/150:  80%|████████  | 360/449 [00:01<00:00, 209.29it/s]
Epoch 25/150:  86%|████████▌ | 387/449 [00:01<00:00, 223.41it/s]
Epoch 25/150:  91%|█████████▏| 410/449 [00:01<00:00, 208.72it/s]
Epoch 25/150:  97%|█████████▋| 437/449 [00:02<00:00, 224.08it/s]
Epoch 25/150: 100%|██████████| 449/449 [00:02<00:00, 202.94it/s]

Epoch 26/150:   0%|          | 0/449 [00:00<?, ?it/s]
Epoch 26/150:   0%|          | 1/449 [00:00<00:57,  7.84it/s]
Epoch 26/150:   6%|▌         | 26/449 [00:00<00:03, 133.95it/s]
Epoch 26/150:  12%|█▏        | 53/449 [00:00<00:02, 189.97it/s]
Epoch 26/150:  16%|█▋        | 73/449 [00:00<00:01, 189.43it/s]
Epoch 26/150:  22%|██▏       | 100/449 [00:00<00:01, 214.69it/s]
Epoch 26/150:  27%|██▋       | 122/449 [00:00<00:01, 209.36it/s]
Epoch 26/150:  33%|███▎      | 147/449 [00:00<00:01, 219.87it/s]
Epoch 26/150:  38%|███▊      | 170/449 [00:00<00:01, 217.86it/s]
Epoch 26/150:  43%|████▎     | 192/449 [00:00<00:01, 215.16it/s]
Epoch 26/150:  48%|████▊     | 217/449 [00:01<00:01, 225.18it/s]
Epoch 26/150:  53%|█████▎    | 240/449 [00:01<00:00, 212.40it/s]
Epoch 26/150:  59%|█████▉    | 266/449 [00:01<00:00, 222.87it/s]
Epoch 26/150:  64%|██████▍   | 289/449 [00:01<00:00, 213.49it/s]
Epoch 26/150:  70%|███████   | 316/449 [00:01<00:00, 228.27it/s]
Epoch 26/150:  76%|███████▌  | 340/449 [00:01<00:00, 212.89it/s]
Epoch 26/150:  82%|████████▏ | 367/449 [00:01<00:00, 227.50it/s]
Epoch 26/150:  87%|████████▋ | 391/449 [00:01<00:00, 211.69it/s]
Epoch 26/150:  93%|█████████▎| 418/449 [00:01<00:00, 227.16it/s]
Epoch 26/150:  98%|█████████▊| 442/449 [00:02<00:00, 214.40it/s]
Epoch 26/150: 100%|██████████| 449/449 [00:02<00:00, 205.28it/s]

Epoch 27/150:   0%|          | 0/449 [00:00<?, ?it/s]
Epoch 27/150:   0%|          | 1/449 [00:00<00:49,  9.08it/s]
Epoch 27/150:   6%|▌         | 28/449 [00:00<00:02, 156.03it/s]
Epoch 27/150:  11%|█         | 48/449 [00:00<00:02, 172.59it/s]
Epoch 27/150:  16%|█▌        | 71/449 [00:00<00:01, 193.92it/s]
Epoch 27/150:  21%|██        | 95/449 [00:00<00:01, 202.15it/s]
Epoch 27/150:  26%|██▌       | 117/449 [00:00<00:01, 205.76it/s]
Epoch 27/150:  32%|███▏      | 144/449 [00:00<00:01, 223.76it/s]
Epoch 27/150:  37%|███▋      | 167/449 [00:00<00:01, 210.02it/s]
Epoch 27/150:  43%|████▎     | 194/449 [00:00<00:01, 225.94it/s]
Epoch 27/150:  48%|████▊     | 217/449 [00:01<00:01, 211.83it/s]
Epoch 27/150:  54%|█████▍    | 244/449 [00:01<00:00, 227.17it/s]
Epoch 27/150:  60%|█████▉    | 268/449 [00:01<00:00, 209.47it/s]
Epoch 27/150:  66%|██████▌   | 295/449 [00:01<00:00, 224.76it/s]
Epoch 27/150:  71%|███████   | 318/449 [00:01<00:00, 208.42it/s]
Epoch 27/150:  78%|███████▊  | 348/449 [00:01<00:00, 230.59it/s]
Epoch 27/150:  83%|████████▎ | 372/449 [00:01<00:00, 219.37it/s]
Epoch 27/150:  89%|████████▉ | 399/449 [00:01<00:00, 230.94it/s]
Epoch 27/150:  94%|█████████▍| 423/449 [00:02<00:00, 215.49it/s]
Epoch 27/150: 100%|█████████▉| 448/449 [00:02<00:00, 224.08it/s]
Epoch 27/150: 100%|██████████| 449/449 [00:02<00:00, 207.32it/s]

Epoch 28/150:   0%|          | 0/449 [00:00<?, ?it/s]
Epoch 28/150:   0%|          | 1/449 [00:00<00:50,  8.80it/s]
Epoch 28/150:   6%|▌         | 25/449 [00:00<00:03, 136.85it/s]
Epoch 28/150:  10%|▉         | 44/449 [00:00<00:02, 159.85it/s]
Epoch 28/150:  16%|█▌        | 70/449 [00:00<00:01, 196.73it/s]
Epoch 28/150:  20%|██        | 90/449 [00:00<00:01, 194.06it/s]
Epoch 28/150:  25%|██▌       | 114/449 [00:00<00:01, 208.44it/s]
Epoch 28/150:  30%|███       | 136/449 [00:00<00:01, 209.87it/s]
Epoch 28/150:  35%|███▌      | 158/449 [00:00<00:01, 212.84it/s]
Epoch 28/150:  41%|████      | 184/449 [00:00<00:01, 225.29it/s]
Epoch 28/150:  46%|████▌     | 207/449 [00:01<00:01, 210.50it/s]
Epoch 28/150:  52%|█████▏    | 233/449 [00:01<00:00, 223.66it/s]
Epoch 28/150:  57%|█████▋    | 256/449 [00:01<00:00, 210.53it/s]
Epoch 28/150:  63%|██████▎   | 283/449 [00:01<00:00, 226.56it/s]
Epoch 28/150:  68%|██████▊   | 306/449 [00:01<00:00, 208.36it/s]
Epoch 28/150:  74%|███████▍  | 334/449 [00:01<00:00, 227.48it/s]
Epoch 28/150:  80%|███████▉  | 358/449 [00:01<00:00, 217.39it/s]
Epoch 28/150:  86%|████████▌ | 384/449 [00:01<00:00, 227.68it/s]
Epoch 28/150:  91%|█████████ | 408/449 [00:01<00:00, 217.04it/s]
Epoch 28/150:  97%|█████████▋| 435/449 [00:02<00:00, 230.16it/s]
Epoch 28/150: 100%|██████████| 449/449 [00:02<00:00, 204.87it/s]

Epoch 29/150:   0%|          | 0/449 [00:00<?, ?it/s]
Epoch 29/150:   0%|          | 1/449 [00:00<00:51,  8.63it/s]
Epoch 29/150:   5%|▍         | 22/449 [00:00<00:03, 117.29it/s]
Epoch 29/150:  11%|█         | 49/449 [00:00<00:02, 182.15it/s]
Epoch 29/150:  15%|█▌        | 68/449 [00:00<00:02, 180.72it/s]
Epoch 29/150:  21%|██        | 94/449 [00:00<00:01, 206.36it/s]
Epoch 29/150:  26%|██▌       | 115/449 [00:00<00:01, 201.71it/s]
Epoch 29/150:  31%|███       | 138/449 [00:00<00:01, 210.23it/s]
Epoch 29/150:  36%|███▌      | 160/449 [00:00<00:01, 210.58it/s]
Epoch 29/150:  41%|████      | 182/449 [00:00<00:01, 210.57it/s]
Epoch 29/150:  46%|████▌     | 207/449 [00:01<00:01, 215.79it/s]
Epoch 29/150:  51%|█████     | 229/449 [00:01<00:01, 208.65it/s]
Epoch 29/150:  56%|█████▋    | 253/449 [00:01<00:00, 213.76it/s]
Epoch 29/150:  61%|██████    | 275/449 [00:01<00:00, 209.99it/s]
Epoch 29/150:  67%|██████▋   | 303/449 [00:01<00:00, 228.96it/s]
Epoch 29/150:  73%|███████▎  | 327/449 [00:01<00:00, 214.83it/s]
Epoch 29/150:  79%|███████▉  | 354/449 [00:01<00:00, 229.79it/s]
Epoch 29/150:  84%|████████▍ | 378/449 [00:01<00:00, 214.43it/s]
Epoch 29/150:  90%|████████▉ | 404/449 [00:01<00:00, 222.35it/s]
Epoch 29/150:  95%|█████████▌| 427/449 [00:02<00:00, 211.56it/s]
Epoch 29/150: 100%|██████████| 449/449 [00:02<00:00, 202.61it/s]

Epoch 30/150:   0%|          | 0/449 [00:00<?, ?it/s]
Epoch 30/150:   0%|          | 1/449 [00:00<00:51,  8.70it/s]
Epoch 30/150:   5%|▌         | 23/449 [00:00<00:03, 122.69it/s]
Epoch 30/150:  10%|█         | 46/449 [00:00<00:02, 168.74it/s]
Epoch 30/150:  16%|█▋        | 73/449 [00:00<00:01, 204.68it/s]
Epoch 30/150:  21%|██        | 94/449 [00:00<00:01, 196.74it/s]
Epoch 30/150:  27%|██▋       | 122/449 [00:00<00:01, 220.96it/s]
Epoch 30/150:  32%|███▏      | 145/449 [00:00<00:01, 205.01it/s]
Epoch 30/150:  39%|███▊      | 173/449 [00:00<00:01, 225.14it/s]
Epoch 30/150:  44%|████▎     | 196/449 [00:00<00:01, 213.08it/s]
Epoch 30/150:  50%|████▉     | 223/449 [00:01<00:00, 228.45it/s]
Epoch 30/150:  55%|█████▌    | 247/449 [00:01<00:00, 218.22it/s]
Epoch 30/150:  61%|██████    | 274/449 [00:01<00:00, 232.50it/s]
Epoch 30/150:  66%|██████▋   | 298/449 [00:01<00:00, 222.35it/s]
Epoch 30/150:  72%|███████▏  | 323/449 [00:01<00:00, 228.46it/s]
Epoch 30/150:  77%|███████▋  | 347/449 [00:01<00:00, 222.86it/s]
Epoch 30/150:  82%|████████▏ | 370/449 [00:01<00:00, 222.73it/s]
Epoch 30/150:  88%|████████▊ | 394/449 [00:01<00:00, 221.86it/s]
Epoch 30/150:  93%|█████████▎| 417/449 [00:01<00:00, 217.57it/s]
Epoch 30/150:  99%|█████████▊| 443/449 [00:02<00:00, 227.58it/s]
Epoch 30/150: 100%|██████████| 449/449 [00:02<00:00, 206.83it/s]

Epoch 31/150:   0%|          | 0/449 [00:00<?, ?it/s]
Epoch 31/150:   0%|          | 1/449 [00:00<00:53,  8.37it/s]
Epoch 31/150:   6%|▌         | 25/449 [00:00<00:03, 132.55it/s]
Epoch 31/150:  12%|█▏        | 52/449 [00:00<00:02, 191.96it/s]
Epoch 31/150:  16%|█▌        | 72/449 [00:00<00:01, 191.40it/s]
Epoch 31/150:  22%|██▏       | 98/449 [00:00<00:01, 214.06it/s]
Epoch 31/150:  27%|██▋       | 120/449 [00:00<00:01, 201.92it/s]
Epoch 31/150:  33%|███▎      | 147/449 [00:00<00:01, 221.02it/s]
Epoch 31/150:  38%|███▊      | 170/449 [00:00<00:01, 211.99it/s]
Epoch 31/150:  44%|████▎     | 196/449 [00:00<00:01, 224.98it/s]
Epoch 31/150:  49%|████▉     | 219/449 [00:01<00:01, 219.41it/s]
Epoch 31/150:  54%|█████▍    | 243/449 [00:01<00:00, 223.16it/s]
Epoch 31/150:  59%|█████▉    | 267/449 [00:01<00:00, 224.27it/s]
Epoch 31/150:  65%|██████▍   | 290/449 [00:01<00:00, 216.96it/s]
Epoch 31/150:  70%|███████   | 315/449 [00:01<00:00, 222.98it/s]
Epoch 31/150:  75%|███████▌  | 338/449 [00:01<00:00, 212.45it/s]
Epoch 31/150:  81%|████████▏ | 365/449 [00:01<00:00, 226.80it/s]
Epoch 31/150:  86%|████████▋ | 388/449 [00:01<00:00, 208.37it/s]
Epoch 31/150:  92%|█████████▏| 414/449 [00:01<00:00, 221.79it/s]
Epoch 31/150:  97%|█████████▋| 437/449 [00:02<00:00, 207.47it/s]
Epoch 31/150: 100%|██████████| 449/449 [00:02<00:00, 204.44it/s]

Epoch 32/150:   0%|          | 0/449 [00:00<?, ?it/s]
Epoch 32/150:   0%|          | 1/449 [00:00<00:53,  8.30it/s]
Epoch 32/150:   6%|▌         | 28/449 [00:00<00:02, 147.94it/s]
Epoch 32/150:  10%|█         | 47/449 [00:00<00:02, 164.28it/s]
Epoch 32/150:  16%|█▋        | 73/449 [00:00<00:01, 199.32it/s]
Epoch 32/150:  21%|██        | 94/449 [00:00<00:01, 201.04it/s]
Epoch 32/150:  26%|██▌       | 117/449 [00:00<00:01, 208.23it/s]
Epoch 32/150:  32%|███▏      | 142/449 [00:00<00:01, 219.84it/s]
Epoch 32/150:  37%|███▋      | 165/449 [00:00<00:01, 212.97it/s]
Epoch 32/150:  43%|████▎     | 192/449 [00:00<00:01, 228.08it/s]
Epoch 32/150:  48%|████▊     | 215/449 [00:01<00:01, 212.45it/s]
Epoch 32/150:  54%|█████▍    | 242/449 [00:01<00:00, 228.07it/s]
Epoch 32/150:  59%|█████▉    | 266/449 [00:01<00:00, 213.53it/s]
Epoch 32/150:  65%|██████▌   | 294/449 [00:01<00:00, 229.84it/s]
Epoch 32/150:  71%|███████   | 318/449 [00:01<00:00, 212.24it/s]
Epoch 32/150:  77%|███████▋  | 345/449 [00:01<00:00, 226.15it/s]
Epoch 32/150:  82%|████████▏ | 369/449 [00:01<00:00, 208.82it/s]
Epoch 32/150:  88%|████████▊ | 396/449 [00:01<00:00, 224.39it/s]
Epoch 32/150:  94%|█████████▎| 420/449 [00:02<00:00, 212.62it/s]
Epoch 32/150: 100%|█████████▉| 447/449 [00:02<00:00, 225.47it/s]
Epoch 32/150: 100%|██████████| 449/449 [00:02<00:00, 205.40it/s]

Epoch 33/150:   0%|          | 0/449 [00:00<?, ?it/s]
Epoch 33/150:   0%|          | 1/449 [00:00<00:50,  8.82it/s]
Epoch 33/150:   5%|▍         | 22/449 [00:00<00:03, 117.76it/s]
Epoch 33/150:  11%|█         | 49/449 [00:00<00:02, 183.99it/s]
Epoch 33/150:  15%|█▌        | 69/449 [00:00<00:02, 187.37it/s]
Epoch 33/150:  20%|█▉        | 89/449 [00:00<00:02, 130.61it/s]
Epoch 33/150:  26%|██▌       | 115/449 [00:00<00:02, 162.62it/s]
Epoch 33/150:  30%|███       | 136/449 [00:00<00:01, 174.48it/s]
Epoch 33/150:  35%|███▌      | 158/449 [00:00<00:01, 185.63it/s]
Epoch 33/150:  41%|████      | 184/449 [00:01<00:01, 203.09it/s]
Epoch 33/150:  46%|████▌     | 206/449 [00:01<00:01, 199.20it/s]
Epoch 33/150:  52%|█████▏    | 232/449 [00:01<00:01, 215.58it/s]
Epoch 33/150:  57%|█████▋    | 255/449 [00:01<00:00, 204.30it/s]
Epoch 33/150:  63%|██████▎   | 282/449 [00:01<00:00, 221.62it/s]
Epoch 33/150:  68%|██████▊   | 305/449 [00:01<00:00, 206.98it/s]
Epoch 33/150:  74%|███████▍  | 332/449 [00:01<00:00, 223.01it/s]
Epoch 33/150:  79%|███████▉  | 355/449 [00:01<00:00, 213.01it/s]
Epoch 33/150:  85%|████████▍ | 381/449 [00:01<00:00, 223.90it/s]
Epoch 33/150:  90%|████████▉ | 404/449 [00:02<00:00, 212.67it/s]
Epoch 33/150:  96%|█████████▌| 429/449 [00:02<00:00, 222.46it/s]
Epoch 33/150: 100%|██████████| 449/449 [00:02<00:00, 191.63it/s]

Epoch 34/150:   0%|          | 0/449 [00:00<?, ?it/s]
Epoch 34/150:   0%|          | 1/449 [00:00<00:52,  8.56it/s]
Epoch 34/150:   5%|▍         | 21/449 [00:00<00:03, 111.57it/s]
Epoch 34/150:  11%|█         | 49/449 [00:00<00:02, 182.34it/s]
Epoch 34/150:  15%|█▌        | 68/449 [00:00<00:02, 183.88it/s]
Epoch 34/150:  21%|██        | 94/449 [00:00<00:01, 208.40it/s]
Epoch 34/150:  26%|██▌       | 116/449 [00:00<00:01, 206.44it/s]
Epoch 34/150:  31%|███       | 138/449 [00:00<00:01, 208.58it/s]
Epoch 34/150:  35%|███▌      | 159/449 [00:00<00:01, 208.63it/s]
Epoch 34/150:  40%|████      | 181/449 [00:00<00:01, 210.56it/s]
Epoch 34/150:  46%|████▌     | 206/449 [00:01<00:01, 221.67it/s]
Epoch 34/150:  51%|█████     | 229/449 [00:01<00:01, 208.97it/s]
Epoch 34/150:  57%|█████▋    | 256/449 [00:01<00:00, 224.99it/s]
Epoch 34/150:  62%|██████▏   | 279/449 [00:01<00:00, 211.84it/s]
Epoch 34/150:  68%|██████▊   | 307/449 [00:01<00:00, 228.50it/s]
Epoch 34/150:  74%|███████▎  | 331/449 [00:01<00:00, 213.23it/s]
Epoch 34/150:  80%|███████▉  | 358/449 [00:01<00:00, 228.09it/s]
Epoch 34/150:  85%|████████▌ | 382/449 [00:01<00:00, 217.20it/s]
Epoch 34/150:  91%|█████████ | 408/449 [00:01<00:00, 227.93it/s]
Epoch 34/150:  96%|█████████▌| 432/449 [00:02<00:00, 216.79it/s]
Epoch 34/150: 100%|██████████| 449/449 [00:02<00:00, 204.12it/s]

Epoch 35/150:   0%|          | 0/449 [00:00<?, ?it/s]
Epoch 35/150:   0%|          | 1/449 [00:00<00:49,  9.09it/s]
Epoch 35/150:   6%|▌         | 28/449 [00:00<00:02, 154.56it/s]
Epoch 35/150:  10%|█         | 47/449 [00:00<00:02, 167.83it/s]
Epoch 35/150:  16%|█▌        | 71/449 [00:00<00:01, 195.35it/s]
Epoch 35/150:  20%|██        | 92/449 [00:00<00:01, 199.06it/s]
Epoch 35/150:  25%|██▌       | 113/449 [00:00<00:01, 200.20it/s]
Epoch 35/150:  31%|███       | 138/449 [00:00<00:01, 215.26it/s]
Epoch 35/150:  36%|███▌      | 160/449 [00:00<00:01, 204.72it/s]
Epoch 35/150:  42%|████▏     | 187/449 [00:00<00:01, 222.31it/s]
Epoch 35/150:  47%|████▋     | 210/449 [00:01<00:01, 209.18it/s]
Epoch 35/150:  53%|█████▎    | 237/449 [00:01<00:00, 225.45it/s]
Epoch 35/150:  58%|█████▊    | 260/449 [00:01<00:00, 216.59it/s]
Epoch 35/150:  64%|██████▍   | 287/449 [00:01<00:00, 229.41it/s]
Epoch 35/150:  69%|██████▉   | 311/449 [00:01<00:00, 217.48it/s]
Epoch 35/150:  75%|███████▌  | 337/449 [00:01<00:00, 228.88it/s]
Epoch 35/150:  80%|████████  | 361/449 [00:01<00:00, 217.05it/s]
Epoch 35/150:  86%|████████▋ | 388/449 [00:01<00:00, 229.45it/s]
Epoch 35/150:  92%|█████████▏| 412/449 [00:01<00:00, 215.34it/s]
Epoch 35/150:  97%|█████████▋| 437/449 [00:02<00:00, 223.74it/s]
Epoch 35/150: 100%|██████████| 449/449 [00:02<00:00, 206.80it/s]

Epoch 36/150:   0%|          | 0/449 [00:00<?, ?it/s]
Epoch 36/150:   0%|          | 1/449 [00:00<00:50,  8.82it/s]
Epoch 36/150:   4%|▍         | 20/449 [00:00<00:03, 109.43it/s]
Epoch 36/150:  10%|▉         | 44/449 [00:00<00:02, 164.95it/s]
Epoch 36/150:  15%|█▌        | 69/449 [00:00<00:01, 196.72it/s]
Epoch 36/150:  20%|█▉        | 89/449 [00:00<00:01, 191.24it/s]
Epoch 36/150:  26%|██▌       | 116/449 [00:00<00:01, 216.11it/s]
Epoch 36/150:  31%|███       | 138/449 [00:00<00:01, 201.90it/s]
Epoch 36/150:  37%|███▋      | 166/449 [00:00<00:01, 222.89it/s]
Epoch 36/150:  42%|████▏     | 189/449 [00:00<00:01, 205.33it/s]
Epoch 36/150:  48%|████▊     | 216/449 [00:01<00:01, 223.20it/s]
Epoch 36/150:  53%|█████▎    | 239/449 [00:01<00:00, 211.99it/s]
Epoch 36/150:  59%|█████▉    | 266/449 [00:01<00:00, 226.20it/s]
Epoch 36/150:  65%|██████▍   | 290/449 [00:01<00:00, 215.82it/s]
Epoch 36/150:  70%|███████   | 316/449 [00:01<00:00, 226.41it/s]
Epoch 36/150:  76%|███████▌  | 339/449 [00:01<00:00, 214.97it/s]
Epoch 36/150:  81%|████████  | 364/449 [00:01<00:00, 223.23it/s]
Epoch 36/150:  86%|████████▌ | 387/449 [00:01<00:00, 215.03it/s]
Epoch 36/150:  92%|█████████▏| 411/449 [00:01<00:00, 220.57it/s]
Epoch 36/150:  97%|█████████▋| 434/449 [00:02<00:00, 219.55it/s]
Epoch 36/150: 100%|██████████| 449/449 [00:02<00:00, 203.47it/s]

Epoch 37/150:   0%|          | 0/449 [00:00<?, ?it/s]
Epoch 37/150:   0%|          | 1/449 [00:00<00:51,  8.62it/s]
Epoch 37/150:   6%|▌         | 26/449 [00:00<00:02, 141.49it/s]
Epoch 37/150:  11%|█         | 49/449 [00:00<00:02, 175.36it/s]
Epoch 37/150:  15%|█▌        | 68/449 [00:00<00:02, 179.81it/s]
Epoch 37/150:  21%|██        | 94/449 [00:00<00:01, 206.03it/s]
Epoch 37/150:  26%|██▌       | 115/449 [00:00<00:01, 194.48it/s]
Epoch 37/150:  32%|███▏      | 142/449 [00:00<00:01, 215.62it/s]
Epoch 37/150:  37%|███▋      | 164/449 [00:00<00:01, 204.13it/s]
Epoch 37/150:  42%|████▏     | 190/449 [00:00<00:01, 217.66it/s]
Epoch 37/150:  47%|████▋     | 213/449 [00:01<00:01, 210.93it/s]
Epoch 37/150:  53%|█████▎    | 240/449 [00:01<00:00, 226.38it/s]
Epoch 37/150:  59%|█████▊    | 263/449 [00:01<00:00, 216.03it/s]
Epoch 37/150:  64%|██████▍   | 288/449 [00:01<00:00, 223.57it/s]
Epoch 37/150:  69%|██████▉   | 311/449 [00:01<00:00, 215.93it/s]
Epoch 37/150:  74%|███████▍  | 334/449 [00:01<00:00, 219.03it/s]
Epoch 37/150:  80%|███████▉  | 357/449 [00:01<00:00, 218.96it/s]
Epoch 37/150:  84%|████████▍ | 379/449 [00:01<00:00, 217.40it/s]
Epoch 37/150:  90%|█████████ | 406/449 [00:01<00:00, 231.78it/s]
Epoch 37/150:  96%|█████████▌| 430/449 [00:02<00:00, 215.12it/s]
Epoch 37/150: 100%|██████████| 449/449 [00:02<00:00, 205.06it/s]

Epoch 38/150:   0%|          | 0/449 [00:00<?, ?it/s]
Epoch 38/150:   0%|          | 1/449 [00:00<00:51,  8.62it/s]
Epoch 38/150:   6%|▌         | 27/449 [00:00<00:02, 147.27it/s]
Epoch 38/150:  10%|█         | 47/449 [00:00<00:02, 167.40it/s]
Epoch 38/150:  16%|█▋        | 73/449 [00:00<00:01, 201.47it/s]
Epoch 38/150:  21%|██        | 94/449 [00:00<00:01, 193.58it/s]
Epoch 38/150:  27%|██▋       | 120/449 [00:00<00:01, 214.52it/s]
Epoch 38/150:  32%|███▏      | 142/449 [00:00<00:01, 210.38it/s]
Epoch 38/150:  37%|███▋      | 167/449 [00:00<00:01, 220.59it/s]
Epoch 38/150:  42%|████▏     | 190/449 [00:00<00:01, 218.09it/s]
Epoch 38/150:  47%|████▋     | 212/449 [00:01<00:01, 217.71it/s]
Epoch 38/150:  53%|█████▎    | 237/449 [00:01<00:00, 226.63it/s]
Epoch 38/150:  58%|█████▊    | 260/449 [00:01<00:00, 214.89it/s]
Epoch 38/150:  64%|██████▍   | 287/449 [00:01<00:00, 225.59it/s]
Epoch 38/150:  69%|██████▉   | 310/449 [00:01<00:00, 215.41it/s]
Epoch 38/150:  75%|███████▍  | 336/449 [00:01<00:00, 227.51it/s]
Epoch 38/150:  80%|███████▉  | 359/449 [00:01<00:00, 212.80it/s]
Epoch 38/150:  86%|████████▌ | 386/449 [00:01<00:00, 226.79it/s]
Epoch 38/150:  91%|█████████ | 409/449 [00:01<00:00, 216.25it/s]
Epoch 38/150:  97%|█████████▋| 435/449 [00:02<00:00, 226.49it/s]
Epoch 38/150: 100%|██████████| 449/449 [00:02<00:00, 205.10it/s]

Epoch 39/150:   0%|          | 0/449 [00:00<?, ?it/s]
Epoch 39/150:   0%|          | 1/449 [00:00<00:58,  7.72it/s]
Epoch 39/150:   5%|▌         | 24/449 [00:00<00:03, 123.62it/s]
Epoch 39/150:  11%|█         | 50/449 [00:00<00:02, 180.30it/s]
Epoch 39/150:  16%|█▌        | 70/449 [00:00<00:02, 178.84it/s]
Epoch 39/150:  22%|██▏       | 97/449 [00:00<00:01, 207.57it/s]
Epoch 39/150:  27%|██▋       | 119/449 [00:00<00:01, 194.70it/s]
Epoch 39/150:  33%|███▎      | 146/449 [00:00<00:01, 216.89it/s]
Epoch 39/150:  38%|███▊      | 169/449 [00:00<00:01, 206.75it/s]
Epoch 39/150:  43%|████▎     | 195/449 [00:00<00:01, 221.64it/s]
Epoch 39/150:  49%|████▊     | 218/449 [00:01<00:01, 209.23it/s]
Epoch 39/150:  54%|█████▍    | 243/449 [00:01<00:00, 219.32it/s]
Epoch 39/150:  59%|█████▉    | 266/449 [00:01<00:00, 209.18it/s]
Epoch 39/150:  65%|██████▍   | 291/449 [00:01<00:00, 219.49it/s]
Epoch 39/150:  70%|██████▉   | 314/449 [00:01<00:00, 214.87it/s]
Epoch 39/150:  75%|███████▌  | 337/449 [00:01<00:00, 217.48it/s]
Epoch 39/150:  80%|████████  | 360/449 [00:01<00:00, 217.59it/s]
Epoch 39/150:  85%|████████▌ | 382/449 [00:01<00:00, 215.24it/s]
Epoch 39/150:  91%|█████████ | 409/449 [00:01<00:00, 229.16it/s]
Epoch 39/150:  96%|█████████▋| 433/449 [00:02<00:00, 213.92it/s]
Epoch 39/150: 100%|██████████| 449/449 [00:02<00:00, 202.63it/s]

Epoch 40/150:   0%|          | 0/449 [00:00<?, ?it/s]
Epoch 40/150:   0%|          | 1/449 [00:00<00:50,  8.83it/s]
Epoch 40/150:   6%|▌         | 26/449 [00:00<00:02, 143.02it/s]
Epoch 40/150:  10%|▉         | 44/449 [00:00<00:02, 151.59it/s]
Epoch 40/150:  16%|█▌        | 71/449 [00:00<00:01, 194.98it/s]
Epoch 40/150:  20%|██        | 91/449 [00:00<00:01, 192.53it/s]
Epoch 40/150:  26%|██▌       | 116/449 [00:00<00:01, 210.53it/s]
Epoch 40/150:  31%|███       | 138/449 [00:00<00:01, 206.00it/s]
Epoch 40/150:  36%|███▌      | 162/449 [00:00<00:01, 215.70it/s]
Epoch 40/150:  41%|████      | 184/449 [00:00<00:01, 214.55it/s]
Epoch 40/150:  46%|████▌     | 207/449 [00:01<00:01, 217.24it/s]
Epoch 40/150:  53%|█████▎    | 236/449 [00:01<00:00, 235.90it/s]
Epoch 40/150:  58%|█████▊    | 260/449 [00:01<00:00, 219.22it/s]
Epoch 40/150:  64%|██████▍   | 288/449 [00:01<00:00, 233.96it/s]
Epoch 40/150:  69%|██████▉   | 312/449 [00:01<00:00, 219.08it/s]
Epoch 40/150:  76%|███████▌  | 340/449 [00:01<00:00, 233.91it/s]
Epoch 40/150:  81%|████████  | 364/449 [00:01<00:00, 217.54it/s]
Epoch 40/150:  87%|████████▋ | 391/449 [00:01<00:00, 231.57it/s]
Epoch 40/150:  92%|█████████▏| 415/449 [00:01<00:00, 216.55it/s]
Epoch 40/150:  98%|█████████▊| 442/449 [00:02<00:00, 230.88it/s]
Epoch 40/150: 100%|██████████| 449/449 [00:02<00:00, 206.57it/s]

Epoch 41/150:   0%|          | 0/449 [00:00<?, ?it/s]
Epoch 41/150:   0%|          | 1/449 [00:00<00:53,  8.39it/s]
Epoch 41/150:   4%|▍         | 20/449 [00:00<00:04, 106.71it/s]
Epoch 41/150:  11%|█         | 49/449 [00:00<00:02, 183.61it/s]
Epoch 41/150:  15%|█▌        | 68/449 [00:00<00:02, 185.03it/s]
Epoch 41/150:  21%|██        | 95/449 [00:00<00:01, 212.51it/s]
Epoch 41/150:  26%|██▌       | 117/449 [00:00<00:01, 206.53it/s]
Epoch 41/150:  31%|███▏      | 141/449 [00:00<00:01, 214.54it/s]
Epoch 41/150:  36%|███▋      | 163/449 [00:00<00:01, 215.64it/s]
Epoch 41/150:  41%|████      | 185/449 [00:00<00:01, 211.45it/s]
Epoch 41/150:  47%|████▋     | 211/449 [00:01<00:01, 223.74it/s]
Epoch 41/150:  52%|█████▏    | 234/449 [00:01<00:01, 209.35it/s]
Epoch 41/150:  58%|█████▊    | 259/449 [00:01<00:00, 218.37it/s]
Epoch 41/150:  63%|██████▎   | 282/449 [00:01<00:00, 209.92it/s]
Epoch 41/150:  69%|██████▉   | 309/449 [00:01<00:00, 225.04it/s]
Epoch 41/150:  74%|███████▍  | 332/449 [00:01<00:00, 210.70it/s]
Epoch 41/150:  80%|████████  | 360/449 [00:01<00:00, 227.96it/s]
Epoch 41/150:  86%|████████▌ | 384/449 [00:01<00:00, 211.39it/s]
Epoch 41/150:  92%|█████████▏| 411/449 [00:01<00:00, 225.84it/s]
Epoch 41/150:  97%|█████████▋| 435/449 [00:02<00:00, 212.13it/s]
Epoch 41/150: 100%|██████████| 449/449 [00:02<00:00, 203.59it/s]

Epoch 42/150:   0%|          | 0/449 [00:00<?, ?it/s]
Epoch 42/150:   0%|          | 1/449 [00:00<00:51,  8.64it/s]
Epoch 42/150:   5%|▍         | 21/449 [00:00<00:03, 113.92it/s]
Epoch 42/150:  10%|█         | 47/449 [00:00<00:02, 176.07it/s]
Epoch 42/150:  16%|█▌        | 70/449 [00:00<00:01, 193.83it/s]
Epoch 42/150:  20%|██        | 91/449 [00:00<00:01, 197.49it/s]
Epoch 42/150:  26%|██▋       | 118/449 [00:00<00:01, 221.35it/s]
Epoch 42/150:  31%|███▏      | 141/449 [00:00<00:01, 206.28it/s]
Epoch 42/150:  37%|███▋      | 168/449 [00:00<00:01, 225.04it/s]
Epoch 42/150:  43%|████▎     | 191/449 [00:00<00:01, 208.49it/s]
Epoch 42/150:  48%|████▊     | 217/449 [00:01<00:01, 222.56it/s]
Epoch 42/150:  53%|█████▎    | 240/449 [00:01<00:01, 207.33it/s]
Epoch 42/150:  60%|█████▉    | 268/449 [00:01<00:00, 224.82it/s]
Epoch 42/150:  65%|██████▍   | 291/449 [00:01<00:00, 209.88it/s]
Epoch 42/150:  71%|███████   | 319/449 [00:01<00:00, 227.75it/s]
Epoch 42/150:  76%|███████▋  | 343/449 [00:01<00:00, 212.08it/s]
Epoch 42/150:  82%|████████▏ | 369/449 [00:01<00:00, 224.74it/s]
Epoch 42/150:  87%|████████▋ | 392/449 [00:01<00:00, 215.55it/s]
Epoch 42/150:  93%|█████████▎| 417/449 [00:01<00:00, 224.12it/s]
Epoch 42/150:  98%|█████████▊| 440/449 [00:02<00:00, 209.60it/s]
Epoch 42/150: 100%|██████████| 449/449 [00:02<00:00, 202.25it/s]

Epoch 43/150:   0%|          | 0/449 [00:00<?, ?it/s]
Epoch 43/150:   0%|          | 1/449 [00:00<00:55,  8.11it/s]
Epoch 43/150:   6%|▌         | 27/449 [00:00<00:02, 142.29it/s]
Epoch 43/150:  10%|█         | 47/449 [00:00<00:02, 164.90it/s]
Epoch 43/150:  16%|█▌        | 71/449 [00:00<00:01, 192.07it/s]
Epoch 43/150:  21%|██        | 93/449 [00:00<00:01, 199.46it/s]
Epoch 43/150:  25%|██▌       | 114/449 [00:00<00:01, 200.52it/s]
Epoch 43/150:  31%|███       | 139/449 [00:00<00:01, 213.57it/s]
Epoch 43/150:  36%|███▌      | 161/449 [00:00<00:01, 202.84it/s]
Epoch 43/150:  42%|████▏     | 187/449 [00:00<00:01, 215.59it/s]
Epoch 43/150:  47%|████▋     | 209/449 [00:01<00:01, 206.13it/s]
Epoch 43/150:  53%|█████▎    | 236/449 [00:01<00:00, 221.71it/s]
Epoch 43/150:  58%|█████▊    | 259/449 [00:01<00:00, 209.14it/s]
Epoch 43/150:  63%|██████▎   | 285/449 [00:01<00:00, 221.62it/s]
Epoch 43/150:  69%|██████▊   | 308/449 [00:01<00:00, 207.80it/s]
Epoch 43/150:  75%|███████▍  | 335/449 [00:01<00:00, 224.08it/s]
Epoch 43/150:  80%|███████▉  | 358/449 [00:01<00:00, 210.41it/s]
Epoch 43/150:  86%|████████▌ | 387/449 [00:01<00:00, 231.33it/s]
Epoch 43/150:  92%|█████████▏| 411/449 [00:01<00:00, 217.67it/s]
Epoch 43/150:  97%|█████████▋| 437/449 [00:02<00:00, 228.65it/s]
Epoch 43/150: 100%|██████████| 449/449 [00:02<00:00, 203.47it/s]

Epoch 44/150:   0%|          | 0/449 [00:00<?, ?it/s]
Epoch 44/150:   0%|          | 1/449 [00:00<00:53,  8.31it/s]
Epoch 44/150:   5%|▍         | 21/449 [00:00<00:03, 111.32it/s]
Epoch 44/150:  11%|█         | 49/449 [00:00<00:02, 182.77it/s]
Epoch 44/150:  15%|█▌        | 68/449 [00:00<00:02, 181.16it/s]
Epoch 44/150:  21%|██        | 94/449 [00:00<00:01, 207.93it/s]
Epoch 44/150:  26%|██▌       | 116/449 [00:00<00:01, 201.57it/s]
Epoch 44/150:  32%|███▏      | 142/449 [00:00<00:01, 217.99it/s]
Epoch 44/150:  37%|███▋      | 165/449 [00:00<00:01, 212.46it/s]
Epoch 44/150:  42%|████▏     | 190/449 [00:00<00:01, 221.40it/s]
Epoch 44/150:  47%|████▋     | 213/449 [00:01<00:01, 220.80it/s]
Epoch 44/150:  53%|█████▎    | 236/449 [00:01<00:00, 217.90it/s]
Epoch 44/150:  59%|█████▊    | 263/449 [00:01<00:00, 232.97it/s]
Epoch 44/150:  64%|██████▍   | 287/449 [00:01<00:00, 216.83it/s]
Epoch 44/150:  70%|███████   | 315/449 [00:01<00:00, 232.59it/s]
Epoch 44/150:  76%|███████▌  | 339/449 [00:01<00:00, 217.30it/s]
Epoch 44/150:  82%|████████▏ | 366/449 [00:01<00:00, 231.39it/s]
Epoch 44/150:  87%|████████▋ | 390/449 [00:01<00:00, 218.18it/s]
Epoch 44/150:  93%|█████████▎| 419/449 [00:01<00:00, 236.04it/s]
Epoch 44/150:  99%|█████████▉| 444/449 [00:02<00:00, 219.75it/s]
Epoch 44/150: 100%|██████████| 449/449 [00:02<00:00, 206.62it/s]

Epoch 45/150:   0%|          | 0/449 [00:00<?, ?it/s]
Epoch 45/150:   0%|          | 1/449 [00:00<00:53,  8.38it/s]
Epoch 45/150:   6%|▋         | 29/449 [00:00<00:02, 154.96it/s]
Epoch 45/150:  10%|█         | 47/449 [00:00<00:02, 165.72it/s]
Epoch 45/150:  16%|█▌        | 72/449 [00:00<00:01, 197.71it/s]
Epoch 45/150:  21%|██        | 93/449 [00:00<00:01, 200.36it/s]
Epoch 45/150:  26%|██▌       | 115/449 [00:00<00:01, 205.88it/s]
Epoch 45/150:  31%|███       | 138/449 [00:00<00:01, 210.01it/s]
Epoch 45/150:  36%|███▌      | 160/449 [00:00<00:01, 210.95it/s]
Epoch 45/150:  42%|████▏     | 187/449 [00:00<00:01, 223.70it/s]
Epoch 45/150:  47%|████▋     | 210/449 [00:01<00:01, 213.57it/s]
Epoch 45/150:  53%|█████▎    | 237/449 [00:01<00:00, 229.60it/s]
Epoch 45/150:  58%|█████▊    | 261/449 [00:01<00:00, 215.57it/s]
Epoch 45/150:  64%|██████▍   | 288/449 [00:01<00:00, 229.36it/s]
Epoch 45/150:  69%|██████▉   | 312/449 [00:01<00:00, 212.71it/s]
Epoch 45/150:  75%|███████▌  | 338/449 [00:01<00:00, 224.58it/s]
Epoch 45/150:  80%|████████  | 361/449 [00:01<00:00, 210.32it/s]
Epoch 45/150:  86%|████████▋ | 388/449 [00:01<00:00, 224.89it/s]
Epoch 45/150:  92%|█████████▏| 411/449 [00:01<00:00, 210.16it/s]
Epoch 45/150:  98%|█████████▊| 438/449 [00:02<00:00, 225.56it/s]
Epoch 45/150: 100%|██████████| 449/449 [00:02<00:00, 204.54it/s]

Epoch 46/150:   0%|          | 0/449 [00:00<?, ?it/s]
Epoch 46/150:   0%|          | 1/449 [00:00<00:52,  8.54it/s]
Epoch 46/150:   4%|▍         | 20/449 [00:00<00:03, 107.83it/s]
Epoch 46/150:  11%|█         | 49/449 [00:00<00:02, 184.74it/s]
Epoch 46/150:  15%|█▌        | 68/449 [00:00<00:02, 185.16it/s]
Epoch 46/150:  21%|██        | 93/449 [00:00<00:01, 207.60it/s]
Epoch 46/150:  26%|██▌       | 115/449 [00:00<00:01, 207.86it/s]
Epoch 46/150:  31%|███       | 138/449 [00:00<00:01, 214.62it/s]
Epoch 46/150:  36%|███▌      | 161/449 [00:00<00:01, 216.10it/s]
Epoch 46/150:  41%|████      | 183/449 [00:00<00:01, 211.45it/s]
Epoch 46/150:  46%|████▌     | 207/449 [00:01<00:01, 219.48it/s]
Epoch 46/150:  51%|█████     | 230/449 [00:01<00:01, 209.00it/s]
Epoch 46/150:  57%|█████▋    | 257/449 [00:01<00:00, 224.69it/s]
Epoch 46/150:  62%|██████▏   | 280/449 [00:01<00:00, 211.51it/s]
Epoch 46/150:  68%|██████▊   | 307/449 [00:01<00:00, 227.28it/s]
Epoch 46/150:  74%|███████▎  | 331/449 [00:01<00:00, 211.48it/s]
Epoch 46/150:  80%|███████▉  | 358/449 [00:01<00:00, 225.73it/s]
Epoch 46/150:  85%|████████▍ | 381/449 [00:01<00:00, 210.24it/s]
Epoch 46/150:  91%|█████████ | 409/449 [00:01<00:00, 226.74it/s]
Epoch 46/150:  96%|█████████▋| 433/449 [00:02<00:00, 213.43it/s]
Epoch 46/150: 100%|██████████| 449/449 [00:02<00:00, 204.08it/s]

Epoch 47/150:   0%|          | 0/449 [00:00<?, ?it/s]
Epoch 47/150:   0%|          | 1/449 [00:00<00:51,  8.77it/s]
Epoch 47/150:   7%|▋         | 30/449 [00:00<00:02, 162.53it/s]
Epoch 47/150:  11%|█         | 49/449 [00:00<00:02, 172.63it/s]
Epoch 47/150:  17%|█▋        | 75/449 [00:00<00:01, 203.58it/s]
Epoch 47/150:  21%|██▏       | 96/449 [00:00<00:01, 198.67it/s]
Epoch 47/150:  27%|██▋       | 121/449 [00:00<00:01, 213.60it/s]
Epoch 47/150:  32%|███▏      | 143/449 [00:00<00:01, 214.52it/s]
Epoch 47/150:  37%|███▋      | 165/449 [00:00<00:01, 214.71it/s]
Epoch 47/150:  42%|████▏     | 190/449 [00:00<00:01, 225.09it/s]
Epoch 47/150:  47%|████▋     | 213/449 [00:01<00:01, 215.53it/s]
Epoch 47/150:  54%|█████▎    | 241/449 [00:01<00:00, 232.37it/s]
Epoch 47/150:  59%|█████▉    | 265/449 [00:01<00:00, 217.14it/s]
Epoch 47/150:  65%|██████▌   | 294/449 [00:01<00:00, 234.60it/s]
Epoch 47/150:  71%|███████   | 318/449 [00:01<00:00, 218.79it/s]
Epoch 47/150:  77%|███████▋  | 344/449 [00:01<00:00, 229.58it/s]
Epoch 47/150:  82%|████████▏ | 368/449 [00:01<00:00, 214.95it/s]
Epoch 47/150:  88%|████████▊ | 396/449 [00:01<00:00, 231.40it/s]
Epoch 47/150:  94%|█████████▎| 420/449 [00:01<00:00, 220.43it/s]
Epoch 47/150:  99%|█████████▉| 446/449 [00:02<00:00, 230.90it/s]
Epoch 47/150: 100%|██████████| 449/449 [00:02<00:00, 209.66it/s]

Epoch 48/150:   0%|          | 0/449 [00:00<?, ?it/s]
Epoch 48/150:   0%|          | 1/449 [00:00<00:51,  8.67it/s]
Epoch 48/150:   5%|▍         | 22/449 [00:00<00:03, 119.29it/s]
Epoch 48/150:  10%|█         | 45/449 [00:00<00:02, 167.94it/s]
Epoch 48/150:  16%|█▌        | 71/449 [00:00<00:01, 198.74it/s]
Epoch 48/150:  20%|██        | 92/449 [00:00<00:01, 192.70it/s]
Epoch 48/150:  26%|██▋       | 118/449 [00:00<00:01, 212.86it/s]
Epoch 48/150:  31%|███       | 140/449 [00:00<00:01, 201.46it/s]
Epoch 48/150:  37%|███▋      | 166/449 [00:00<00:01, 217.90it/s]
Epoch 48/150:  42%|████▏     | 189/449 [00:00<00:01, 203.39it/s]
Epoch 48/150:  48%|████▊     | 216/449 [00:01<00:01, 220.95it/s]
Epoch 48/150:  53%|█████▎    | 239/449 [00:01<00:01, 208.12it/s]
Epoch 48/150:  59%|█████▉    | 266/449 [00:01<00:00, 223.98it/s]
Epoch 48/150:  64%|██████▍   | 289/449 [00:01<00:00, 211.96it/s]
Epoch 48/150:  70%|███████   | 315/449 [00:01<00:00, 223.82it/s]
Epoch 48/150:  75%|███████▌  | 338/449 [00:01<00:00, 212.21it/s]
Epoch 48/150:  81%|████████  | 363/449 [00:01<00:00, 221.83it/s]
Epoch 48/150:  86%|████████▌ | 386/449 [00:01<00:00, 212.57it/s]
Epoch 48/150:  92%|█████████▏| 411/449 [00:01<00:00, 220.72it/s]
Epoch 48/150:  97%|█████████▋| 434/449 [00:02<00:00, 213.68it/s]
Epoch 48/150: 100%|██████████| 449/449 [00:02<00:00, 201.22it/s]

Epoch 49/150:   0%|          | 0/449 [00:00<?, ?it/s]
Epoch 49/150:   0%|          | 1/449 [00:00<00:51,  8.74it/s]
Epoch 49/150:   6%|▋         | 29/449 [00:00<00:02, 159.32it/s]
Epoch 49/150:  11%|█         | 49/449 [00:00<00:02, 176.17it/s]
Epoch 49/150:  16%|█▌        | 72/449 [00:00<00:01, 196.13it/s]
Epoch 49/150:  22%|██▏       | 97/449 [00:00<00:01, 205.89it/s]
Epoch 49/150:  26%|██▋       | 118/449 [00:00<00:01, 204.68it/s]
Epoch 49/150:  32%|███▏      | 142/449 [00:00<00:01, 215.23it/s]
Epoch 49/150:  37%|███▋      | 164/449 [00:00<00:01, 205.27it/s]
Epoch 49/150:  43%|████▎     | 191/449 [00:00<00:01, 222.75it/s]
Epoch 49/150:  48%|████▊     | 214/449 [00:01<00:01, 209.57it/s]
Epoch 49/150:  54%|█████▍    | 242/449 [00:01<00:00, 228.36it/s]
Epoch 49/150:  59%|█████▉    | 266/449 [00:01<00:00, 214.45it/s]
Epoch 49/150:  65%|██████▌   | 293/449 [00:01<00:00, 228.66it/s]
Epoch 49/150:  71%|███████   | 317/449 [00:01<00:00, 213.05it/s]
Epoch 49/150:  77%|███████▋  | 345/449 [00:01<00:00, 228.86it/s]
Epoch 49/150:  82%|████████▏ | 369/449 [00:01<00:00, 214.34it/s]
Epoch 49/150:  88%|████████▊ | 397/449 [00:01<00:00, 231.32it/s]
Epoch 49/150:  94%|█████████▍| 421/449 [00:02<00:00, 216.36it/s]
Epoch 49/150: 100%|██████████| 449/449 [00:02<00:00, 208.21it/s]

Epoch 50/150:   0%|          | 0/449 [00:00<?, ?it/s]
Epoch 50/150:   0%|          | 1/449 [00:00<00:51,  8.75it/s]
Epoch 50/150:   5%|▌         | 24/449 [00:00<00:03, 128.69it/s]
Epoch 50/150:  11%|█         | 48/449 [00:00<00:02, 175.13it/s]
Epoch 50/150:  17%|█▋        | 75/449 [00:00<00:01, 210.37it/s]
Epoch 50/150:  22%|██▏       | 97/449 [00:00<00:01, 199.16it/s]
Epoch 50/150:  28%|██▊       | 125/449 [00:00<00:01, 222.55it/s]
Epoch 50/150:  33%|███▎      | 148/449 [00:00<00:01, 206.20it/s]
Epoch 50/150:  39%|███▉      | 175/449 [00:00<00:01, 222.62it/s]
Epoch 50/150:  44%|████▍     | 198/449 [00:01<00:01, 211.13it/s]
Epoch 50/150:  50%|█████     | 225/449 [00:01<00:00, 225.77it/s]
Epoch 50/150:  55%|█████▌    | 248/449 [00:01<00:00, 215.92it/s]
Epoch 50/150:  61%|██████    | 274/449 [00:01<00:00, 226.32it/s]
Epoch 50/150:  66%|██████▌   | 297/449 [00:01<00:00, 218.22it/s]
Epoch 50/150:  71%|███████▏  | 321/449 [00:01<00:00, 222.46it/s]
Epoch 50/150:  77%|███████▋  | 344/449 [00:01<00:00, 221.01it/s]
Epoch 50/150:  82%|████████▏ | 367/449 [00:01<00:00, 155.77it/s]
Epoch 50/150:  87%|████████▋ | 391/449 [00:02<00:00, 173.88it/s]
Epoch 50/150:  93%|█████████▎| 416/449 [00:02<00:00, 186.87it/s]
Epoch 50/150:  97%|█████████▋| 437/449 [00:02<00:00, 191.01it/s]
Epoch 50/150: 100%|██████████| 449/449 [00:02<00:00, 194.38it/s]

Epoch 51/150:   0%|          | 0/449 [00:00<?, ?it/s]
Epoch 51/150:   0%|          | 1/449 [00:00<00:51,  8.71it/s]
Epoch 51/150:   6%|▌         | 27/449 [00:00<00:02, 146.92it/s]
Epoch 51/150:  10%|█         | 46/449 [00:00<00:02, 165.70it/s]
Epoch 51/150:  16%|█▌        | 70/449 [00:00<00:01, 192.22it/s]
Epoch 51/150:  20%|██        | 91/449 [00:00<00:01, 197.12it/s]
Epoch 51/150:  25%|██▌       | 114/449 [00:00<00:01, 205.85it/s]
Epoch 51/150:  31%|███▏      | 141/449 [00:00<00:01, 221.89it/s]
Epoch 51/150:  37%|███▋      | 164/449 [00:00<00:01, 213.38it/s]
Epoch 51/150:  43%|████▎     | 191/449 [00:00<00:01, 229.17it/s]
Epoch 51/150:  48%|████▊     | 215/449 [00:01<00:01, 214.72it/s]
Epoch 51/150:  54%|█████▍    | 243/449 [00:01<00:00, 230.19it/s]
Epoch 51/150:  59%|█████▉    | 267/449 [00:01<00:00, 213.03it/s]
Epoch 51/150:  65%|██████▌   | 294/449 [00:01<00:00, 227.60it/s]
Epoch 51/150:  71%|███████   | 318/449 [00:01<00:00, 211.34it/s]
Epoch 51/150:  77%|███████▋  | 344/449 [00:01<00:00, 222.23it/s]
Epoch 51/150:  82%|████████▏ | 367/449 [00:01<00:00, 211.35it/s]
Epoch 51/150:  88%|████████▊ | 396/449 [00:01<00:00, 230.40it/s]
Epoch 51/150:  94%|█████████▎| 420/449 [00:02<00:00, 213.97it/s]
Epoch 51/150: 100%|█████████▉| 448/449 [00:02<00:00, 229.96it/s]
Epoch 51/150: 100%|██████████| 449/449 [00:02<00:00, 206.82it/s]

Epoch 52/150:   0%|          | 0/449 [00:00<?, ?it/s]
Epoch 52/150:   0%|          | 1/449 [00:00<00:50,  8.81it/s]
Epoch 52/150:   5%|▍         | 22/449 [00:00<00:03, 119.12it/s]
Epoch 52/150:  10%|█         | 46/449 [00:00<00:02, 169.96it/s]
Epoch 52/150:  16%|█▌        | 71/449 [00:00<00:01, 200.22it/s]
Epoch 52/150:  20%|██        | 92/449 [00:00<00:01, 195.54it/s]
Epoch 52/150:  27%|██▋       | 119/449 [00:00<00:01, 219.54it/s]
Epoch 52/150:  32%|███▏      | 142/449 [00:00<00:01, 208.52it/s]
Epoch 52/150:  37%|███▋      | 168/449 [00:00<00:01, 223.42it/s]
Epoch 52/150:  43%|████▎     | 191/449 [00:00<00:01, 210.32it/s]
Epoch 52/150:  48%|████▊     | 216/449 [00:01<00:01, 220.91it/s]
Epoch 52/150:  53%|█████▎    | 239/449 [00:01<00:00, 212.41it/s]
Epoch 52/150:  59%|█████▊    | 263/449 [00:01<00:00, 219.26it/s]
Epoch 52/150:  64%|██████▎   | 286/449 [00:01<00:00, 215.84it/s]
Epoch 52/150:  69%|██████▊   | 308/449 [00:01<00:00, 214.45it/s]
Epoch 52/150:  74%|███████▍  | 333/449 [00:01<00:00, 223.92it/s]
Epoch 52/150:  79%|███████▉  | 356/449 [00:01<00:00, 211.51it/s]
Epoch 52/150:  85%|████████▌ | 383/449 [00:01<00:00, 225.65it/s]
Epoch 52/150:  90%|█████████ | 406/449 [00:01<00:00, 212.24it/s]
Epoch 52/150:  96%|█████████▋| 433/449 [00:02<00:00, 227.99it/s]
Epoch 52/150: 100%|██████████| 449/449 [00:02<00:00, 204.01it/s]

Epoch 53/150:   0%|          | 0/449 [00:00<?, ?it/s]
Epoch 53/150:   0%|          | 1/449 [00:00<00:56,  7.95it/s]
Epoch 53/150:   5%|▌         | 23/449 [00:00<00:03, 119.13it/s]
Epoch 53/150:  11%|█         | 50/449 [00:00<00:02, 183.57it/s]
Epoch 53/150:  16%|█▌        | 70/449 [00:00<00:02, 179.94it/s]
Epoch 53/150:  22%|██▏       | 97/449 [00:00<00:01, 208.43it/s]
Epoch 53/150:  27%|██▋       | 119/449 [00:00<00:01, 198.32it/s]
Epoch 53/150:  33%|███▎      | 147/449 [00:00<00:01, 220.38it/s]
Epoch 53/150:  38%|███▊      | 170/449 [00:00<00:01, 206.97it/s]
Epoch 53/150:  44%|████▍     | 197/449 [00:01<00:01, 223.07it/s]
Epoch 53/150:  49%|████▉     | 220/449 [00:01<00:01, 206.78it/s]
Epoch 53/150:  55%|█████▌    | 248/449 [00:01<00:00, 225.91it/s]
Epoch 53/150:  61%|██████    | 272/449 [00:01<00:00, 209.04it/s]
Epoch 53/150:  67%|██████▋   | 300/449 [00:01<00:00, 225.47it/s]
Epoch 53/150:  72%|███████▏  | 324/449 [00:01<00:00, 211.85it/s]
Epoch 53/150:  78%|███████▊  | 351/449 [00:01<00:00, 227.05it/s]
Epoch 53/150:  84%|████████▎ | 375/449 [00:01<00:00, 211.49it/s]
Epoch 53/150:  90%|████████▉ | 403/449 [00:01<00:00, 227.77it/s]
Epoch 53/150:  95%|█████████▌| 427/449 [00:02<00:00, 213.47it/s]
Epoch 53/150: 100%|██████████| 449/449 [00:02<00:00, 203.95it/s]

Epoch 54/150:   0%|          | 0/449 [00:00<?, ?it/s]
Epoch 54/150:   0%|          | 1/449 [00:00<00:51,  8.70it/s]
Epoch 54/150:   6%|▌         | 26/449 [00:00<00:03, 140.10it/s]
Epoch 54/150:  10%|█         | 45/449 [00:00<00:02, 159.35it/s]
Epoch 54/150:  16%|█▋        | 73/449 [00:00<00:01, 202.38it/s]
Epoch 54/150:  21%|██        | 94/449 [00:00<00:01, 196.96it/s]
Epoch 54/150:  27%|██▋       | 120/449 [00:00<00:01, 215.63it/s]
Epoch 54/150:  32%|███▏      | 142/449 [00:00<00:01, 207.02it/s]
Epoch 54/150:  37%|███▋      | 168/449 [00:00<00:01, 221.61it/s]
Epoch 54/150:  43%|████▎     | 191/449 [00:00<00:01, 215.70it/s]
Epoch 54/150:  48%|████▊     | 215/449 [00:01<00:01, 222.43it/s]
Epoch 54/150:  53%|█████▎    | 238/449 [00:01<00:00, 222.15it/s]
Epoch 54/150:  58%|█████▊    | 261/449 [00:01<00:00, 217.91it/s]
Epoch 54/150:  64%|██████▍   | 288/449 [00:01<00:00, 232.33it/s]
Epoch 54/150:  69%|██████▉   | 312/449 [00:01<00:00, 216.60it/s]
Epoch 54/150:  76%|███████▌  | 339/449 [00:01<00:00, 228.62it/s]
Epoch 54/150:  81%|████████  | 363/449 [00:01<00:00, 215.64it/s]
Epoch 54/150:  87%|████████▋ | 389/449 [00:01<00:00, 227.58it/s]
Epoch 54/150:  92%|█████████▏| 413/449 [00:01<00:00, 212.10it/s]
Epoch 54/150:  98%|█████████▊| 439/449 [00:02<00:00, 223.86it/s]
Epoch 54/150: 100%|██████████| 449/449 [00:02<00:00, 206.05it/s]

Epoch 55/150:   0%|          | 0/449 [00:00<?, ?it/s]
Epoch 55/150:   0%|          | 1/449 [00:00<00:52,  8.48it/s]
Epoch 55/150:   4%|▍         | 20/449 [00:00<00:04, 105.18it/s]
Epoch 55/150:  11%|█         | 49/449 [00:00<00:02, 184.87it/s]
Epoch 55/150:  15%|█▌        | 69/449 [00:00<00:02, 186.42it/s]
Epoch 55/150:  21%|██▏       | 96/449 [00:00<00:01, 213.01it/s]
Epoch 55/150:  26%|██▋       | 118/449 [00:00<00:01, 209.45it/s]
Epoch 55/150:  32%|███▏      | 142/449 [00:00<00:01, 217.58it/s]
Epoch 55/150:  37%|███▋      | 164/449 [00:00<00:01, 214.61it/s]
Epoch 55/150:  41%|████▏     | 186/449 [00:00<00:01, 216.02it/s]
Epoch 55/150:  47%|████▋     | 212/449 [00:01<00:01, 226.39it/s]
Epoch 55/150:  52%|█████▏    | 235/449 [00:01<00:01, 213.74it/s]
Epoch 55/150:  58%|█████▊    | 260/449 [00:01<00:00, 219.37it/s]
Epoch 55/150:  63%|██████▎   | 283/449 [00:01<00:00, 211.81it/s]
Epoch 55/150:  69%|██████▉   | 311/449 [00:01<00:00, 228.27it/s]
Epoch 55/150:  74%|███████▍  | 334/449 [00:01<00:00, 214.41it/s]
Epoch 55/150:  81%|████████  | 362/449 [00:01<00:00, 232.29it/s]
Epoch 55/150:  86%|████████▌ | 386/449 [00:01<00:00, 221.32it/s]
Epoch 55/150:  92%|█████████▏| 412/449 [00:01<00:00, 231.25it/s]
Epoch 55/150:  97%|█████████▋| 436/449 [00:02<00:00, 217.82it/s]
Epoch 55/150: 100%|██████████| 449/449 [00:02<00:00, 205.64it/s]

Epoch 56/150:   0%|          | 0/449 [00:00<?, ?it/s]
Epoch 56/150:   0%|          | 1/449 [00:00<00:51,  8.76it/s]
Epoch 56/150:   6%|▌         | 28/449 [00:00<00:02, 152.44it/s]
Epoch 56/150:  11%|█         | 48/449 [00:00<00:02, 169.24it/s]
Epoch 56/150:  16%|█▌        | 72/449 [00:00<00:01, 195.25it/s]
Epoch 56/150:  21%|██        | 93/449 [00:00<00:01, 200.07it/s]
Epoch 56/150:  25%|██▌       | 114/449 [00:00<00:01, 202.78it/s]
Epoch 56/150:  31%|███▏      | 141/449 [00:00<00:01, 222.79it/s]
Epoch 56/150:  37%|███▋      | 164/449 [00:00<00:01, 206.10it/s]
Epoch 56/150:  43%|████▎     | 191/449 [00:00<00:01, 222.53it/s]
Epoch 56/150:  48%|████▊     | 214/449 [00:01<00:01, 206.28it/s]
Epoch 56/150:  53%|█████▎    | 240/449 [00:01<00:00, 220.13it/s]
Epoch 56/150:  59%|█████▊    | 263/449 [00:01<00:00, 207.10it/s]
Epoch 56/150:  65%|██████▍   | 290/449 [00:01<00:00, 223.57it/s]
Epoch 56/150:  70%|██████▉   | 313/449 [00:01<00:00, 207.28it/s]
Epoch 56/150:  76%|███████▌  | 341/449 [00:01<00:00, 226.26it/s]
Epoch 56/150:  81%|████████▏ | 365/449 [00:01<00:00, 208.19it/s]
Epoch 56/150:  87%|████████▋ | 392/449 [00:01<00:00, 223.59it/s]
Epoch 56/150:  92%|█████████▏| 415/449 [00:02<00:00, 211.12it/s]
Epoch 56/150:  98%|█████████▊| 440/449 [00:02<00:00, 220.98it/s]
Epoch 56/150: 100%|██████████| 449/449 [00:02<00:00, 202.54it/s]

Epoch 57/150:   0%|          | 0/449 [00:00<?, ?it/s]
Epoch 57/150:   0%|          | 1/449 [00:00<00:52,  8.50it/s]
Epoch 57/150:   5%|▍         | 22/449 [00:00<00:03, 116.01it/s]
Epoch 57/150:  10%|█         | 47/449 [00:00<00:02, 173.98it/s]
Epoch 57/150:  15%|█▍        | 66/449 [00:00<00:02, 179.88it/s]
Epoch 57/150:  20%|█▉        | 88/449 [00:00<00:01, 192.34it/s]
Epoch 57/150:  25%|██▌       | 113/449 [00:00<00:01, 204.37it/s]
Epoch 57/150:  30%|███       | 135/449 [00:00<00:01, 208.64it/s]
Epoch 57/150:  36%|███▌      | 161/449 [00:00<00:01, 224.49it/s]
Epoch 57/150:  41%|████      | 184/449 [00:00<00:01, 211.97it/s]
Epoch 57/150:  48%|████▊     | 217/449 [00:01<00:00, 245.96it/s]
Epoch 57/150:  54%|█████▍    | 242/449 [00:01<00:00, 232.75it/s]
Epoch 57/150:  60%|█████▉    | 268/449 [00:01<00:00, 239.15it/s]
Epoch 57/150:  65%|██████▌   | 293/449 [00:01<00:00, 223.46it/s]
Epoch 57/150:  71%|███████   | 318/449 [00:01<00:00, 229.73it/s]
Epoch 57/150:  76%|███████▌  | 342/449 [00:01<00:00, 217.45it/s]
Epoch 57/150:  82%|████████▏ | 366/449 [00:01<00:00, 222.30it/s]
Epoch 57/150:  87%|████████▋ | 389/449 [00:01<00:00, 215.61it/s]
Epoch 57/150:  92%|█████████▏| 412/449 [00:01<00:00, 218.45it/s]
Epoch 57/150:  97%|█████████▋| 435/449 [00:02<00:00, 214.98it/s]
Epoch 57/150: 100%|██████████| 449/449 [00:02<00:00, 204.86it/s]

Epoch 58/150:   0%|          | 0/449 [00:00<?, ?it/s]
Epoch 58/150:   0%|          | 1/449 [00:00<00:55,  8.05it/s]
Epoch 58/150:   6%|▌         | 25/449 [00:00<00:03, 130.54it/s]
Epoch 58/150:  11%|█         | 49/449 [00:00<00:02, 174.43it/s]
Epoch 58/150:  15%|█▌        | 68/449 [00:00<00:02, 179.16it/s]
Epoch 58/150:  21%|██        | 94/449 [00:00<00:01, 205.58it/s]
Epoch 58/150:  26%|██▌       | 115/449 [00:00<00:01, 189.51it/s]
Epoch 58/150:  32%|███▏      | 142/449 [00:00<00:01, 211.63it/s]
Epoch 58/150:  37%|███▋      | 164/449 [00:00<00:01, 198.45it/s]
Epoch 58/150:  42%|████▏     | 189/449 [00:00<00:01, 211.59it/s]
Epoch 58/150:  47%|████▋     | 211/449 [00:01<00:01, 203.72it/s]
Epoch 58/150:  53%|█████▎    | 236/449 [00:01<00:00, 215.57it/s]
Epoch 58/150:  57%|█████▋    | 258/449 [00:01<00:00, 213.78it/s]
Epoch 58/150:  63%|██████▎   | 281/449 [00:01<00:00, 216.50it/s]
Epoch 58/150:  68%|██████▊   | 306/449 [00:01<00:00, 221.93it/s]
Epoch 58/150:  73%|███████▎  | 329/449 [00:01<00:00, 215.85it/s]
Epoch 58/150:  79%|███████▉  | 354/449 [00:01<00:00, 224.25it/s]
Epoch 58/150:  84%|████████▍ | 377/449 [00:01<00:00, 214.48it/s]
Epoch 58/150:  90%|████████▉ | 404/449 [00:01<00:00, 227.18it/s]
Epoch 58/150:  95%|█████████▌| 427/449 [00:02<00:00, 212.43it/s]
Epoch 58/150: 100%|██████████| 449/449 [00:02<00:00, 201.28it/s]

Epoch 59/150:   0%|          | 0/449 [00:00<?, ?it/s]
Epoch 59/150:   0%|          | 1/449 [00:00<00:51,  8.70it/s]
Epoch 59/150:   5%|▍         | 21/449 [00:00<00:03, 114.34it/s]
Epoch 59/150:  10%|█         | 45/449 [00:00<00:02, 168.25it/s]
Epoch 59/150:  15%|█▌        | 69/449 [00:00<00:01, 195.66it/s]
Epoch 59/150:  20%|█▉        | 89/449 [00:00<00:01, 189.66it/s]
Epoch 59/150:  26%|██▌       | 116/449 [00:00<00:01, 213.88it/s]
Epoch 59/150:  31%|███       | 138/449 [00:00<00:01, 201.65it/s]
Epoch 59/150:  37%|███▋      | 166/449 [00:00<00:01, 223.49it/s]
Epoch 59/150:  42%|████▏     | 189/449 [00:00<00:01, 206.99it/s]
Epoch 59/150:  48%|████▊     | 216/449 [00:01<00:01, 222.21it/s]
Epoch 59/150:  53%|█████▎    | 239/449 [00:01<00:01, 209.70it/s]
Epoch 59/150:  59%|█████▉    | 265/449 [00:01<00:00, 223.44it/s]
Epoch 59/150:  64%|██████▍   | 288/449 [00:01<00:00, 163.32it/s]
Epoch 59/150:  69%|██████▊   | 308/449 [00:01<00:00, 171.07it/s]
Epoch 59/150:  74%|███████▍  | 334/449 [00:01<00:00, 191.07it/s]
Epoch 59/150:  79%|███████▉  | 355/449 [00:01<00:00, 192.55it/s]
Epoch 59/150:  84%|████████▍ | 378/449 [00:01<00:00, 201.23it/s]
Epoch 59/150:  90%|████████▉ | 402/449 [00:02<00:00, 206.03it/s]
Epoch 59/150:  94%|█████████▍| 424/449 [00:02<00:00, 207.10it/s]
Epoch 59/150: 100%|██████████| 449/449 [00:02<00:00, 193.14it/s]

Epoch 60/150:   0%|          | 0/449 [00:00<?, ?it/s]
Epoch 60/150:   0%|          | 1/449 [00:00<00:57,  7.76it/s]
Epoch 60/150:   5%|▍         | 21/449 [00:00<00:03, 107.75it/s]
Epoch 60/150:  10%|▉         | 44/449 [00:00<00:02, 158.39it/s]
Epoch 60/150:  15%|█▌        | 68/449 [00:00<00:02, 188.89it/s]
Epoch 60/150:  20%|█▉        | 88/449 [00:00<00:01, 184.25it/s]
Epoch 60/150:  26%|██▌       | 115/449 [00:00<00:01, 210.60it/s]
Epoch 60/150:  31%|███       | 137/449 [00:00<00:01, 200.53it/s]
Epoch 60/150:  37%|███▋      | 165/449 [00:00<00:01, 221.83it/s]
Epoch 60/150:  42%|████▏     | 188/449 [00:01<00:01, 204.07it/s]
Epoch 60/150:  48%|████▊     | 214/449 [00:01<00:01, 219.53it/s]
Epoch 60/150:  53%|█████▎    | 237/449 [00:01<00:01, 209.41it/s]
Epoch 60/150:  58%|█████▊    | 262/449 [00:01<00:00, 219.49it/s]
Epoch 60/150:  63%|██████▎   | 285/449 [00:01<00:00, 208.24it/s]
Epoch 60/150:  69%|██████▉   | 310/449 [00:01<00:00, 218.91it/s]
Epoch 60/150:  74%|███████▍  | 333/449 [00:01<00:00, 209.49it/s]
Epoch 60/150:  80%|███████▉  | 359/449 [00:01<00:00, 221.89it/s]
Epoch 60/150:  85%|████████▌ | 382/449 [00:01<00:00, 210.09it/s]
Epoch 60/150:  91%|█████████ | 407/449 [00:02<00:00, 218.96it/s]
Epoch 60/150:  96%|█████████▌| 430/449 [00:02<00:00, 212.95it/s]
Epoch 60/150: 100%|██████████| 449/449 [00:02<00:00, 198.95it/s]
Applying augmentations: ['dtwwarp', 'jittering'] (this might take a while)...
Augmentations ['dtwwarp', 'jittering'] applied successfully.
Fold 0 | Input Dim: 70 | Train: 14367, Val: 720, Test: 1347
Epoch 1, Train Loss: 0.1969, Train F1: 0.5781, Val F1: 0.6323, LR: 0.000040
✅ Model Saved (Best F1-score)
Epoch 2, Train Loss: 0.1802, Train F1: 0.6392, Val F1: 0.6440, LR: 0.000060
✅ Model Saved (Best F1-score)
Epoch 3, Train Loss: 0.1730, Train F1: 0.6649, Val F1: 0.6587, LR: 0.000080
✅ Model Saved (Best F1-score)
Epoch 4, Train Loss: 0.1686, Train F1: 0.6795, Val F1: 0.6665, LR: 0.000100
✅ Model Saved (Best F1-score)
Epoch 5, Train Loss: 0.1643, Train F1: 0.6933, Val F1: 0.6696, LR: 0.000100
✅ Model Saved (Best F1-score)
Epoch 6, Train Loss: 0.1600, Train F1: 0.7044, Val F1: 0.6690, LR: 0.000100
Epoch 7, Train Loss: 0.1555, Train F1: 0.7125, Val F1: 0.6644, LR: 0.000100
Epoch 8, Train Loss: 0.1512, Train F1: 0.7236, Val F1: 0.6588, LR: 0.000100
Epoch 9, Train Loss: 0.1464, Train F1: 0.7336, Val F1: 0.6675, LR: 0.000100
Epoch 10, Train Loss: 0.1424, Train F1: 0.7417, Val F1: 0.6813, LR: 0.000100
✅ Model Saved (Best F1-score)
Epoch 11, Train Loss: 0.1381, Train F1: 0.7493, Val F1: 0.6719, LR: 0.000100
Epoch 12, Train Loss: 0.1343, Train F1: 0.7537, Val F1: 0.6603, LR: 0.000099
Epoch 13, Train Loss: 0.1281, Train F1: 0.7680, Val F1: 0.6606, LR: 0.000099
Epoch 14, Train Loss: 0.1222, Train F1: 0.7776, Val F1: 0.6472, LR: 0.000099
Epoch 15, Train Loss: 0.1179, Train F1: 0.7861, Val F1: 0.6485, LR: 0.000099
Epoch 16, Train Loss: 0.1123, Train F1: 0.7969, Val F1: 0.6486, LR: 0.000099
Epoch 17, Train Loss: 0.1075, Train F1: 0.8036, Val F1: 0.6608, LR: 0.000098
Epoch 18, Train Loss: 0.1013, Train F1: 0.8133, Val F1: 0.6567, LR: 0.000098
Epoch 19, Train Loss: 0.0986, Train F1: 0.8194, Val F1: 0.6430, LR: 0.000098
Epoch 20, Train Loss: 0.0930, Train F1: 0.8298, Val F1: 0.6451, LR: 0.000097
Epoch 21, Train Loss: 0.0879, Train F1: 0.8368, Val F1: 0.6249, LR: 0.000097
Epoch 22, Train Loss: 0.0838, Train F1: 0.8467, Val F1: 0.6513, LR: 0.000097
Epoch 23, Train Loss: 0.0777, Train F1: 0.8564, Val F1: 0.6196, LR: 0.000096
Epoch 24, Train Loss: 0.0753, Train F1: 0.8634, Val F1: 0.6422, LR: 0.000096
Epoch 25, Train Loss: 0.0711, Train F1: 0.8708, Val F1: 0.6235, LR: 0.000095
Epoch 26, Train Loss: 0.0681, Train F1: 0.8782, Val F1: 0.6427, LR: 0.000095
Epoch 27, Train Loss: 0.0642, Train F1: 0.8868, Val F1: 0.6398, LR: 0.000094
Epoch 28, Train Loss: 0.0631, Train F1: 0.8863, Val F1: 0.6325, LR: 0.000094
Epoch 29, Train Loss: 0.0578, Train F1: 0.8971, Val F1: 0.6293, LR: 0.000093
Epoch 30, Train Loss: 0.0557, Train F1: 0.9002, Val F1: 0.6209, LR: 0.000093
Epoch 31, Train Loss: 0.0529, Train F1: 0.9089, Val F1: 0.6298, LR: 0.000092
Epoch 32, Train Loss: 0.0500, Train F1: 0.9137, Val F1: 0.6164, LR: 0.000092
Epoch 33, Train Loss: 0.0469, Train F1: 0.9174, Val F1: 0.6278, LR: 0.000091
Epoch 34, Train Loss: 0.0445, Train F1: 0.9230, Val F1: 0.6317, LR: 0.000090
Epoch 35, Train Loss: 0.0419, Train F1: 0.9275, Val F1: 0.6220, LR: 0.000090
Epoch 36, Train Loss: 0.0400, Train F1: 0.9318, Val F1: 0.6174, LR: 0.000089
Epoch 37, Train Loss: 0.0376, Train F1: 0.9353, Val F1: 0.6332, LR: 0.000088
Epoch 38, Train Loss: 0.0368, Train F1: 0.9383, Val F1: 0.6407, LR: 0.000088
Epoch 39, Train Loss: 0.0350, Train F1: 0.9416, Val F1: 0.6218, LR: 0.000087
Epoch 40, Train Loss: 0.0320, Train F1: 0.9455, Val F1: 0.6154, LR: 0.000086
Epoch 41, Train Loss: 0.0297, Train F1: 0.9506, Val F1: 0.6115, LR: 0.000086
Epoch 42, Train Loss: 0.0290, Train F1: 0.9520, Val F1: 0.6355, LR: 0.000085
Epoch 43, Train Loss: 0.0293, Train F1: 0.9517, Val F1: 0.6086, LR: 0.000084
Epoch 44, Train Loss: 0.0261, Train F1: 0.9581, Val F1: 0.6261, LR: 0.000083
Epoch 45, Train Loss: 0.0243, Train F1: 0.9620, Val F1: 0.6051, LR: 0.000082
Epoch 46, Train Loss: 0.0230, Train F1: 0.9637, Val F1: 0.6282, LR: 0.000082
Epoch 47, Train Loss: 0.0222, Train F1: 0.9637, Val F1: 0.6242, LR: 0.000081
Epoch 48, Train Loss: 0.0210, Train F1: 0.9662, Val F1: 0.6239, LR: 0.000080
Epoch 49, Train Loss: 0.0204, Train F1: 0.9683, Val F1: 0.6228, LR: 0.000079
Epoch 50, Train Loss: 0.0188, Train F1: 0.9704, Val F1: 0.6078, LR: 0.000078
Epoch 51, Train Loss: 0.0184, Train F1: 0.9716, Val F1: 0.6169, LR: 0.000077
Epoch 52, Train Loss: 0.0165, Train F1: 0.9733, Val F1: 0.6205, LR: 0.000076
Epoch 53, Train Loss: 0.0164, Train F1: 0.9747, Val F1: 0.6086, LR: 0.000075
Epoch 54, Train Loss: 0.0150, Train F1: 0.9781, Val F1: 0.6171, LR: 0.000074
Epoch 55, Train Loss: 0.0154, Train F1: 0.9783, Val F1: 0.6173, LR: 0.000073
Epoch 56, Train Loss: 0.0132, Train F1: 0.9805, Val F1: 0.6211, LR: 0.000072
Epoch 57, Train Loss: 0.0124, Train F1: 0.9823, Val F1: 0.6190, LR: 0.000071
Epoch 58, Train Loss: 0.0132, Train F1: 0.9803, Val F1: 0.6044, LR: 0.000071
Epoch 59, Train Loss: 0.0125, Train F1: 0.9827, Val F1: 0.6235, LR: 0.000070
Epoch 60, Train Loss: 0.0113, Train F1: 0.9839, Val F1: 0.6323, LR: 0.000069
⏹️ Early Stopping Triggered
Fold 0 Test F1: 0.6637, Accuracy: 0.3615, cost 1.1825349123812465e-05 sec

✅ F1 scores from each Fold:
Fold 0: Macro F1 = 0.6637, Accuracy: 0.3615, cost time = 0.000012 sec
  - Correct: F1 = 0.5103
  - Far from the shins: F1 = 0.7176
  - Hips rise first: F1 = 0.7036
  - Collide with the knees: F1 = 0.5750
  - Lower back rounding: F1 = 0.6584

📊 Average F1 Score: 0.6637 ± 0.0000
  Average F1 Score per Class:
  - Correct: 0.5103 ± 0.0000
  - Far from the shins: 0.7176 ± 0.0000
  - Hips rise first: 0.7036 ± 0.0000
  - Collide with the knees: 0.5750 ± 0.0000
  - Lower back rounding: 0.6584 ± 0.0000
🏆 Best F1: 0.6637 from Fold 0
📁 Best model saved at: ./models/deadlift/TST_Deadlift_3D/dtwwarp_jittering/PatchTST_model_fold0.pth

✅ 寫入完成：./models/deadlift/TST_Deadlift_3D/dtwwarp_jittering/results_summary.txt
Starting dtwwarp+spawner

  0%|          | 0/4789 [00:00<?, ?it/s]
  2%|▏         | 83/4789 [00:00<00:05, 827.02it/s]
  3%|▎         | 166/4789 [00:00<00:05, 818.47it/s]
  5%|▌         | 251/4789 [00:00<00:05, 832.32it/s]
  7%|▋         | 335/4789 [00:00<00:05, 825.05it/s]
  9%|▉         | 420/4789 [00:00<00:05, 831.41it/s]
 11%|█         | 504/4789 [00:00<00:05, 824.78it/s]
 12%|█▏        | 588/4789 [00:00<00:05, 829.25it/s]
 14%|█▍        | 671/4789 [00:00<00:04, 823.75it/s]
 16%|█▌        | 755/4789 [00:00<00:04, 826.18it/s]
 17%|█▋        | 838/4789 [00:01<00:04, 826.71it/s]
 19%|█▉        | 921/4789 [00:01<00:04, 825.75it/s]
 21%|██        | 1005/4789 [00:01<00:04, 827.99it/s]
 23%|██▎       | 1088/4789 [00:01<00:04, 826.99it/s]
 24%|██▍       | 1173/4789 [00:01<00:04, 831.40it/s]
 26%|██▌       | 1257/4789 [00:01<00:04, 826.22it/s]
 28%|██▊       | 1342/4789 [00:01<00:04, 830.50it/s]
 30%|██▉       | 1426/4789 [00:01<00:04, 822.52it/s]
 32%|███▏      | 1509/4789 [00:01<00:04, 816.05it/s]
 33%|███▎      | 1591/4789 [00:01<00:03, 811.94it/s]
 35%|███▍      | 1673/4789 [00:02<00:03, 808.80it/s]
 37%|███▋      | 1754/4789 [00:02<00:03, 806.96it/s]
 38%|███▊      | 1835/4789 [00:02<00:03, 805.54it/s]
 40%|████      | 1916/4789 [00:02<00:03, 804.29it/s]
 42%|████▏     | 1997/4789 [00:02<00:03, 804.18it/s]
 43%|████▎     | 2078/4789 [00:02<00:03, 803.36it/s]
 45%|████▌     | 2159/4789 [00:02<00:03, 802.90it/s]
 47%|████▋     | 2240/4789 [00:02<00:03, 802.94it/s]
 48%|████▊     | 2321/4789 [00:02<00:03, 802.96it/s]
 50%|█████     | 2402/4789 [00:02<00:02, 802.79it/s]
 52%|█████▏    | 2483/4789 [00:03<00:02, 802.52it/s]
 54%|█████▎    | 2564/4789 [00:03<00:02, 802.61it/s]
 55%|█████▌    | 2645/4789 [00:03<00:02, 803.58it/s]
 57%|█████▋    | 2726/4789 [00:03<00:02, 803.88it/s]
 59%|█████▊    | 2807/4789 [00:03<00:02, 803.27it/s]
 60%|██████    | 2888/4789 [00:03<00:02, 802.93it/s]
 62%|██████▏   | 2969/4789 [00:03<00:02, 802.43it/s]
 64%|██████▎   | 3050/4789 [00:03<00:02, 802.84it/s]
 65%|██████▌   | 3131/4789 [00:03<00:02, 802.87it/s]
 67%|██████▋   | 3212/4789 [00:03<00:01, 803.08it/s]
 69%|██████▉   | 3293/4789 [00:04<00:01, 803.07it/s]
 70%|███████   | 3374/4789 [00:04<00:01, 803.22it/s]
 72%|███████▏  | 3455/4789 [00:04<00:01, 802.65it/s]
 74%|███████▍  | 3536/4789 [00:04<00:01, 803.61it/s]
 76%|███████▌  | 3620/4789 [00:04<00:01, 811.93it/s]
 77%|███████▋  | 3704/4789 [00:04<00:01, 817.42it/s]
 79%|███████▉  | 3787/4789 [00:04<00:01, 819.76it/s]
 81%|████████  | 3872/4789 [00:04<00:01, 825.72it/s]
 83%|████████▎ | 3955/4789 [00:04<00:01, 823.81it/s]
 84%|████████▍ | 4040/4789 [00:04<00:00, 830.16it/s]
 86%|████████▌ | 4124/4789 [00:05<00:00, 823.19it/s]
 88%|████████▊ | 4209/4789 [00:05<00:00, 829.52it/s]
 90%|████████▉ | 4292/4789 [00:05<00:00, 825.95it/s]
 91%|█████████▏| 4375/4789 [00:05<00:00, 826.77it/s]
 93%|█████████▎| 4458/4789 [00:05<00:00, 827.49it/s]
 95%|█████████▍| 4541/4789 [00:05<00:00, 826.38it/s]
 97%|█████████▋| 4625/4789 [00:05<00:00, 828.04it/s]
 98%|█████████▊| 4708/4789 [00:05<00:00, 826.79it/s]
100%|██████████| 4789/4789 [00:05<00:00, 816.32it/s]

  0%|          | 0/4789 [00:00<?, ?it/s]
  2%|▏         | 81/4789 [00:00<00:05, 804.55it/s]
  3%|▎         | 164/4789 [00:00<00:05, 819.23it/s]
  5%|▌         | 246/4789 [00:00<00:05, 811.36it/s]
  7%|▋         | 330/4789 [00:00<00:05, 821.27it/s]
  9%|▊         | 413/4789 [00:00<00:05, 816.60it/s]
 10%|█         | 496/4789 [00:00<00:05, 821.07it/s]
 12%|█▏        | 579/4789 [00:00<00:05, 820.92it/s]
 14%|█▍        | 662/4789 [00:00<00:05, 822.67it/s]
 16%|█▌        | 745/4789 [00:00<00:04, 820.94it/s]
 17%|█▋        | 828/4789 [00:01<00:04, 820.69it/s]
 19%|█▉        | 911/4789 [00:01<00:04, 823.33it/s]
 21%|██        | 994/4789 [00:01<00:04, 818.79it/s]
 23%|██▎       | 1078/4789 [00:01<00:04, 824.04it/s]
 24%|██▍       | 1161/4789 [00:01<00:04, 820.67it/s]
 26%|██▌       | 1245/4789 [00:01<00:04, 824.94it/s]
 28%|██▊       | 1328/4789 [00:01<00:04, 818.69it/s]
 29%|██▉       | 1412/4789 [00:01<00:04, 824.69it/s]
 31%|███       | 1495/4789 [00:01<00:04, 819.31it/s]
 33%|███▎      | 1578/4789 [00:01<00:03, 822.07it/s]
 35%|███▍      | 1661/4789 [00:02<00:03, 820.15it/s]
 36%|███▋      | 1744/4789 [00:02<00:03, 820.77it/s]
 38%|███▊      | 1827/4789 [00:02<00:03, 823.35it/s]
 40%|███▉      | 1910/4789 [00:02<00:03, 820.21it/s]
 42%|████▏     | 1994/4789 [00:02<00:03, 825.05it/s]
 43%|████▎     | 2077/4789 [00:02<00:03, 819.82it/s]
 45%|████▌     | 2162/4789 [00:02<00:03, 826.64it/s]
 47%|████▋     | 2245/4789 [00:02<00:03, 819.70it/s]
 49%|████▊     | 2329/4789 [00:02<00:02, 825.10it/s]
 50%|█████     | 2412/4789 [00:02<00:02, 820.22it/s]
 52%|█████▏    | 2496/4789 [00:03<00:02, 825.54it/s]
 54%|█████▍    | 2579/4789 [00:03<00:02, 823.97it/s]
 56%|█████▌    | 2662/4789 [00:03<00:02, 822.85it/s]
 57%|█████▋    | 2746/4789 [00:03<00:02, 825.61it/s]
 59%|█████▉    | 2829/4789 [00:03<00:02, 821.44it/s]
 61%|██████    | 2913/4789 [00:03<00:02, 824.65it/s]
 63%|██████▎   | 2996/4789 [00:03<00:02, 820.02it/s]
 64%|██████▍   | 3080/4789 [00:03<00:02, 824.32it/s]
 66%|██████▌   | 3163/4789 [00:03<00:01, 818.23it/s]
 68%|██████▊   | 3248/4789 [00:03<00:01, 825.63it/s]
 70%|██████▉   | 3331/4789 [00:04<00:01, 820.28it/s]
 71%|███████▏  | 3415/4789 [00:04<00:01, 823.79it/s]
 73%|███████▎  | 3498/4789 [00:04<00:01, 820.69it/s]
 75%|███████▍  | 3581/4789 [00:04<00:01, 818.49it/s]
 77%|███████▋  | 3664/4789 [00:04<00:01, 819.25it/s]
 78%|███████▊  | 3746/4789 [00:04<00:01, 818.40it/s]
 80%|███████▉  | 3830/4789 [00:04<00:01, 822.29it/s]
 82%|████████▏ | 3913/4789 [00:04<00:01, 819.36it/s]
 83%|████████▎ | 3998/4789 [00:04<00:00, 826.07it/s]
 85%|████████▌ | 4081/4789 [00:04<00:00, 819.26it/s]
 87%|████████▋ | 4165/4789 [00:05<00:00, 824.97it/s]
 89%|████████▊ | 4248/4789 [00:05<00:00, 820.45it/s]
 90%|█████████ | 4332/4789 [00:05<00:00, 826.15it/s]
 92%|█████████▏| 4415/4789 [00:05<00:00, 819.38it/s]
 94%|█████████▍| 4499/4789 [00:05<00:00, 822.88it/s]
 96%|█████████▌| 4582/4789 [00:05<00:00, 819.39it/s]
 97%|█████████▋| 4665/4789 [00:05<00:00, 820.08it/s]
 99%|█████████▉| 4748/4789 [00:05<00:00, 820.91it/s]
100%|██████████| 4789/4789 [00:05<00:00, 821.34it/s]

Epoch 1/150:   0%|          | 0/449 [00:00<?, ?it/s]
Epoch 1/150:   0%|          | 1/449 [00:00<03:35,  2.08it/s]
Epoch 1/150:   5%|▍         | 22/449 [00:00<00:08, 49.17it/s]
Epoch 1/150:  11%|█         | 49/449 [00:00<00:03, 102.92it/s]
Epoch 1/150:  15%|█▌        | 69/449 [00:00<00:02, 128.00it/s]
Epoch 1/150:  20%|██        | 91/449 [00:00<00:02, 151.64it/s]
Epoch 1/150:  26%|██▌       | 115/449 [00:00<00:01, 172.02it/s]
Epoch 1/150:  30%|███       | 136/449 [00:01<00:01, 178.14it/s]
Epoch 1/150:  36%|███▌      | 162/449 [00:01<00:01, 197.68it/s]
Epoch 1/150:  41%|████      | 184/449 [00:01<00:01, 195.01it/s]
Epoch 1/150:  47%|████▋     | 211/449 [00:01<00:01, 215.63it/s]
Epoch 1/150:  52%|█████▏    | 234/449 [00:01<00:01, 204.39it/s]
Epoch 1/150:  58%|█████▊    | 262/449 [00:01<00:00, 224.64it/s]
Epoch 1/150:  64%|██████▎   | 286/449 [00:01<00:00, 209.87it/s]
Epoch 1/150:  69%|██████▉   | 312/449 [00:01<00:00, 222.74it/s]
Epoch 1/150:  75%|███████▍  | 335/449 [00:02<00:00, 214.10it/s]
Epoch 1/150:  80%|████████  | 361/449 [00:02<00:00, 224.93it/s]
Epoch 1/150:  86%|████████▌ | 384/449 [00:02<00:00, 209.45it/s]
Epoch 1/150:  91%|█████████▏| 410/449 [00:02<00:00, 222.94it/s]
Epoch 1/150:  96%|█████████▋| 433/449 [00:02<00:00, 212.22it/s]
Epoch 1/150: 100%|██████████| 449/449 [00:02<00:00, 174.13it/s]

Epoch 2/150:   0%|          | 0/449 [00:00<?, ?it/s]
Epoch 2/150:   0%|          | 1/449 [00:00<00:53,  8.33it/s]
Epoch 2/150:   7%|▋         | 30/449 [00:00<00:02, 159.55it/s]
Epoch 2/150:  11%|█         | 49/449 [00:00<00:02, 170.03it/s]
Epoch 2/150:  16%|█▋        | 74/449 [00:00<00:01, 199.99it/s]
Epoch 2/150:  21%|██        | 95/449 [00:00<00:01, 197.76it/s]
Epoch 2/150:  26%|██▌       | 117/449 [00:00<00:01, 204.99it/s]
Epoch 2/150:  32%|███▏      | 142/449 [00:00<00:01, 219.29it/s]
Epoch 2/150:  37%|███▋      | 165/449 [00:00<00:01, 208.61it/s]
Epoch 2/150:  43%|████▎     | 193/449 [00:00<00:01, 227.48it/s]
Epoch 2/150:  48%|████▊     | 216/449 [00:01<00:01, 212.61it/s]
Epoch 2/150:  54%|█████▍    | 244/449 [00:01<00:00, 228.87it/s]
Epoch 2/150:  60%|█████▉    | 268/449 [00:01<00:00, 213.89it/s]
Epoch 2/150:  66%|██████▌   | 296/449 [00:01<00:00, 230.35it/s]
Epoch 2/150:  71%|███████▏  | 320/449 [00:01<00:00, 215.53it/s]
Epoch 2/150:  78%|███████▊  | 348/449 [00:01<00:00, 230.79it/s]
Epoch 2/150:  83%|████████▎ | 372/449 [00:01<00:00, 213.75it/s]
Epoch 2/150:  89%|████████▊ | 398/449 [00:01<00:00, 225.47it/s]
Epoch 2/150:  95%|█████████▍| 425/449 [00:01<00:00, 237.56it/s]
Epoch 2/150: 100%|██████████| 449/449 [00:02<00:00, 212.02it/s]

Epoch 3/150:   0%|          | 0/449 [00:00<?, ?it/s]
Epoch 3/150:   0%|          | 1/449 [00:00<00:52,  8.48it/s]
Epoch 3/150:   5%|▌         | 23/449 [00:00<00:03, 122.16it/s]
Epoch 3/150:  10%|█         | 47/449 [00:00<00:02, 172.24it/s]
Epoch 3/150:  16%|█▌        | 72/449 [00:00<00:01, 195.07it/s]
Epoch 3/150:  20%|██        | 92/449 [00:00<00:01, 195.41it/s]
Epoch 3/150:  26%|██▋       | 118/449 [00:00<00:01, 214.92it/s]
Epoch 3/150:  31%|███       | 140/449 [00:00<00:01, 205.59it/s]
Epoch 3/150:  37%|███▋      | 168/449 [00:00<00:01, 225.21it/s]
Epoch 3/150:  43%|████▎     | 191/449 [00:00<00:01, 208.40it/s]
Epoch 3/150:  49%|████▊     | 218/449 [00:01<00:01, 224.85it/s]
Epoch 3/150:  54%|█████▎    | 241/449 [00:01<00:00, 209.78it/s]
Epoch 3/150:  60%|█████▉    | 269/449 [00:01<00:00, 227.69it/s]
Epoch 3/150:  65%|██████▌   | 293/449 [00:01<00:00, 218.55it/s]
Epoch 3/150:  71%|███████   | 318/449 [00:01<00:00, 225.97it/s]
Epoch 3/150:  76%|███████▌  | 341/449 [00:01<00:00, 215.32it/s]
Epoch 3/150:  82%|████████▏ | 367/449 [00:01<00:00, 225.59it/s]
Epoch 3/150:  87%|████████▋ | 390/449 [00:01<00:00, 215.22it/s]
Epoch 3/150:  92%|█████████▏| 415/449 [00:01<00:00, 223.47it/s]
Epoch 3/150:  98%|█████████▊| 438/449 [00:02<00:00, 215.30it/s]
Epoch 3/150: 100%|██████████| 449/449 [00:02<00:00, 203.10it/s]

Epoch 4/150:   0%|          | 0/449 [00:00<?, ?it/s]
Epoch 4/150:   0%|          | 1/449 [00:00<00:52,  8.54it/s]
Epoch 4/150:   6%|▌         | 25/449 [00:00<00:03, 134.03it/s]
Epoch 4/150:  10%|█         | 46/449 [00:00<00:02, 164.33it/s]
Epoch 4/150:  15%|█▌        | 68/449 [00:00<00:02, 184.76it/s]
Epoch 4/150:  21%|██        | 93/449 [00:00<00:01, 200.25it/s]
Epoch 4/150:  25%|██▌       | 114/449 [00:00<00:01, 202.33it/s]
Epoch 4/150:  31%|███       | 140/449 [00:00<00:01, 219.23it/s]
Epoch 4/150:  36%|███▋      | 163/449 [00:00<00:01, 207.11it/s]
Epoch 4/150:  43%|████▎     | 191/449 [00:00<00:01, 226.41it/s]
Epoch 4/150:  48%|████▊     | 214/449 [00:01<00:01, 210.40it/s]
Epoch 4/150:  54%|█████▍    | 242/449 [00:01<00:00, 227.10it/s]
Epoch 4/150:  59%|█████▉    | 266/449 [00:01<00:00, 211.69it/s]
Epoch 4/150:  65%|██████▌   | 293/449 [00:01<00:00, 225.90it/s]
Epoch 4/150:  71%|███████   | 317/449 [00:01<00:00, 212.83it/s]
Epoch 4/150:  77%|███████▋  | 344/449 [00:01<00:00, 227.50it/s]
Epoch 4/150:  82%|████████▏ | 368/449 [00:01<00:00, 218.31it/s]
Epoch 4/150:  88%|████████▊ | 393/449 [00:01<00:00, 226.90it/s]
Epoch 4/150:  93%|█████████▎| 417/449 [00:02<00:00, 213.84it/s]
Epoch 4/150:  99%|█████████▊| 443/449 [00:02<00:00, 225.98it/s]
Epoch 4/150: 100%|██████████| 449/449 [00:02<00:00, 204.56it/s]

Epoch 5/150:   0%|          | 0/449 [00:00<?, ?it/s]
Epoch 5/150:   0%|          | 1/449 [00:00<00:52,  8.60it/s]
Epoch 5/150:   5%|▍         | 22/449 [00:00<00:03, 118.76it/s]
Epoch 5/150:  10%|█         | 47/449 [00:00<00:02, 173.96it/s]
Epoch 5/150:  16%|█▌        | 71/449 [00:00<00:01, 198.98it/s]
Epoch 5/150:  20%|██        | 92/449 [00:00<00:01, 195.80it/s]
Epoch 5/150:  27%|██▋       | 119/449 [00:00<00:01, 219.34it/s]
Epoch 5/150:  32%|███▏      | 142/449 [00:00<00:01, 203.43it/s]
Epoch 5/150:  38%|███▊      | 169/449 [00:00<00:01, 220.48it/s]
Epoch 5/150:  43%|████▎     | 192/449 [00:00<00:01, 207.66it/s]
Epoch 5/150:  49%|████▉     | 219/449 [00:01<00:01, 223.66it/s]
Epoch 5/150:  54%|█████▍    | 242/449 [00:01<00:00, 211.70it/s]
Epoch 5/150:  60%|█████▉    | 268/449 [00:01<00:00, 223.91it/s]
Epoch 5/150:  65%|██████▍   | 291/449 [00:01<00:00, 216.39it/s]
Epoch 5/150:  70%|███████   | 316/449 [00:01<00:00, 225.32it/s]
Epoch 5/150:  76%|███████▌  | 339/449 [00:01<00:00, 224.66it/s]
Epoch 5/150:  81%|████████  | 362/449 [00:01<00:00, 222.34it/s]
Epoch 5/150:  86%|████████▋ | 388/449 [00:01<00:00, 231.01it/s]
Epoch 5/150:  92%|█████████▏| 412/449 [00:01<00:00, 219.56it/s]
Epoch 5/150:  98%|█████████▊| 440/449 [00:02<00:00, 234.72it/s]
Epoch 5/150: 100%|██████████| 449/449 [00:02<00:00, 206.51it/s]

Epoch 6/150:   0%|          | 0/449 [00:00<?, ?it/s]
Epoch 6/150:   0%|          | 1/449 [00:00<01:04,  6.99it/s]
Epoch 6/150:   5%|▌         | 24/449 [00:00<00:03, 118.28it/s]
Epoch 6/150:  11%|█         | 48/449 [00:00<00:02, 162.24it/s]
Epoch 6/150:  15%|█▌        | 68/449 [00:00<00:02, 175.07it/s]
Epoch 6/150:  21%|██        | 94/449 [00:00<00:01, 202.85it/s]
Epoch 6/150:  26%|██▌       | 115/449 [00:00<00:01, 193.07it/s]
Epoch 6/150:  32%|███▏      | 142/449 [00:00<00:01, 215.03it/s]
Epoch 6/150:  37%|███▋      | 164/449 [00:00<00:01, 205.02it/s]
Epoch 6/150:  42%|████▏     | 189/449 [00:00<00:01, 216.03it/s]
Epoch 6/150:  47%|████▋     | 211/449 [00:01<00:01, 204.33it/s]
Epoch 6/150:  53%|█████▎    | 236/449 [00:01<00:00, 216.72it/s]
Epoch 6/150:  57%|█████▋    | 258/449 [00:01<00:00, 210.11it/s]
Epoch 6/150:  63%|██████▎   | 281/449 [00:01<00:00, 215.26it/s]
Epoch 6/150:  67%|██████▋   | 303/449 [00:01<00:00, 212.66it/s]
Epoch 6/150:  72%|███████▏  | 325/449 [00:01<00:00, 211.97it/s]
Epoch 6/150:  78%|███████▊  | 350/449 [00:01<00:00, 222.09it/s]
Epoch 6/150:  83%|████████▎ | 373/449 [00:01<00:00, 211.05it/s]
Epoch 6/150:  89%|████████▉ | 400/449 [00:01<00:00, 224.83it/s]
Epoch 6/150:  94%|█████████▍| 423/449 [00:02<00:00, 209.67it/s]
Epoch 6/150: 100%|██████████| 449/449 [00:02<00:00, 222.22it/s]
Epoch 6/150: 100%|██████████| 449/449 [00:02<00:00, 199.59it/s]

Epoch 7/150:   0%|          | 0/449 [00:00<?, ?it/s]
Epoch 7/150:   0%|          | 1/449 [00:00<01:02,  7.22it/s]
Epoch 7/150:   6%|▌         | 25/449 [00:00<00:03, 124.73it/s]
Epoch 7/150:  11%|█         | 50/449 [00:00<00:02, 175.80it/s]
Epoch 7/150:  15%|█▌        | 69/449 [00:00<00:02, 176.67it/s]
Epoch 7/150:  22%|██▏       | 97/449 [00:00<00:01, 209.66it/s]
Epoch 7/150:  27%|██▋       | 119/449 [00:00<00:01, 192.87it/s]
Epoch 7/150:  33%|███▎      | 146/449 [00:00<00:01, 214.56it/s]
Epoch 7/150:  38%|███▊      | 169/449 [00:00<00:01, 205.73it/s]
Epoch 7/150:  43%|████▎     | 195/449 [00:01<00:01, 220.98it/s]
Epoch 7/150:  49%|████▊     | 218/449 [00:01<00:01, 211.11it/s]
Epoch 7/150:  54%|█████▍    | 243/449 [00:01<00:00, 220.93it/s]
Epoch 7/150:  59%|█████▉    | 266/449 [00:01<00:00, 214.36it/s]
Epoch 7/150:  65%|██████▍   | 290/449 [00:01<00:00, 220.31it/s]
Epoch 7/150:  70%|██████▉   | 313/449 [00:01<00:00, 217.24it/s]
Epoch 7/150:  75%|███████▍  | 335/449 [00:01<00:00, 215.69it/s]
Epoch 7/150:  80%|████████  | 360/449 [00:01<00:00, 223.11it/s]
Epoch 7/150:  85%|████████▌ | 383/449 [00:01<00:00, 212.17it/s]
Epoch 7/150:  91%|█████████ | 409/449 [00:01<00:00, 223.87it/s]
Epoch 7/150:  96%|█████████▌| 432/449 [00:02<00:00, 212.30it/s]
Epoch 7/150: 100%|██████████| 449/449 [00:02<00:00, 202.00it/s]

Epoch 8/150:   0%|          | 0/449 [00:00<?, ?it/s]
Epoch 8/150:   0%|          | 1/449 [00:00<00:51,  8.75it/s]
Epoch 8/150:   6%|▌         | 25/449 [00:00<00:03, 135.72it/s]
Epoch 8/150:  10%|▉         | 43/449 [00:00<00:02, 152.37it/s]
Epoch 8/150:  16%|█▌        | 70/449 [00:00<00:01, 196.94it/s]
Epoch 8/150:  20%|██        | 91/449 [00:00<00:01, 193.44it/s]
Epoch 8/150:  26%|██▌       | 115/449 [00:00<00:01, 207.96it/s]
Epoch 8/150:  31%|███       | 137/449 [00:00<00:01, 202.01it/s]
Epoch 8/150:  36%|███▌      | 161/449 [00:00<00:01, 212.17it/s]
Epoch 8/150:  41%|████      | 183/449 [00:00<00:01, 211.70it/s]
Epoch 8/150:  46%|████▌     | 205/449 [00:01<00:01, 210.50it/s]
Epoch 8/150:  52%|█████▏    | 232/449 [00:01<00:00, 223.61it/s]
Epoch 8/150:  57%|█████▋    | 255/449 [00:01<00:00, 215.01it/s]
Epoch 8/150:  63%|██████▎   | 282/449 [00:01<00:00, 230.30it/s]
Epoch 8/150:  68%|██████▊   | 306/449 [00:01<00:00, 215.01it/s]
Epoch 8/150:  74%|███████▍  | 334/449 [00:01<00:00, 231.07it/s]
Epoch 8/150:  80%|███████▉  | 358/449 [00:01<00:00, 215.73it/s]
Epoch 8/150:  86%|████████▌ | 385/449 [00:01<00:00, 230.32it/s]
Epoch 8/150:  91%|█████████ | 409/449 [00:01<00:00, 219.55it/s]
Epoch 8/150:  97%|█████████▋| 436/449 [00:02<00:00, 230.58it/s]
Epoch 8/150: 100%|██████████| 449/449 [00:02<00:00, 204.17it/s]

Epoch 9/150:   0%|          | 0/449 [00:00<?, ?it/s]
Epoch 9/150:   0%|          | 1/449 [00:00<00:53,  8.35it/s]
Epoch 9/150:   4%|▍         | 20/449 [00:00<00:04, 105.98it/s]
Epoch 9/150:  11%|█         | 49/449 [00:00<00:02, 185.85it/s]
Epoch 9/150:  15%|█▌        | 69/449 [00:00<00:01, 190.78it/s]
Epoch 9/150:  21%|██        | 95/449 [00:00<00:01, 213.44it/s]
Epoch 9/150:  26%|██▌       | 117/449 [00:00<00:01, 205.54it/s]
Epoch 9/150:  31%|███       | 140/449 [00:00<00:01, 212.77it/s]
Epoch 9/150:  36%|███▌      | 162/449 [00:00<00:01, 212.74it/s]
Epoch 9/150:  41%|████      | 184/449 [00:00<00:01, 210.70it/s]
Epoch 9/150:  46%|████▋     | 208/449 [00:01<00:01, 217.08it/s]
Epoch 9/150:  51%|█████     | 230/449 [00:01<00:01, 207.24it/s]
Epoch 9/150:  57%|█████▋    | 256/449 [00:01<00:00, 222.18it/s]
Epoch 9/150:  62%|██████▏   | 279/449 [00:01<00:00, 207.73it/s]
Epoch 9/150:  68%|██████▊   | 305/449 [00:01<00:00, 220.31it/s]
Epoch 9/150:  73%|███████▎  | 328/449 [00:01<00:00, 205.47it/s]
Epoch 9/150:  79%|███████▉  | 354/449 [00:01<00:00, 218.99it/s]
Epoch 9/150:  84%|████████▍ | 377/449 [00:01<00:00, 206.79it/s]
Epoch 9/150:  90%|████████▉ | 404/449 [00:01<00:00, 221.61it/s]
Epoch 9/150:  95%|█████████▌| 427/449 [00:02<00:00, 206.66it/s]
Epoch 9/150: 100%|██████████| 449/449 [00:02<00:00, 201.28it/s]

Epoch 10/150:   0%|          | 0/449 [00:00<?, ?it/s]
Epoch 10/150:   0%|          | 1/449 [00:00<00:52,  8.56it/s]
Epoch 10/150:   5%|▍         | 21/449 [00:00<00:03, 113.41it/s]
Epoch 10/150:  10%|█         | 46/449 [00:00<00:02, 172.84it/s]
Epoch 10/150:  15%|█▌        | 68/449 [00:00<00:02, 186.64it/s]
Epoch 10/150:  20%|█▉        | 88/449 [00:00<00:01, 189.88it/s]
Epoch 10/150:  25%|██▌       | 113/449 [00:00<00:01, 207.67it/s]
Epoch 10/150:  30%|██▉       | 134/449 [00:00<00:01, 198.20it/s]
Epoch 10/150:  36%|███▌      | 161/449 [00:00<00:01, 218.58it/s]
Epoch 10/150:  41%|████      | 184/449 [00:00<00:01, 205.37it/s]
Epoch 10/150:  47%|████▋     | 211/449 [00:01<00:01, 222.08it/s]
Epoch 10/150:  52%|█████▏    | 234/449 [00:01<00:01, 208.86it/s]
Epoch 10/150:  58%|█████▊    | 262/449 [00:01<00:00, 227.15it/s]
Epoch 10/150:  64%|██████▎   | 286/449 [00:01<00:00, 210.83it/s]
Epoch 10/150:  70%|██████▉   | 314/449 [00:01<00:00, 228.49it/s]
Epoch 10/150:  75%|███████▌  | 338/449 [00:01<00:00, 216.52it/s]
Epoch 10/150:  81%|████████  | 364/449 [00:01<00:00, 225.91it/s]
Epoch 10/150:  86%|████████▌ | 387/449 [00:01<00:00, 215.94it/s]
Epoch 10/150:  92%|█████████▏| 412/449 [00:01<00:00, 223.53it/s]
Epoch 10/150:  97%|█████████▋| 435/449 [00:02<00:00, 212.01it/s]
Epoch 10/150: 100%|██████████| 449/449 [00:02<00:00, 201.61it/s]

Epoch 11/150:   0%|          | 0/449 [00:00<?, ?it/s]
Epoch 11/150:   0%|          | 1/449 [00:00<00:52,  8.58it/s]
Epoch 11/150:   6%|▋         | 29/449 [00:00<00:02, 155.81it/s]
Epoch 11/150:  11%|█         | 48/449 [00:00<00:02, 168.94it/s]
Epoch 11/150:  16%|█▌        | 71/449 [00:00<00:01, 191.48it/s]
Epoch 11/150:  21%|██        | 95/449 [00:00<00:01, 206.01it/s]
Epoch 11/150:  26%|██▌       | 116/449 [00:00<00:01, 202.16it/s]
Epoch 11/150:  32%|███▏      | 143/449 [00:00<00:01, 223.41it/s]
Epoch 11/150:  37%|███▋      | 166/449 [00:00<00:01, 209.46it/s]
Epoch 11/150:  43%|████▎     | 194/449 [00:00<00:01, 227.47it/s]
Epoch 11/150:  49%|████▊     | 218/449 [00:01<00:01, 211.88it/s]
Epoch 11/150:  55%|█████▍    | 246/449 [00:01<00:00, 228.29it/s]
Epoch 11/150:  60%|██████    | 270/449 [00:01<00:00, 213.60it/s]
Epoch 11/150:  66%|██████▋   | 298/449 [00:01<00:00, 229.73it/s]
Epoch 11/150:  72%|███████▏  | 322/449 [00:01<00:00, 212.51it/s]
Epoch 11/150:  78%|███████▊  | 349/449 [00:01<00:00, 226.00it/s]
Epoch 11/150:  83%|████████▎ | 373/449 [00:01<00:00, 208.58it/s]
Epoch 11/150:  88%|████████▊ | 395/449 [00:01<00:00, 209.85it/s]
Epoch 11/150:  93%|█████████▎| 417/449 [00:02<00:00, 201.11it/s]
Epoch 11/150:  99%|█████████▉| 444/449 [00:02<00:00, 218.48it/s]
Epoch 11/150: 100%|██████████| 449/449 [00:02<00:00, 202.30it/s]

Epoch 12/150:   0%|          | 0/449 [00:00<?, ?it/s]
Epoch 12/150:   0%|          | 1/449 [00:00<00:54,  8.21it/s]
Epoch 12/150:   5%|▍         | 22/449 [00:00<00:03, 114.77it/s]
Epoch 12/150:  11%|█▏        | 51/449 [00:00<00:02, 189.93it/s]
Epoch 12/150:  16%|█▌        | 71/449 [00:00<00:02, 185.42it/s]
Epoch 12/150:  22%|██▏       | 98/449 [00:00<00:01, 212.04it/s]
Epoch 12/150:  27%|██▋       | 120/449 [00:00<00:01, 206.57it/s]
Epoch 12/150:  32%|███▏      | 144/449 [00:00<00:01, 216.44it/s]
Epoch 12/150:  37%|███▋      | 166/449 [00:00<00:01, 215.50it/s]
Epoch 12/150:  42%|████▏     | 188/449 [00:00<00:01, 214.21it/s]
Epoch 12/150:  48%|████▊     | 215/449 [00:01<00:01, 225.74it/s]
Epoch 12/150:  53%|█████▎    | 238/449 [00:01<00:00, 215.14it/s]
Epoch 12/150:  59%|█████▉    | 265/449 [00:01<00:00, 229.20it/s]
Epoch 12/150:  64%|██████▍   | 289/449 [00:01<00:00, 215.30it/s]
Epoch 12/150:  70%|███████   | 315/449 [00:01<00:00, 227.06it/s]
Epoch 12/150:  75%|███████▌  | 338/449 [00:01<00:00, 214.31it/s]
Epoch 12/150:  82%|████████▏ | 366/449 [00:01<00:00, 230.03it/s]
Epoch 12/150:  87%|████████▋ | 390/449 [00:01<00:00, 218.46it/s]
Epoch 12/150:  93%|█████████▎| 417/449 [00:01<00:00, 232.52it/s]
Epoch 12/150:  98%|█████████▊| 441/449 [00:02<00:00, 221.29it/s]
Epoch 12/150: 100%|██████████| 449/449 [00:02<00:00, 205.84it/s]

Epoch 13/150:   0%|          | 0/449 [00:00<?, ?it/s]
Epoch 13/150:   0%|          | 1/449 [00:00<00:54,  8.17it/s]
Epoch 13/150:   6%|▌         | 26/449 [00:00<00:03, 136.10it/s]
Epoch 13/150:  10%|█         | 45/449 [00:00<00:02, 159.14it/s]
Epoch 13/150:  15%|█▌        | 68/449 [00:00<00:02, 184.42it/s]
Epoch 13/150:  20%|██        | 92/449 [00:00<00:01, 199.33it/s]
Epoch 13/150:  25%|██▌       | 113/449 [00:00<00:01, 200.00it/s]
Epoch 13/150:  31%|███       | 140/449 [00:00<00:01, 215.86it/s]
Epoch 13/150:  36%|███▌      | 162/449 [00:00<00:01, 207.94it/s]
Epoch 13/150:  42%|████▏     | 189/449 [00:00<00:01, 225.12it/s]
Epoch 13/150:  47%|████▋     | 212/449 [00:01<00:01, 209.72it/s]
Epoch 13/150:  53%|█████▎    | 239/449 [00:01<00:00, 224.39it/s]
Epoch 13/150:  58%|█████▊    | 262/449 [00:01<00:00, 214.89it/s]
Epoch 13/150:  64%|██████▍   | 288/449 [00:01<00:00, 226.34it/s]
Epoch 13/150:  69%|██████▉   | 311/449 [00:01<00:00, 213.80it/s]
Epoch 13/150:  75%|███████▍  | 336/449 [00:01<00:00, 223.34it/s]
Epoch 13/150:  80%|███████▉  | 359/449 [00:01<00:00, 212.33it/s]
Epoch 13/150:  86%|████████▌ | 384/449 [00:01<00:00, 221.76it/s]
Epoch 13/150:  91%|█████████ | 407/449 [00:01<00:00, 209.92it/s]
Epoch 13/150:  96%|█████████▋| 433/449 [00:02<00:00, 222.06it/s]
Epoch 13/150: 100%|██████████| 449/449 [00:02<00:00, 203.09it/s]

Epoch 14/150:   0%|          | 0/449 [00:00<?, ?it/s]
Epoch 14/150:   0%|          | 1/449 [00:00<00:51,  8.64it/s]
Epoch 14/150:   5%|▍         | 21/449 [00:00<00:03, 112.44it/s]
Epoch 14/150:  10%|█         | 47/449 [00:00<00:02, 175.91it/s]
Epoch 14/150:  15%|█▌        | 68/449 [00:00<00:02, 186.66it/s]
Epoch 14/150:  20%|██        | 91/449 [00:00<00:01, 199.52it/s]
Epoch 14/150:  26%|██▌       | 116/449 [00:00<00:01, 209.84it/s]
Epoch 14/150:  31%|███       | 138/449 [00:00<00:01, 207.51it/s]
Epoch 14/150:  37%|███▋      | 164/449 [00:00<00:01, 221.67it/s]
Epoch 14/150:  42%|████▏     | 187/449 [00:00<00:01, 211.78it/s]
Epoch 14/150:  48%|████▊     | 215/449 [00:01<00:01, 229.42it/s]
Epoch 14/150:  53%|█████▎    | 239/449 [00:01<00:00, 211.67it/s]
Epoch 14/150:  59%|█████▉    | 266/449 [00:01<00:00, 226.17it/s]
Epoch 14/150:  65%|██████▍   | 290/449 [00:01<00:00, 211.73it/s]
Epoch 14/150:  70%|███████   | 316/449 [00:01<00:00, 223.33it/s]
Epoch 14/150:  76%|███████▌  | 339/449 [00:01<00:00, 207.90it/s]
Epoch 14/150:  82%|████████▏ | 366/449 [00:01<00:00, 222.82it/s]
Epoch 14/150:  87%|████████▋ | 389/449 [00:01<00:00, 211.00it/s]
Epoch 14/150:  93%|█████████▎| 416/449 [00:01<00:00, 226.70it/s]
Epoch 14/150:  98%|█████████▊| 440/449 [00:02<00:00, 217.35it/s]
Epoch 14/150: 100%|██████████| 449/449 [00:02<00:00, 203.02it/s]

Epoch 15/150:   0%|          | 0/449 [00:00<?, ?it/s]
Epoch 15/150:   0%|          | 1/449 [00:00<00:52,  8.47it/s]
Epoch 15/150:   6%|▌         | 28/449 [00:00<00:02, 149.52it/s]
Epoch 15/150:  10%|█         | 47/449 [00:00<00:02, 164.61it/s]
Epoch 15/150:  16%|█▋        | 73/449 [00:00<00:01, 199.37it/s]
Epoch 15/150:  21%|██        | 94/449 [00:00<00:01, 194.96it/s]
Epoch 15/150:  26%|██▋       | 118/449 [00:00<00:01, 209.34it/s]
Epoch 15/150:  31%|███       | 140/449 [00:00<00:01, 207.13it/s]
Epoch 15/150:  36%|███▋      | 163/449 [00:00<00:01, 213.28it/s]
Epoch 15/150:  41%|████▏     | 186/449 [00:00<00:01, 214.04it/s]
Epoch 15/150:  46%|████▋     | 208/449 [00:01<00:01, 214.96it/s]
Epoch 15/150:  52%|█████▏    | 234/449 [00:01<00:00, 228.23it/s]
Epoch 15/150:  57%|█████▋    | 257/449 [00:01<00:00, 210.54it/s]
Epoch 15/150:  63%|██████▎   | 284/449 [00:01<00:00, 225.39it/s]
Epoch 15/150:  68%|██████▊   | 307/449 [00:01<00:00, 212.14it/s]
Epoch 15/150:  74%|███████▍  | 334/449 [00:01<00:00, 226.74it/s]
Epoch 15/150:  80%|███████▉  | 358/449 [00:01<00:00, 214.59it/s]
Epoch 15/150:  85%|████████▍ | 380/449 [00:01<00:00, 153.31it/s]
Epoch 15/150:  91%|█████████ | 408/449 [00:02<00:00, 179.14it/s]
Epoch 15/150:  96%|█████████▌| 429/449 [00:02<00:00, 177.42it/s]
Epoch 15/150: 100%|██████████| 449/449 [00:02<00:00, 191.91it/s]

Epoch 16/150:   0%|          | 0/449 [00:00<?, ?it/s]
Epoch 16/150:   0%|          | 1/449 [00:00<00:51,  8.68it/s]
Epoch 16/150:   6%|▌         | 26/449 [00:00<00:02, 141.59it/s]
Epoch 16/150:  10%|█         | 45/449 [00:00<00:02, 160.63it/s]
Epoch 16/150:  16%|█▋        | 73/449 [00:00<00:01, 203.01it/s]
Epoch 16/150:  21%|██        | 94/449 [00:00<00:01, 197.68it/s]
Epoch 16/150:  27%|██▋       | 120/449 [00:00<00:01, 214.82it/s]
Epoch 16/150:  32%|███▏      | 142/449 [00:00<00:01, 206.74it/s]
Epoch 16/150:  38%|███▊      | 169/449 [00:00<00:01, 224.86it/s]
Epoch 16/150:  43%|████▎     | 192/449 [00:00<00:01, 217.00it/s]
Epoch 16/150:  48%|████▊     | 215/449 [00:01<00:01, 219.98it/s]
Epoch 16/150:  53%|█████▎    | 238/449 [00:01<00:00, 218.25it/s]
Epoch 16/150:  58%|█████▊    | 260/449 [00:01<00:00, 216.93it/s]
Epoch 16/150:  63%|██████▎   | 284/449 [00:01<00:00, 223.51it/s]
Epoch 16/150:  68%|██████▊   | 307/449 [00:01<00:00, 210.34it/s]
Epoch 16/150:  74%|███████▎  | 331/449 [00:01<00:00, 217.99it/s]
Epoch 16/150:  79%|███████▊  | 353/449 [00:01<00:00, 206.57it/s]
Epoch 16/150:  84%|████████▍ | 379/449 [00:01<00:00, 216.75it/s]
Epoch 16/150:  89%|████████▉ | 401/449 [00:01<00:00, 207.15it/s]
Epoch 16/150:  95%|█████████▌| 428/449 [00:02<00:00, 224.32it/s]
Epoch 16/150: 100%|██████████| 449/449 [00:02<00:00, 202.97it/s]

Epoch 17/150:   0%|          | 0/449 [00:00<?, ?it/s]
Epoch 17/150:   0%|          | 1/449 [00:00<00:51,  8.67it/s]
Epoch 17/150:   5%|▌         | 24/449 [00:00<00:03, 130.86it/s]
Epoch 17/150:  11%|█         | 49/449 [00:00<00:02, 180.42it/s]
Epoch 17/150:  15%|█▌        | 68/449 [00:00<00:02, 179.55it/s]
Epoch 17/150:  21%|██▏       | 96/449 [00:00<00:01, 212.36it/s]
Epoch 17/150:  26%|██▋       | 118/449 [00:00<00:01, 200.20it/s]
Epoch 17/150:  32%|███▏      | 145/449 [00:00<00:01, 219.60it/s]
Epoch 17/150:  37%|███▋      | 168/449 [00:00<00:01, 208.47it/s]
Epoch 17/150:  43%|████▎     | 194/449 [00:00<00:01, 222.13it/s]
Epoch 17/150:  48%|████▊     | 217/449 [00:01<00:01, 212.88it/s]
Epoch 17/150:  54%|█████▍    | 242/449 [00:01<00:00, 222.43it/s]
Epoch 17/150:  59%|█████▉    | 265/449 [00:01<00:00, 215.84it/s]
Epoch 17/150:  64%|██████▍   | 287/449 [00:01<00:00, 216.29it/s]
Epoch 17/150:  69%|██████▉   | 312/449 [00:01<00:00, 219.00it/s]
Epoch 17/150:  74%|███████▍  | 334/449 [00:01<00:00, 215.28it/s]
Epoch 17/150:  80%|████████  | 360/449 [00:01<00:00, 224.73it/s]
Epoch 17/150:  85%|████████▌ | 383/449 [00:01<00:00, 212.61it/s]
Epoch 17/150:  91%|█████████▏| 410/449 [00:01<00:00, 227.13it/s]
Epoch 17/150:  96%|█████████▋| 433/449 [00:02<00:00, 211.63it/s]
Epoch 17/150: 100%|██████████| 449/449 [00:02<00:00, 204.44it/s]

Epoch 18/150:   0%|          | 0/449 [00:00<?, ?it/s]
Epoch 18/150:   0%|          | 1/449 [00:00<00:51,  8.62it/s]
Epoch 18/150:   6%|▌         | 27/449 [00:00<00:02, 142.81it/s]
Epoch 18/150:  10%|█         | 46/449 [00:00<00:02, 161.44it/s]
Epoch 18/150:  16%|█▋        | 74/449 [00:00<00:01, 203.91it/s]
Epoch 18/150:  21%|██        | 95/449 [00:00<00:01, 198.52it/s]
Epoch 18/150:  27%|██▋       | 120/449 [00:00<00:01, 214.50it/s]
Epoch 18/150:  32%|███▏      | 142/449 [00:00<00:01, 203.01it/s]
Epoch 18/150:  37%|███▋      | 168/449 [00:00<00:01, 218.38it/s]
Epoch 18/150:  43%|████▎     | 191/449 [00:00<00:01, 209.10it/s]
Epoch 18/150:  48%|████▊     | 216/449 [00:01<00:01, 218.80it/s]
Epoch 18/150:  53%|█████▎    | 239/449 [00:01<00:00, 214.56it/s]
Epoch 18/150:  58%|█████▊    | 262/449 [00:01<00:00, 218.18it/s]
Epoch 18/150:  64%|██████▍   | 287/449 [00:01<00:00, 219.43it/s]
Epoch 18/150:  69%|██████▉   | 310/449 [00:01<00:00, 214.23it/s]
Epoch 18/150:  74%|███████▍  | 334/449 [00:01<00:00, 219.63it/s]
Epoch 18/150:  80%|███████▉  | 357/449 [00:01<00:00, 209.70it/s]
Epoch 18/150:  85%|████████▌ | 383/449 [00:01<00:00, 219.39it/s]
Epoch 18/150:  90%|█████████ | 406/449 [00:01<00:00, 207.64it/s]
Epoch 18/150:  96%|█████████▌| 430/449 [00:02<00:00, 215.97it/s]
Epoch 18/150: 100%|██████████| 449/449 [00:02<00:00, 199.97it/s]

Epoch 19/150:   0%|          | 0/449 [00:00<?, ?it/s]
Epoch 19/150:   0%|          | 1/449 [00:00<00:52,  8.56it/s]
Epoch 19/150:   6%|▌         | 26/449 [00:00<00:02, 141.30it/s]
Epoch 19/150:  10%|█         | 47/449 [00:00<00:02, 168.97it/s]
Epoch 19/150:  15%|█▌        | 69/449 [00:00<00:02, 186.28it/s]
Epoch 19/150:  20%|██        | 90/449 [00:00<00:01, 193.11it/s]
Epoch 19/150:  24%|██▍       | 110/449 [00:00<00:01, 193.01it/s]
Epoch 19/150:  31%|███       | 138/449 [00:00<00:01, 219.94it/s]
Epoch 19/150:  36%|███▌      | 161/449 [00:00<00:01, 205.31it/s]
Epoch 19/150:  42%|████▏     | 188/449 [00:00<00:01, 224.02it/s]
Epoch 19/150:  47%|████▋     | 211/449 [00:01<00:01, 213.18it/s]
Epoch 19/150:  53%|█████▎    | 237/449 [00:01<00:00, 224.48it/s]
Epoch 19/150:  58%|█████▊    | 260/449 [00:01<00:00, 214.90it/s]
Epoch 19/150:  63%|██████▎   | 285/449 [00:01<00:00, 223.68it/s]
Epoch 19/150:  69%|██████▊   | 308/449 [00:01<00:00, 218.74it/s]
Epoch 19/150:  74%|███████▎  | 331/449 [00:01<00:00, 220.47it/s]
Epoch 19/150:  79%|███████▉  | 356/449 [00:01<00:00, 228.77it/s]
Epoch 19/150:  85%|████████▍ | 380/449 [00:01<00:00, 217.29it/s]
Epoch 19/150:  91%|█████████ | 407/449 [00:01<00:00, 230.29it/s]
Epoch 19/150:  96%|█████████▌| 431/449 [00:02<00:00, 215.26it/s]
Epoch 19/150: 100%|██████████| 449/449 [00:02<00:00, 205.75it/s]

Epoch 20/150:   0%|          | 0/449 [00:00<?, ?it/s]
Epoch 20/150:   0%|          | 1/449 [00:00<00:51,  8.71it/s]
Epoch 20/150:   6%|▌         | 25/449 [00:00<00:03, 131.31it/s]
Epoch 20/150:  11%|█         | 49/449 [00:00<00:02, 176.78it/s]
Epoch 20/150:  17%|█▋        | 75/449 [00:00<00:01, 203.90it/s]
Epoch 20/150:  21%|██▏       | 96/449 [00:00<00:01, 196.21it/s]
Epoch 20/150:  27%|██▋       | 123/449 [00:00<00:01, 219.69it/s]
Epoch 20/150:  33%|███▎      | 146/449 [00:00<00:01, 205.64it/s]
Epoch 20/150:  39%|███▉      | 174/449 [00:00<00:01, 224.57it/s]
Epoch 20/150:  44%|████▍     | 197/449 [00:01<00:01, 209.13it/s]
Epoch 20/150:  50%|████▉     | 224/449 [00:01<00:00, 225.15it/s]
Epoch 20/150:  55%|█████▌    | 247/449 [00:01<00:00, 209.76it/s]
Epoch 20/150:  61%|██████    | 274/449 [00:01<00:00, 224.03it/s]
Epoch 20/150:  66%|██████▌   | 297/449 [00:01<00:00, 212.12it/s]
Epoch 20/150:  72%|███████▏  | 324/449 [00:01<00:00, 225.88it/s]
Epoch 20/150:  77%|███████▋  | 347/449 [00:01<00:00, 209.85it/s]
Epoch 20/150:  83%|████████▎ | 374/449 [00:01<00:00, 224.10it/s]
Epoch 20/150:  88%|████████▊ | 397/449 [00:01<00:00, 209.23it/s]
Epoch 20/150:  94%|█████████▍| 424/449 [00:02<00:00, 223.24it/s]
Epoch 20/150: 100%|█████████▉| 447/449 [00:02<00:00, 208.02it/s]
Epoch 20/150: 100%|██████████| 449/449 [00:02<00:00, 202.40it/s]

Epoch 21/150:   0%|          | 0/449 [00:00<?, ?it/s]
Epoch 21/150:   0%|          | 1/449 [00:00<00:52,  8.57it/s]
Epoch 21/150:   6%|▌         | 25/449 [00:00<00:03, 134.22it/s]
Epoch 21/150:  10%|▉         | 44/449 [00:00<00:02, 155.69it/s]
Epoch 21/150:  15%|█▍        | 67/449 [00:00<00:02, 182.71it/s]
Epoch 21/150:  20%|█▉        | 89/449 [00:00<00:01, 192.51it/s]
Epoch 21/150:  24%|██▍       | 110/449 [00:00<00:01, 197.91it/s]
Epoch 21/150:  30%|███       | 136/449 [00:00<00:01, 215.72it/s]
Epoch 21/150:  35%|███▌      | 158/449 [00:00<00:01, 202.71it/s]
Epoch 21/150:  41%|████      | 185/449 [00:00<00:01, 219.80it/s]
Epoch 21/150:  46%|████▋     | 208/449 [00:01<00:01, 206.05it/s]
Epoch 21/150:  52%|█████▏    | 234/449 [00:01<00:00, 220.83it/s]
Epoch 21/150:  57%|█████▋    | 257/449 [00:01<00:00, 207.50it/s]
Epoch 21/150:  63%|██████▎   | 284/449 [00:01<00:00, 222.34it/s]
Epoch 21/150:  68%|██████▊   | 307/449 [00:01<00:00, 214.42it/s]
Epoch 21/150:  74%|███████▍  | 332/449 [00:01<00:00, 222.88it/s]
Epoch 21/150:  79%|███████▉  | 355/449 [00:01<00:00, 213.93it/s]
Epoch 21/150:  85%|████████▍ | 381/449 [00:01<00:00, 225.32it/s]
Epoch 21/150:  90%|████████▉ | 404/449 [00:01<00:00, 213.85it/s]
Epoch 21/150:  95%|█████████▌| 428/449 [00:02<00:00, 220.13it/s]
Epoch 21/150: 100%|██████████| 449/449 [00:02<00:00, 200.52it/s]

Epoch 22/150:   0%|          | 0/449 [00:00<?, ?it/s]
Epoch 22/150:   0%|          | 1/449 [00:00<00:57,  7.75it/s]
Epoch 22/150:   5%|▌         | 24/449 [00:00<00:03, 122.74it/s]
Epoch 22/150:  11%|█         | 50/449 [00:00<00:02, 176.89it/s]
Epoch 22/150:  15%|█▌        | 69/449 [00:00<00:02, 179.92it/s]
Epoch 22/150:  21%|██▏       | 96/449 [00:00<00:01, 208.43it/s]
Epoch 22/150:  26%|██▋       | 118/449 [00:00<00:01, 202.07it/s]
Epoch 22/150:  32%|███▏      | 145/449 [00:00<00:01, 221.07it/s]
Epoch 22/150:  37%|███▋      | 168/449 [00:00<00:01, 209.93it/s]
Epoch 22/150:  43%|████▎     | 194/449 [00:00<00:01, 223.03it/s]
Epoch 22/150:  48%|████▊     | 217/449 [00:01<00:01, 213.99it/s]
Epoch 22/150:  54%|█████▎    | 241/449 [00:01<00:00, 221.34it/s]
Epoch 22/150:  59%|█████▉    | 264/449 [00:01<00:00, 214.48it/s]
Epoch 22/150:  64%|██████▎   | 286/449 [00:01<00:00, 215.03it/s]
Epoch 22/150:  69%|██████▉   | 310/449 [00:01<00:00, 216.87it/s]
Epoch 22/150:  74%|███████▍  | 332/449 [00:01<00:00, 212.58it/s]
Epoch 22/150:  80%|███████▉  | 359/449 [00:01<00:00, 227.78it/s]
Epoch 22/150:  85%|████████▌ | 382/449 [00:01<00:00, 214.03it/s]
Epoch 22/150:  91%|█████████▏| 410/449 [00:01<00:00, 229.72it/s]
Epoch 22/150:  97%|█████████▋| 434/449 [00:02<00:00, 215.07it/s]
Epoch 22/150: 100%|██████████| 449/449 [00:02<00:00, 204.25it/s]

Epoch 23/150:   0%|          | 0/449 [00:00<?, ?it/s]
Epoch 23/150:   0%|          | 1/449 [00:00<00:57,  7.73it/s]
Epoch 23/150:   6%|▌         | 27/449 [00:00<00:03, 135.49it/s]
Epoch 23/150:  10%|█         | 46/449 [00:00<00:02, 157.07it/s]
Epoch 23/150:  16%|█▋        | 74/449 [00:00<00:01, 201.80it/s]
Epoch 23/150:  21%|██        | 95/449 [00:00<00:01, 196.93it/s]
Epoch 23/150:  27%|██▋       | 120/449 [00:00<00:01, 212.93it/s]
Epoch 23/150:  32%|███▏      | 142/449 [00:00<00:01, 205.93it/s]
Epoch 23/150:  37%|███▋      | 165/449 [00:00<00:01, 212.99it/s]
Epoch 23/150:  42%|████▏     | 187/449 [00:00<00:01, 206.63it/s]
Epoch 23/150:  47%|████▋     | 209/449 [00:01<00:01, 208.53it/s]
Epoch 23/150:  52%|█████▏    | 233/449 [00:01<00:01, 211.48it/s]
Epoch 23/150:  57%|█████▋    | 255/449 [00:01<00:00, 210.17it/s]
Epoch 23/150:  63%|██████▎   | 282/449 [00:01<00:00, 226.88it/s]
Epoch 23/150:  68%|██████▊   | 305/449 [00:01<00:00, 212.91it/s]
Epoch 23/150:  74%|███████▍  | 332/449 [00:01<00:00, 225.88it/s]
Epoch 23/150:  79%|███████▉  | 355/449 [00:01<00:00, 210.13it/s]
Epoch 23/150:  85%|████████▌ | 382/449 [00:01<00:00, 224.83it/s]
Epoch 23/150:  90%|█████████ | 405/449 [00:01<00:00, 211.06it/s]
Epoch 23/150:  96%|█████████▌| 431/449 [00:02<00:00, 224.20it/s]
Epoch 23/150: 100%|██████████| 449/449 [00:02<00:00, 200.30it/s]

Epoch 24/150:   0%|          | 0/449 [00:00<?, ?it/s]
Epoch 24/150:   0%|          | 1/449 [00:00<00:52,  8.59it/s]
Epoch 24/150:   6%|▌         | 25/449 [00:00<00:03, 133.76it/s]
Epoch 24/150:  12%|█▏        | 52/449 [00:00<00:02, 191.80it/s]
Epoch 24/150:  16%|█▌        | 72/449 [00:00<00:02, 185.23it/s]
Epoch 24/150:  22%|██▏       | 99/449 [00:00<00:01, 212.15it/s]
Epoch 24/150:  27%|██▋       | 121/449 [00:00<00:01, 203.65it/s]
Epoch 24/150:  33%|███▎      | 146/449 [00:00<00:01, 217.32it/s]
Epoch 24/150:  38%|███▊      | 169/449 [00:00<00:01, 209.33it/s]
Epoch 24/150:  43%|████▎     | 193/449 [00:00<00:01, 217.27it/s]
Epoch 24/150:  48%|████▊     | 215/449 [00:01<00:01, 210.15it/s]
Epoch 24/150:  53%|█████▎    | 238/449 [00:01<00:00, 215.74it/s]
Epoch 24/150:  58%|█████▊    | 262/449 [00:01<00:00, 216.83it/s]
Epoch 24/150:  63%|██████▎   | 284/449 [00:01<00:01, 150.86it/s]
Epoch 24/150:  69%|██████▉   | 310/449 [00:01<00:00, 173.87it/s]
Epoch 24/150:  75%|███████▌  | 338/449 [00:01<00:00, 198.52it/s]
Epoch 24/150:  80%|████████  | 361/449 [00:01<00:00, 197.61it/s]
Epoch 24/150:  87%|████████▋ | 390/449 [00:01<00:00, 220.48it/s]
Epoch 24/150:  92%|█████████▏| 414/449 [00:02<00:00, 207.69it/s]
Epoch 24/150:  98%|█████████▊| 440/449 [00:02<00:00, 220.61it/s]
Epoch 24/150: 100%|██████████| 449/449 [00:02<00:00, 193.88it/s]

Epoch 25/150:   0%|          | 0/449 [00:00<?, ?it/s]
Epoch 25/150:   0%|          | 1/449 [00:00<00:52,  8.46it/s]
Epoch 25/150:   5%|▍         | 21/449 [00:00<00:03, 110.25it/s]
Epoch 25/150:  11%|█         | 50/449 [00:00<00:02, 185.90it/s]
Epoch 25/150:  16%|█▌        | 70/449 [00:00<00:02, 183.89it/s]
Epoch 25/150:  21%|██▏       | 96/449 [00:00<00:01, 207.98it/s]
Epoch 25/150:  26%|██▋       | 118/449 [00:00<00:01, 201.07it/s]
Epoch 25/150:  32%|███▏      | 142/449 [00:00<00:01, 212.33it/s]
Epoch 25/150:  37%|███▋      | 164/449 [00:00<00:01, 209.54it/s]
Epoch 25/150:  41%|████▏     | 186/449 [00:00<00:01, 212.29it/s]
Epoch 25/150:  47%|████▋     | 213/449 [00:01<00:01, 226.62it/s]
Epoch 25/150:  53%|█████▎    | 236/449 [00:01<00:01, 210.65it/s]
Epoch 25/150:  58%|█████▊    | 262/449 [00:01<00:00, 222.18it/s]
Epoch 25/150:  63%|██████▎   | 285/449 [00:01<00:00, 209.32it/s]
Epoch 25/150:  69%|██████▉   | 312/449 [00:01<00:00, 223.67it/s]
Epoch 25/150:  75%|███████▍  | 335/449 [00:01<00:00, 209.96it/s]
Epoch 25/150:  81%|████████  | 362/449 [00:01<00:00, 224.32it/s]
Epoch 25/150:  86%|████████▌ | 385/449 [00:01<00:00, 209.17it/s]
Epoch 25/150:  92%|█████████▏| 412/449 [00:01<00:00, 223.45it/s]
Epoch 25/150:  97%|█████████▋| 435/449 [00:02<00:00, 207.96it/s]
Epoch 25/150: 100%|██████████| 449/449 [00:02<00:00, 201.79it/s]

Epoch 26/150:   0%|          | 0/449 [00:00<?, ?it/s]
Epoch 26/150:   0%|          | 1/449 [00:00<00:51,  8.77it/s]
Epoch 26/150:   6%|▌         | 28/449 [00:00<00:02, 147.42it/s]
Epoch 26/150:  10%|█         | 47/449 [00:00<00:02, 163.18it/s]
Epoch 26/150:  16%|█▋        | 74/449 [00:00<00:01, 201.97it/s]
Epoch 26/150:  21%|██        | 95/449 [00:00<00:01, 194.14it/s]
Epoch 26/150:  27%|██▋       | 120/449 [00:00<00:01, 211.99it/s]
Epoch 26/150:  32%|███▏      | 142/449 [00:00<00:01, 204.82it/s]
Epoch 26/150:  37%|███▋      | 166/449 [00:00<00:01, 213.20it/s]
Epoch 26/150:  42%|████▏     | 188/449 [00:00<00:01, 208.27it/s]
Epoch 26/150:  47%|████▋     | 212/449 [00:01<00:01, 215.81it/s]
Epoch 26/150:  52%|█████▏    | 235/449 [00:01<00:00, 218.64it/s]
Epoch 26/150:  57%|█████▋    | 257/449 [00:01<00:00, 212.99it/s]
Epoch 26/150:  63%|██████▎   | 283/449 [00:01<00:00, 225.91it/s]
Epoch 26/150:  68%|██████▊   | 306/449 [00:01<00:00, 210.15it/s]
Epoch 26/150:  74%|███████▍  | 332/449 [00:01<00:00, 223.94it/s]
Epoch 26/150:  79%|███████▉  | 355/449 [00:01<00:00, 209.24it/s]
Epoch 26/150:  85%|████████▌ | 383/449 [00:01<00:00, 226.24it/s]
Epoch 26/150:  90%|█████████ | 406/449 [00:01<00:00, 214.23it/s]
Epoch 26/150:  96%|█████████▌| 432/449 [00:02<00:00, 224.26it/s]
Epoch 26/150: 100%|██████████| 449/449 [00:02<00:00, 203.09it/s]

Epoch 27/150:   0%|          | 0/449 [00:00<?, ?it/s]
Epoch 27/150:   0%|          | 1/449 [00:00<00:51,  8.64it/s]
Epoch 27/150:   5%|▌         | 24/449 [00:00<00:03, 130.70it/s]
Epoch 27/150:  11%|█         | 50/449 [00:00<00:02, 178.67it/s]
Epoch 27/150:  16%|█▋        | 73/449 [00:00<00:01, 196.10it/s]
Epoch 27/150:  22%|██▏       | 101/449 [00:00<00:01, 224.27it/s]
Epoch 27/150:  28%|██▊       | 124/449 [00:00<00:01, 203.85it/s]
Epoch 27/150:  33%|███▎      | 150/449 [00:00<00:01, 218.94it/s]
Epoch 27/150:  39%|███▊      | 173/449 [00:00<00:01, 203.88it/s]
Epoch 27/150:  44%|████▍     | 198/449 [00:00<00:01, 215.98it/s]
Epoch 27/150:  49%|████▉     | 221/449 [00:01<00:01, 204.42it/s]
Epoch 27/150:  55%|█████▌    | 247/449 [00:01<00:00, 218.34it/s]
Epoch 27/150:  60%|██████    | 270/449 [00:01<00:00, 204.70it/s]
Epoch 27/150:  66%|██████▌   | 296/449 [00:01<00:00, 215.74it/s]
Epoch 27/150:  71%|███████   | 318/449 [00:01<00:00, 204.80it/s]
Epoch 27/150:  77%|███████▋  | 345/449 [00:01<00:00, 222.36it/s]
Epoch 27/150:  82%|████████▏ | 368/449 [00:01<00:00, 206.85it/s]
Epoch 27/150:  88%|████████▊ | 394/449 [00:01<00:00, 220.09it/s]
Epoch 27/150:  93%|█████████▎| 417/449 [00:02<00:00, 206.67it/s]
Epoch 27/150:  99%|█████████▉| 444/449 [00:02<00:00, 223.13it/s]
Epoch 27/150: 100%|██████████| 449/449 [00:02<00:00, 200.76it/s]

Epoch 28/150:   0%|          | 0/449 [00:00<?, ?it/s]
Epoch 28/150:   0%|          | 1/449 [00:00<00:57,  7.76it/s]
Epoch 28/150:   5%|▌         | 24/449 [00:00<00:03, 123.88it/s]
Epoch 28/150:  11%|█▏        | 51/449 [00:00<00:02, 180.98it/s]
Epoch 28/150:  16%|█▌        | 70/449 [00:00<00:02, 179.77it/s]
Epoch 28/150:  22%|██▏       | 97/449 [00:00<00:01, 208.06it/s]
Epoch 28/150:  27%|██▋       | 119/449 [00:00<00:01, 196.99it/s]
Epoch 28/150:  33%|███▎      | 146/449 [00:00<00:01, 218.92it/s]
Epoch 28/150:  38%|███▊      | 169/449 [00:00<00:01, 208.83it/s]
Epoch 28/150:  43%|████▎     | 194/449 [00:00<00:01, 218.89it/s]
Epoch 28/150:  48%|████▊     | 217/449 [00:01<00:01, 213.81it/s]
Epoch 28/150:  53%|█████▎    | 240/449 [00:01<00:00, 218.24it/s]
Epoch 28/150:  59%|█████▊    | 263/449 [00:01<00:00, 214.80it/s]
Epoch 28/150:  63%|██████▎   | 285/449 [00:01<00:00, 215.54it/s]
Epoch 28/150:  69%|██████▉   | 309/449 [00:01<00:00, 222.41it/s]
Epoch 28/150:  74%|███████▍  | 332/449 [00:01<00:00, 210.38it/s]
Epoch 28/150:  80%|███████▉  | 358/449 [00:01<00:00, 223.12it/s]
Epoch 28/150:  85%|████████▍ | 381/449 [00:01<00:00, 207.07it/s]
Epoch 28/150:  91%|█████████ | 408/449 [00:01<00:00, 222.28it/s]
Epoch 28/150:  96%|█████████▌| 431/449 [00:02<00:00, 206.68it/s]
Epoch 28/150: 100%|██████████| 449/449 [00:02<00:00, 201.46it/s]

Epoch 29/150:   0%|          | 0/449 [00:00<?, ?it/s]
Epoch 29/150:   0%|          | 1/449 [00:00<00:51,  8.74it/s]
Epoch 29/150:   6%|▌         | 25/449 [00:00<00:03, 130.42it/s]
Epoch 29/150:  10%|█         | 45/449 [00:00<00:02, 158.55it/s]
Epoch 29/150:  16%|█▌        | 72/449 [00:00<00:01, 198.81it/s]
Epoch 29/150:  21%|██        | 93/449 [00:00<00:01, 191.56it/s]
Epoch 29/150:  27%|██▋       | 121/449 [00:00<00:01, 217.74it/s]
Epoch 29/150:  32%|███▏      | 144/449 [00:00<00:01, 208.35it/s]
Epoch 29/150:  38%|███▊      | 170/449 [00:00<00:01, 222.69it/s]
Epoch 29/150:  43%|████▎     | 193/449 [00:00<00:01, 213.40it/s]
Epoch 29/150:  49%|████▊     | 218/449 [00:01<00:01, 222.42it/s]
Epoch 29/150:  54%|█████▎    | 241/449 [00:01<00:00, 215.46it/s]
Epoch 29/150:  59%|█████▉    | 266/449 [00:01<00:00, 223.10it/s]
Epoch 29/150:  64%|██████▍   | 289/449 [00:01<00:00, 219.96it/s]
Epoch 29/150:  69%|██████▉   | 312/449 [00:01<00:00, 220.13it/s]
Epoch 29/150:  75%|███████▌  | 337/449 [00:01<00:00, 226.06it/s]
Epoch 29/150:  80%|████████  | 360/449 [00:01<00:00, 220.73it/s]
Epoch 29/150:  86%|████████▋ | 388/449 [00:01<00:00, 234.90it/s]
Epoch 29/150:  92%|█████████▏| 412/449 [00:01<00:00, 222.07it/s]
Epoch 29/150:  98%|█████████▊| 439/449 [00:02<00:00, 232.23it/s]
Epoch 29/150: 100%|██████████| 449/449 [00:02<00:00, 205.95it/s]

Epoch 30/150:   0%|          | 0/449 [00:00<?, ?it/s]
Epoch 30/150:   0%|          | 1/449 [00:00<00:56,  7.94it/s]
Epoch 30/150:   6%|▌         | 25/449 [00:00<00:03, 130.24it/s]
Epoch 30/150:  12%|█▏        | 52/449 [00:00<00:02, 188.23it/s]
Epoch 30/150:  16%|█▌        | 72/449 [00:00<00:02, 183.43it/s]
Epoch 30/150:  22%|██▏       | 100/449 [00:00<00:01, 215.41it/s]
Epoch 30/150:  27%|██▋       | 123/449 [00:00<00:01, 209.43it/s]
Epoch 30/150:  33%|███▎      | 149/449 [00:00<00:01, 223.85it/s]
Epoch 30/150:  38%|███▊      | 172/449 [00:00<00:01, 211.65it/s]
Epoch 30/150:  44%|████▍     | 199/449 [00:00<00:01, 226.89it/s]
Epoch 30/150:  50%|████▉     | 223/449 [00:01<00:01, 214.34it/s]
Epoch 30/150:  55%|█████▌    | 249/449 [00:01<00:00, 225.12it/s]
Epoch 30/150:  61%|██████    | 272/449 [00:01<00:00, 215.99it/s]
Epoch 30/150:  66%|██████▌   | 296/449 [00:01<00:00, 221.55it/s]
Epoch 30/150:  71%|███████   | 319/449 [00:01<00:00, 219.53it/s]
Epoch 30/150:  76%|███████▌  | 342/449 [00:01<00:00, 218.91it/s]
Epoch 30/150:  82%|████████▏ | 369/449 [00:01<00:00, 229.09it/s]
Epoch 30/150:  87%|████████▋ | 392/449 [00:01<00:00, 217.73it/s]
Epoch 30/150:  94%|█████████▎| 420/449 [00:01<00:00, 232.38it/s]
Epoch 30/150:  99%|█████████▉| 444/449 [00:02<00:00, 215.66it/s]
Epoch 30/150: 100%|██████████| 449/449 [00:02<00:00, 206.44it/s]

Epoch 31/150:   0%|          | 0/449 [00:00<?, ?it/s]
Epoch 31/150:   0%|          | 1/449 [00:00<00:51,  8.64it/s]
Epoch 31/150:   6%|▌         | 26/449 [00:00<00:02, 141.80it/s]
Epoch 31/150:  10%|█         | 45/449 [00:00<00:02, 162.94it/s]
Epoch 31/150:  15%|█▌        | 68/449 [00:00<00:02, 187.52it/s]
Epoch 31/150:  21%|██        | 94/449 [00:00<00:01, 203.70it/s]
Epoch 31/150:  26%|██▌       | 115/449 [00:00<00:01, 203.96it/s]
Epoch 31/150:  32%|███▏      | 142/449 [00:00<00:01, 223.63it/s]
Epoch 31/150:  37%|███▋      | 165/449 [00:00<00:01, 208.47it/s]
Epoch 31/150:  43%|████▎     | 192/449 [00:00<00:01, 224.43it/s]
Epoch 31/150:  48%|████▊     | 215/449 [00:01<00:01, 209.57it/s]
Epoch 31/150:  54%|█████▍    | 243/449 [00:01<00:00, 228.49it/s]
Epoch 31/150:  59%|█████▉    | 267/449 [00:01<00:00, 213.55it/s]
Epoch 31/150:  65%|██████▌   | 294/449 [00:01<00:00, 228.22it/s]
Epoch 31/150:  71%|███████   | 318/449 [00:01<00:00, 214.88it/s]
Epoch 31/150:  77%|███████▋  | 345/449 [00:01<00:00, 229.07it/s]
Epoch 31/150:  82%|████████▏ | 369/449 [00:01<00:00, 212.76it/s]
Epoch 31/150:  88%|████████▊ | 396/449 [00:01<00:00, 225.67it/s]
Epoch 31/150:  94%|█████████▎| 420/449 [00:02<00:00, 211.75it/s]
Epoch 31/150: 100%|█████████▉| 447/449 [00:02<00:00, 224.87it/s]
Epoch 31/150: 100%|██████████| 449/449 [00:02<00:00, 205.53it/s]

Epoch 32/150:   0%|          | 0/449 [00:00<?, ?it/s]
Epoch 32/150:   0%|          | 1/449 [00:00<00:51,  8.74it/s]
Epoch 32/150:   5%|▍         | 22/449 [00:00<00:03, 118.30it/s]
Epoch 32/150:  11%|█         | 48/449 [00:00<00:02, 178.13it/s]
Epoch 32/150:  15%|█▌        | 68/449 [00:00<00:02, 185.39it/s]
Epoch 32/150:  20%|█▉        | 89/449 [00:00<00:01, 193.58it/s]
Epoch 32/150:  26%|██▌       | 116/449 [00:00<00:01, 215.94it/s]
Epoch 32/150:  31%|███       | 138/449 [00:00<00:01, 199.74it/s]
Epoch 32/150:  37%|███▋      | 165/449 [00:00<00:01, 218.03it/s]
Epoch 32/150:  42%|████▏     | 188/449 [00:00<00:01, 203.88it/s]
Epoch 32/150:  48%|████▊     | 215/449 [00:01<00:01, 220.24it/s]
Epoch 32/150:  53%|█████▎    | 238/449 [00:01<00:01, 208.77it/s]
Epoch 32/150:  59%|█████▉    | 264/449 [00:01<00:00, 221.32it/s]
Epoch 32/150:  64%|██████▍   | 287/449 [00:01<00:00, 212.34it/s]
Epoch 32/150:  70%|██████▉   | 313/449 [00:01<00:00, 225.43it/s]
Epoch 32/150:  75%|███████▍  | 336/449 [00:01<00:00, 213.79it/s]
Epoch 32/150:  81%|████████  | 362/449 [00:01<00:00, 225.70it/s]
Epoch 32/150:  86%|████████▌ | 385/449 [00:01<00:00, 217.15it/s]
Epoch 32/150:  91%|█████████ | 408/449 [00:01<00:00, 219.93it/s]
Epoch 32/150:  96%|█████████▌| 431/449 [00:02<00:00, 222.72it/s]
Epoch 32/150: 100%|██████████| 449/449 [00:02<00:00, 202.38it/s]

Epoch 33/150:   0%|          | 0/449 [00:00<?, ?it/s]
Epoch 33/150:   0%|          | 1/449 [00:00<00:51,  8.65it/s]
Epoch 33/150:   6%|▌         | 26/449 [00:00<00:02, 141.98it/s]
Epoch 33/150:  10%|█         | 46/449 [00:00<00:02, 167.26it/s]
Epoch 33/150:  15%|█▍        | 67/449 [00:00<00:02, 183.66it/s]
Epoch 33/150:  20%|██        | 91/449 [00:00<00:01, 203.46it/s]
Epoch 33/150:  25%|██▍       | 112/449 [00:00<00:01, 197.35it/s]
Epoch 33/150:  31%|███       | 139/449 [00:00<00:01, 219.34it/s]
Epoch 33/150:  36%|███▌      | 162/449 [00:00<00:01, 149.46it/s]
Epoch 33/150:  41%|████      | 183/449 [00:01<00:01, 161.68it/s]
Epoch 33/150:  47%|████▋     | 213/449 [00:01<00:01, 193.73it/s]
Epoch 33/150:  52%|█████▏    | 235/449 [00:01<00:01, 191.66it/s]
Epoch 33/150:  58%|█████▊    | 261/449 [00:01<00:00, 208.25it/s]
Epoch 33/150:  63%|██████▎   | 284/449 [00:01<00:00, 204.25it/s]
Epoch 33/150:  69%|██████▉   | 309/449 [00:01<00:00, 215.79it/s]
Epoch 33/150:  74%|███████▍  | 332/449 [00:01<00:00, 211.62it/s]
Epoch 33/150:  79%|███████▉  | 355/449 [00:01<00:00, 214.43it/s]
Epoch 33/150:  84%|████████▍ | 377/449 [00:01<00:00, 215.21it/s]
Epoch 33/150:  89%|████████▉ | 399/449 [00:02<00:00, 213.52it/s]
Epoch 33/150:  95%|█████████▍| 425/449 [00:02<00:00, 226.78it/s]
Epoch 33/150: 100%|█████████▉| 448/449 [00:02<00:00, 212.61it/s]
Epoch 33/150: 100%|██████████| 449/449 [00:02<00:00, 191.77it/s]

Epoch 34/150:   0%|          | 0/449 [00:00<?, ?it/s]
Epoch 34/150:   0%|          | 1/449 [00:00<00:51,  8.63it/s]
Epoch 34/150:   6%|▌         | 26/449 [00:00<00:03, 140.86it/s]
Epoch 34/150:  10%|█         | 46/449 [00:00<00:02, 164.83it/s]
Epoch 34/150:  15%|█▌        | 68/449 [00:00<00:02, 185.83it/s]
Epoch 34/150:  20%|██        | 91/449 [00:00<00:01, 196.55it/s]
Epoch 34/150:  25%|██▍       | 111/449 [00:00<00:01, 196.33it/s]
Epoch 34/150:  31%|███       | 137/449 [00:00<00:01, 215.65it/s]
Epoch 34/150:  35%|███▌      | 159/449 [00:00<00:01, 201.10it/s]
Epoch 34/150:  42%|████▏     | 187/449 [00:00<00:01, 223.60it/s]
Epoch 34/150:  47%|████▋     | 210/449 [00:01<00:01, 213.58it/s]
Epoch 34/150:  53%|█████▎    | 236/449 [00:01<00:00, 225.06it/s]
Epoch 34/150:  58%|█████▊    | 259/449 [00:01<00:00, 213.14it/s]
Epoch 34/150:  64%|██████▎   | 286/449 [00:01<00:00, 227.91it/s]
Epoch 34/150:  69%|██████▉   | 310/449 [00:01<00:00, 217.61it/s]
Epoch 34/150:  75%|███████▍  | 336/449 [00:01<00:00, 227.73it/s]
Epoch 34/150:  80%|████████  | 360/449 [00:01<00:00, 214.53it/s]
Epoch 34/150:  86%|████████▌ | 386/449 [00:01<00:00, 226.23it/s]
Epoch 34/150:  91%|█████████ | 409/449 [00:01<00:00, 215.62it/s]
Epoch 34/150:  97%|█████████▋| 434/449 [00:02<00:00, 223.66it/s]
Epoch 34/150: 100%|██████████| 449/449 [00:02<00:00, 205.09it/s]

Epoch 35/150:   0%|          | 0/449 [00:00<?, ?it/s]
Epoch 35/150:   0%|          | 1/449 [00:00<00:52,  8.54it/s]
Epoch 35/150:   5%|▍         | 22/449 [00:00<00:03, 117.08it/s]
Epoch 35/150:  10%|█         | 47/449 [00:00<00:02, 172.27it/s]
Epoch 35/150:  15%|█▌        | 68/449 [00:00<00:02, 184.44it/s]
Epoch 35/150:  20%|██        | 90/449 [00:00<00:01, 195.61it/s]
Epoch 35/150:  26%|██▌       | 115/449 [00:00<00:01, 209.59it/s]
Epoch 35/150:  31%|███       | 137/449 [00:00<00:01, 200.08it/s]
Epoch 35/150:  37%|███▋      | 164/449 [00:00<00:01, 219.46it/s]
Epoch 35/150:  42%|████▏     | 187/449 [00:00<00:01, 206.23it/s]
Epoch 35/150:  48%|████▊     | 215/449 [00:01<00:01, 224.86it/s]
Epoch 35/150:  53%|█████▎    | 238/449 [00:01<00:01, 209.56it/s]
Epoch 35/150:  59%|█████▉    | 265/449 [00:01<00:00, 225.95it/s]
Epoch 35/150:  64%|██████▍   | 289/449 [00:01<00:00, 211.04it/s]
Epoch 35/150:  70%|███████   | 316/449 [00:01<00:00, 224.46it/s]
Epoch 35/150:  76%|███████▌  | 339/449 [00:01<00:00, 209.31it/s]
Epoch 35/150:  82%|████████▏ | 367/449 [00:01<00:00, 226.22it/s]
Epoch 35/150:  87%|████████▋ | 391/449 [00:01<00:00, 210.27it/s]
Epoch 35/150:  93%|█████████▎| 417/449 [00:02<00:00, 222.71it/s]
Epoch 35/150:  98%|█████████▊| 440/449 [00:02<00:00, 211.20it/s]
Epoch 35/150: 100%|██████████| 449/449 [00:02<00:00, 201.49it/s]

Epoch 36/150:   0%|          | 0/449 [00:00<?, ?it/s]
Epoch 36/150:   0%|          | 1/449 [00:00<00:50,  8.79it/s]
Epoch 36/150:   6%|▌         | 27/449 [00:00<00:02, 148.00it/s]
Epoch 36/150:  10%|█         | 47/449 [00:00<00:02, 169.16it/s]
Epoch 36/150:  16%|█▌        | 70/449 [00:00<00:01, 192.01it/s]
Epoch 36/150:  20%|██        | 92/449 [00:00<00:01, 198.49it/s]
Epoch 36/150:  25%|██▌       | 113/449 [00:00<00:01, 200.36it/s]
Epoch 36/150:  31%|███       | 139/449 [00:00<00:01, 214.94it/s]
Epoch 36/150:  36%|███▌      | 161/449 [00:00<00:01, 202.84it/s]
Epoch 36/150:  42%|████▏     | 188/449 [00:00<00:01, 219.78it/s]
Epoch 36/150:  47%|████▋     | 211/449 [00:01<00:01, 207.44it/s]
Epoch 36/150:  53%|█████▎    | 237/449 [00:01<00:00, 220.78it/s]
Epoch 36/150:  58%|█████▊    | 260/449 [00:01<00:00, 206.63it/s]
Epoch 36/150:  64%|██████▎   | 286/449 [00:01<00:00, 220.32it/s]
Epoch 36/150:  69%|██████▉   | 309/449 [00:01<00:00, 207.51it/s]
Epoch 36/150:  75%|███████▍  | 336/449 [00:01<00:00, 222.75it/s]
Epoch 36/150:  80%|███████▉  | 359/449 [00:01<00:00, 208.98it/s]
Epoch 36/150:  86%|████████▌ | 387/449 [00:01<00:00, 226.31it/s]
Epoch 36/150:  92%|█████████▏| 411/449 [00:02<00:00, 210.70it/s]
Epoch 36/150:  98%|█████████▊| 438/449 [00:02<00:00, 225.33it/s]
Epoch 36/150: 100%|██████████| 449/449 [00:02<00:00, 201.53it/s]

Epoch 37/150:   0%|          | 0/449 [00:00<?, ?it/s]
Epoch 37/150:   0%|          | 1/449 [00:00<00:54,  8.26it/s]
Epoch 37/150:   5%|▌         | 24/449 [00:00<00:03, 126.51it/s]
Epoch 37/150:  11%|█▏        | 51/449 [00:00<00:02, 187.72it/s]
Epoch 37/150:  16%|█▌        | 71/449 [00:00<00:02, 183.71it/s]
Epoch 37/150:  22%|██▏       | 99/449 [00:00<00:01, 216.17it/s]
Epoch 37/150:  27%|██▋       | 122/449 [00:00<00:01, 206.36it/s]
Epoch 37/150:  33%|███▎      | 148/449 [00:00<00:01, 220.79it/s]
Epoch 37/150:  38%|███▊      | 171/449 [00:00<00:01, 211.78it/s]
Epoch 37/150:  43%|████▎     | 195/449 [00:00<00:01, 218.41it/s]
Epoch 37/150:  49%|████▊     | 218/449 [00:01<00:01, 212.99it/s]
Epoch 37/150:  54%|█████▎    | 241/449 [00:01<00:00, 215.89it/s]
Epoch 37/150:  59%|█████▉    | 266/449 [00:01<00:00, 222.86it/s]
Epoch 37/150:  64%|██████▍   | 289/449 [00:01<00:00, 214.35it/s]
Epoch 37/150:  70%|███████   | 316/449 [00:01<00:00, 229.02it/s]
Epoch 37/150:  76%|███████▌  | 340/449 [00:01<00:00, 213.18it/s]
Epoch 37/150:  82%|████████▏ | 367/449 [00:01<00:00, 227.02it/s]
Epoch 37/150:  87%|████████▋ | 391/449 [00:01<00:00, 213.13it/s]
Epoch 37/150:  93%|█████████▎| 418/449 [00:01<00:00, 226.99it/s]
Epoch 37/150:  98%|█████████▊| 442/449 [00:02<00:00, 212.63it/s]
Epoch 37/150: 100%|██████████| 449/449 [00:02<00:00, 204.45it/s]

Epoch 38/150:   0%|          | 0/449 [00:00<?, ?it/s]
Epoch 38/150:   0%|          | 1/449 [00:00<00:51,  8.77it/s]
Epoch 38/150:   6%|▌         | 27/449 [00:00<00:02, 146.52it/s]
Epoch 38/150:  10%|█         | 46/449 [00:00<00:02, 162.93it/s]
Epoch 38/150:  16%|█▌        | 71/449 [00:00<00:01, 195.40it/s]
Epoch 38/150:  20%|██        | 91/449 [00:00<00:01, 195.52it/s]
Epoch 38/150:  25%|██▌       | 114/449 [00:00<00:01, 204.93it/s]
Epoch 38/150:  31%|███       | 140/449 [00:00<00:01, 217.60it/s]
Epoch 38/150:  36%|███▌      | 162/449 [00:00<00:01, 206.41it/s]
Epoch 38/150:  42%|████▏     | 188/449 [00:00<00:01, 221.45it/s]
Epoch 38/150:  47%|████▋     | 211/449 [00:01<00:01, 206.25it/s]
Epoch 38/150:  53%|█████▎    | 238/449 [00:01<00:00, 223.32it/s]
Epoch 38/150:  58%|█████▊    | 261/449 [00:01<00:00, 210.43it/s]
Epoch 38/150:  64%|██████▍   | 288/449 [00:01<00:00, 225.95it/s]
Epoch 38/150:  69%|██████▉   | 311/449 [00:01<00:00, 213.72it/s]
Epoch 38/150:  75%|███████▍  | 336/449 [00:01<00:00, 223.50it/s]
Epoch 38/150:  80%|███████▉  | 359/449 [00:01<00:00, 212.60it/s]
Epoch 38/150:  86%|████████▌ | 384/449 [00:01<00:00, 221.69it/s]
Epoch 38/150:  91%|█████████ | 407/449 [00:01<00:00, 214.75it/s]
Epoch 38/150:  96%|█████████▌| 431/449 [00:02<00:00, 219.38it/s]
Epoch 38/150: 100%|██████████| 449/449 [00:02<00:00, 203.00it/s]

Epoch 39/150:   0%|          | 0/449 [00:00<?, ?it/s]
Epoch 39/150:   0%|          | 1/449 [00:00<00:53,  8.34it/s]
Epoch 39/150:   4%|▍         | 20/449 [00:00<00:04, 105.51it/s]
Epoch 39/150:  11%|█         | 48/449 [00:00<00:02, 178.80it/s]
Epoch 39/150:  15%|█▍        | 67/449 [00:00<00:02, 180.93it/s]
Epoch 39/150:  20%|██        | 92/449 [00:00<00:01, 202.86it/s]
Epoch 39/150:  25%|██▌       | 113/449 [00:00<00:01, 199.43it/s]
Epoch 39/150:  31%|███       | 137/449 [00:00<00:01, 211.84it/s]
Epoch 39/150:  35%|███▌      | 159/449 [00:00<00:01, 209.78it/s]
Epoch 39/150:  40%|████      | 181/449 [00:00<00:01, 209.90it/s]
Epoch 39/150:  46%|████▌     | 206/449 [00:01<00:01, 221.02it/s]
Epoch 39/150:  51%|█████     | 229/449 [00:01<00:01, 210.81it/s]
Epoch 39/150:  57%|█████▋    | 255/449 [00:01<00:00, 224.79it/s]
Epoch 39/150:  62%|██████▏   | 278/449 [00:01<00:00, 206.86it/s]
Epoch 39/150:  68%|██████▊   | 304/449 [00:01<00:00, 220.17it/s]
Epoch 39/150:  73%|███████▎  | 327/449 [00:01<00:00, 206.67it/s]
Epoch 39/150:  79%|███████▉  | 354/449 [00:01<00:00, 222.87it/s]
Epoch 39/150:  84%|████████▍ | 377/449 [00:01<00:00, 206.26it/s]
Epoch 39/150:  90%|████████▉ | 403/449 [00:01<00:00, 220.33it/s]
Epoch 39/150:  95%|█████████▍| 426/449 [00:02<00:00, 209.91it/s]
Epoch 39/150: 100%|██████████| 449/449 [00:02<00:00, 200.87it/s]

Epoch 40/150:   0%|          | 0/449 [00:00<?, ?it/s]
Epoch 40/150:   0%|          | 1/449 [00:00<00:52,  8.59it/s]
Epoch 40/150:   6%|▌         | 27/449 [00:00<00:02, 145.83it/s]
Epoch 40/150:  10%|█         | 46/449 [00:00<00:02, 159.00it/s]
Epoch 40/150:  16%|█▋        | 73/449 [00:00<00:01, 198.06it/s]
Epoch 40/150:  21%|██        | 94/449 [00:00<00:01, 193.21it/s]
Epoch 40/150:  27%|██▋       | 120/449 [00:00<00:01, 212.88it/s]
Epoch 40/150:  32%|███▏      | 142/449 [00:00<00:01, 204.91it/s]
Epoch 40/150:  37%|███▋      | 168/449 [00:00<00:01, 219.86it/s]
Epoch 40/150:  43%|████▎     | 191/449 [00:00<00:01, 213.67it/s]
Epoch 40/150:  48%|████▊     | 215/449 [00:01<00:01, 219.56it/s]
Epoch 40/150:  53%|█████▎    | 238/449 [00:01<00:00, 215.05it/s]
Epoch 40/150:  58%|█████▊    | 261/449 [00:01<00:00, 219.10it/s]
Epoch 40/150:  64%|██████▍   | 287/449 [00:01<00:00, 226.39it/s]
Epoch 40/150:  69%|██████▉   | 310/449 [00:01<00:00, 214.74it/s]
Epoch 40/150:  75%|███████▌  | 337/449 [00:01<00:00, 227.94it/s]
Epoch 40/150:  80%|████████  | 360/449 [00:01<00:00, 210.43it/s]
Epoch 40/150:  86%|████████▌ | 386/449 [00:01<00:00, 223.41it/s]
Epoch 40/150:  91%|█████████ | 409/449 [00:01<00:00, 210.00it/s]
Epoch 40/150:  97%|█████████▋| 436/449 [00:02<00:00, 225.27it/s]
Epoch 40/150: 100%|██████████| 449/449 [00:02<00:00, 202.63it/s]

Epoch 41/150:   0%|          | 0/449 [00:00<?, ?it/s]
Epoch 41/150:   0%|          | 1/449 [00:00<00:55,  8.10it/s]
Epoch 41/150:   5%|▌         | 23/449 [00:00<00:03, 121.63it/s]
Epoch 41/150:  11%|█         | 50/449 [00:00<00:02, 185.77it/s]
Epoch 41/150:  16%|█▌        | 70/449 [00:00<00:02, 185.11it/s]
Epoch 41/150:  21%|██▏       | 96/449 [00:00<00:01, 208.73it/s]
Epoch 41/150:  26%|██▋       | 118/449 [00:00<00:01, 202.61it/s]
Epoch 41/150:  32%|███▏      | 143/449 [00:00<00:01, 216.09it/s]
Epoch 41/150:  37%|███▋      | 165/449 [00:00<00:01, 214.77it/s]
Epoch 41/150:  42%|████▏     | 187/449 [00:00<00:01, 211.78it/s]
Epoch 41/150:  47%|████▋     | 213/449 [00:01<00:01, 225.34it/s]
Epoch 41/150:  53%|█████▎    | 236/449 [00:01<00:01, 208.52it/s]
Epoch 41/150:  58%|█████▊    | 262/449 [00:01<00:00, 220.88it/s]
Epoch 41/150:  63%|██████▎   | 285/449 [00:01<00:00, 208.48it/s]
Epoch 41/150:  69%|██████▉   | 312/449 [00:01<00:00, 224.51it/s]
Epoch 41/150:  75%|███████▍  | 335/449 [00:01<00:00, 211.19it/s]
Epoch 41/150:  81%|████████  | 362/449 [00:01<00:00, 226.19it/s]
Epoch 41/150:  86%|████████▌ | 386/449 [00:01<00:00, 208.99it/s]
Epoch 41/150:  92%|█████████▏| 413/449 [00:01<00:00, 224.26it/s]
Epoch 41/150:  97%|█████████▋| 436/449 [00:02<00:00, 209.51it/s]
Epoch 41/150: 100%|██████████| 449/449 [00:02<00:00, 202.69it/s]

Epoch 42/150:   0%|          | 0/449 [00:00<?, ?it/s]
Epoch 42/150:   0%|          | 1/449 [00:00<00:50,  8.79it/s]
Epoch 42/150:   6%|▌         | 27/449 [00:00<00:05, 84.04it/s]
Epoch 42/150:  12%|█▏        | 54/449 [00:00<00:02, 140.28it/s]
Epoch 42/150:  16%|█▋        | 74/449 [00:00<00:02, 156.85it/s]
Epoch 42/150:  22%|██▏       | 98/449 [00:00<00:01, 181.40it/s]
Epoch 42/150:  27%|██▋       | 119/449 [00:00<00:01, 189.22it/s]
Epoch 42/150:  31%|███▏      | 141/449 [00:00<00:01, 197.64it/s]
Epoch 42/150:  37%|███▋      | 166/449 [00:00<00:01, 210.48it/s]
Epoch 42/150:  42%|████▏     | 188/449 [00:01<00:01, 207.87it/s]
Epoch 42/150:  48%|████▊     | 214/449 [00:01<00:01, 219.94it/s]
Epoch 42/150:  53%|█████▎    | 237/449 [00:01<00:01, 207.91it/s]
Epoch 42/150:  59%|█████▉    | 265/449 [00:01<00:00, 227.38it/s]
Epoch 42/150:  64%|██████▍   | 289/449 [00:01<00:00, 214.99it/s]
Epoch 42/150:  70%|███████   | 316/449 [00:01<00:00, 228.78it/s]
Epoch 42/150:  76%|███████▌  | 340/449 [00:01<00:00, 212.51it/s]
Epoch 42/150:  82%|████████▏ | 367/449 [00:01<00:00, 227.02it/s]
Epoch 42/150:  87%|████████▋ | 391/449 [00:02<00:00, 210.50it/s]
Epoch 42/150:  93%|█████████▎| 418/449 [00:02<00:00, 225.78it/s]
Epoch 42/150:  98%|█████████▊| 442/449 [00:02<00:00, 210.65it/s]
Epoch 42/150: 100%|██████████| 449/449 [00:02<00:00, 194.35it/s]

Epoch 43/150:   0%|          | 0/449 [00:00<?, ?it/s]
Epoch 43/150:   0%|          | 1/449 [00:00<00:52,  8.53it/s]
Epoch 43/150:   6%|▌         | 25/449 [00:00<00:03, 134.06it/s]
Epoch 43/150:  10%|▉         | 44/449 [00:00<00:02, 157.05it/s]
Epoch 43/150:  15%|█▌        | 68/449 [00:00<00:02, 186.73it/s]
Epoch 43/150:  20%|█▉        | 89/449 [00:00<00:01, 194.42it/s]
Epoch 43/150:  25%|██▍       | 111/449 [00:00<00:01, 201.41it/s]
Epoch 43/150:  31%|███       | 138/449 [00:00<00:01, 220.90it/s]
Epoch 43/150:  36%|███▌      | 161/449 [00:00<00:01, 207.12it/s]
Epoch 43/150:  42%|████▏     | 188/449 [00:00<00:01, 223.18it/s]
Epoch 43/150:  47%|████▋     | 211/449 [00:01<00:01, 208.73it/s]
Epoch 43/150:  53%|█████▎    | 238/449 [00:01<00:00, 224.09it/s]
Epoch 43/150:  58%|█████▊    | 261/449 [00:01<00:00, 209.80it/s]
Epoch 43/150:  64%|██████▍   | 288/449 [00:01<00:00, 224.66it/s]
Epoch 43/150:  69%|██████▉   | 311/449 [00:01<00:00, 210.35it/s]
Epoch 43/150:  76%|███████▌  | 339/449 [00:01<00:00, 229.09it/s]
Epoch 43/150:  81%|████████  | 363/449 [00:01<00:00, 215.31it/s]
Epoch 43/150:  86%|████████▋ | 388/449 [00:01<00:00, 224.49it/s]
Epoch 43/150:  92%|█████████▏| 411/449 [00:01<00:00, 215.64it/s]
Epoch 43/150:  97%|█████████▋| 434/449 [00:02<00:00, 218.40it/s]
Epoch 43/150: 100%|██████████| 449/449 [00:02<00:00, 202.74it/s]

Epoch 44/150:   0%|          | 0/449 [00:00<?, ?it/s]
Epoch 44/150:   0%|          | 1/449 [00:00<00:52,  8.56it/s]
Epoch 44/150:   4%|▍         | 20/449 [00:00<00:04, 106.97it/s]
Epoch 44/150:  10%|▉         | 44/449 [00:00<00:02, 164.41it/s]
Epoch 44/150:  15%|█▌        | 69/449 [00:00<00:02, 188.98it/s]
Epoch 44/150:  20%|█▉        | 89/449 [00:00<00:01, 192.39it/s]
Epoch 44/150:  26%|██▌       | 115/449 [00:00<00:01, 214.08it/s]
Epoch 44/150:  31%|███       | 137/449 [00:00<00:01, 198.63it/s]
Epoch 44/150:  37%|███▋      | 165/449 [00:00<00:01, 220.73it/s]
Epoch 44/150:  42%|████▏     | 188/449 [00:00<00:01, 204.38it/s]
Epoch 44/150:  48%|████▊     | 214/449 [00:01<00:01, 219.69it/s]
Epoch 44/150:  53%|█████▎    | 237/449 [00:01<00:01, 205.57it/s]
Epoch 44/150:  59%|█████▉    | 264/449 [00:01<00:00, 221.41it/s]
Epoch 44/150:  64%|██████▍   | 287/449 [00:01<00:00, 210.95it/s]
Epoch 44/150:  70%|██████▉   | 313/449 [00:01<00:00, 223.05it/s]
Epoch 44/150:  75%|███████▍  | 336/449 [00:01<00:00, 210.13it/s]
Epoch 44/150:  80%|████████  | 361/449 [00:01<00:00, 220.02it/s]
Epoch 44/150:  86%|████████▌ | 384/449 [00:01<00:00, 211.72it/s]
Epoch 44/150:  91%|█████████ | 409/449 [00:02<00:00, 220.05it/s]
Epoch 44/150:  96%|█████████▌| 432/449 [00:02<00:00, 215.72it/s]
Epoch 44/150: 100%|██████████| 449/449 [00:02<00:00, 200.07it/s]

Epoch 45/150:   0%|          | 0/449 [00:00<?, ?it/s]
Epoch 45/150:   0%|          | 1/449 [00:00<00:50,  8.83it/s]
Epoch 45/150:   6%|▋         | 29/449 [00:00<00:02, 157.62it/s]
Epoch 45/150:  11%|█         | 50/449 [00:00<00:02, 178.98it/s]
Epoch 45/150:  16%|█▋        | 74/449 [00:00<00:01, 202.26it/s]
Epoch 45/150:  21%|██▏       | 96/449 [00:00<00:01, 206.90it/s]
Epoch 45/150:  26%|██▌       | 117/449 [00:00<00:01, 206.14it/s]
Epoch 45/150:  32%|███▏      | 143/449 [00:00<00:01, 222.63it/s]
Epoch 45/150:  37%|███▋      | 166/449 [00:00<00:01, 204.83it/s]
Epoch 45/150:  42%|████▏     | 190/449 [00:00<00:01, 214.06it/s]
Epoch 45/150:  47%|████▋     | 212/449 [00:01<00:01, 205.35it/s]
Epoch 45/150:  53%|█████▎    | 238/449 [00:01<00:00, 220.19it/s]
Epoch 45/150:  58%|█████▊    | 261/449 [00:01<00:00, 204.56it/s]
Epoch 45/150:  64%|██████▍   | 287/449 [00:01<00:00, 218.66it/s]
Epoch 45/150:  69%|██████▉   | 310/449 [00:01<00:00, 207.62it/s]
Epoch 45/150:  75%|███████▌  | 337/449 [00:01<00:00, 222.86it/s]
Epoch 45/150:  80%|████████  | 360/449 [00:01<00:00, 206.50it/s]
Epoch 45/150:  86%|████████▌ | 386/449 [00:01<00:00, 218.84it/s]
Epoch 45/150:  91%|█████████ | 409/449 [00:02<00:00, 202.98it/s]
Epoch 45/150:  97%|█████████▋| 435/449 [00:02<00:00, 217.88it/s]
Epoch 45/150: 100%|██████████| 449/449 [00:02<00:00, 200.67it/s]

Epoch 46/150:   0%|          | 0/449 [00:00<?, ?it/s]
Epoch 46/150:   0%|          | 1/449 [00:00<00:57,  7.81it/s]
Epoch 46/150:   5%|▌         | 24/449 [00:00<00:03, 123.91it/s]
Epoch 46/150:  11%|█▏        | 51/449 [00:00<00:02, 183.91it/s]
Epoch 46/150:  16%|█▌        | 71/449 [00:00<00:02, 188.31it/s]
Epoch 46/150:  22%|██▏       | 98/449 [00:00<00:01, 215.04it/s]
Epoch 46/150:  27%|██▋       | 120/449 [00:00<00:01, 210.83it/s]
Epoch 46/150:  32%|███▏      | 144/449 [00:00<00:01, 219.09it/s]
Epoch 46/150:  37%|███▋      | 167/449 [00:00<00:01, 215.94it/s]
Epoch 46/150:  43%|████▎     | 191/449 [00:00<00:01, 220.93it/s]
Epoch 46/150:  48%|████▊     | 215/449 [00:01<00:01, 222.91it/s]
Epoch 46/150:  53%|█████▎    | 238/449 [00:01<00:00, 219.47it/s]
Epoch 46/150:  59%|█████▉    | 265/449 [00:01<00:00, 232.48it/s]
Epoch 46/150:  64%|██████▍   | 289/449 [00:01<00:00, 217.08it/s]
Epoch 46/150:  70%|███████   | 316/449 [00:01<00:00, 229.93it/s]
Epoch 46/150:  76%|███████▌  | 340/449 [00:01<00:00, 214.14it/s]
Epoch 46/150:  82%|████████▏ | 367/449 [00:01<00:00, 226.63it/s]
Epoch 46/150:  87%|████████▋ | 391/449 [00:01<00:00, 212.59it/s]
Epoch 46/150:  93%|█████████▎| 417/449 [00:01<00:00, 224.68it/s]
Epoch 46/150:  98%|█████████▊| 440/449 [00:02<00:00, 211.53it/s]
Epoch 46/150: 100%|██████████| 449/449 [00:02<00:00, 205.49it/s]

Epoch 47/150:   0%|          | 0/449 [00:00<?, ?it/s]
Epoch 47/150:   0%|          | 1/449 [00:00<00:51,  8.68it/s]
Epoch 47/150:   6%|▌         | 28/449 [00:00<00:02, 150.36it/s]
Epoch 47/150:  10%|█         | 47/449 [00:00<00:02, 167.02it/s]
Epoch 47/150:  16%|█▌        | 72/449 [00:00<00:01, 197.47it/s]
Epoch 47/150:  21%|██        | 93/449 [00:00<00:01, 194.30it/s]
Epoch 47/150:  26%|██▌       | 117/449 [00:00<00:01, 207.54it/s]
Epoch 47/150:  31%|███       | 138/449 [00:00<00:01, 204.90it/s]
Epoch 47/150:  36%|███▌      | 160/449 [00:00<00:01, 207.94it/s]
Epoch 47/150:  41%|████      | 185/449 [00:00<00:01, 216.61it/s]
Epoch 47/150:  46%|████▌     | 207/449 [00:01<00:01, 208.48it/s]
Epoch 47/150:  52%|█████▏    | 233/449 [00:01<00:00, 220.43it/s]
Epoch 47/150:  57%|█████▋    | 256/449 [00:01<00:00, 212.57it/s]
Epoch 47/150:  63%|██████▎   | 283/449 [00:01<00:00, 228.55it/s]
Epoch 47/150:  68%|██████▊   | 307/449 [00:01<00:00, 212.88it/s]
Epoch 47/150:  75%|███████▍  | 335/449 [00:01<00:00, 228.82it/s]
Epoch 47/150:  80%|███████▉  | 359/449 [00:01<00:00, 217.56it/s]
Epoch 47/150:  86%|████████▌ | 385/449 [00:01<00:00, 227.87it/s]
Epoch 47/150:  91%|█████████ | 409/449 [00:01<00:00, 209.56it/s]
Epoch 47/150:  97%|█████████▋| 435/449 [00:02<00:00, 221.77it/s]
Epoch 47/150: 100%|██████████| 449/449 [00:02<00:00, 202.56it/s]

Epoch 48/150:   0%|          | 0/449 [00:00<?, ?it/s]
Epoch 48/150:   0%|          | 1/449 [00:00<00:53,  8.44it/s]
Epoch 48/150:   5%|▌         | 23/449 [00:00<00:03, 123.27it/s]
Epoch 48/150:  11%|█         | 49/449 [00:00<00:02, 182.28it/s]
Epoch 48/150:  15%|█▌        | 68/449 [00:00<00:02, 176.72it/s]
Epoch 48/150:  22%|██▏       | 97/449 [00:00<00:01, 212.57it/s]
Epoch 48/150:  27%|██▋       | 119/449 [00:00<00:01, 202.98it/s]
Epoch 48/150:  32%|███▏      | 145/449 [00:00<00:01, 219.41it/s]
Epoch 48/150:  37%|███▋      | 168/449 [00:00<00:01, 208.43it/s]
Epoch 48/150:  43%|████▎     | 194/449 [00:00<00:01, 221.14it/s]
Epoch 48/150:  48%|████▊     | 217/449 [00:01<00:01, 212.20it/s]
Epoch 48/150:  54%|█████▎    | 241/449 [00:01<00:00, 218.72it/s]
Epoch 48/150:  59%|█████▉    | 264/449 [00:01<00:00, 215.31it/s]
Epoch 48/150:  64%|██████▍   | 287/449 [00:01<00:00, 219.31it/s]
Epoch 48/150:  70%|██████▉   | 313/449 [00:01<00:00, 222.90it/s]
Epoch 48/150:  75%|███████▍  | 336/449 [00:01<00:00, 217.52it/s]
Epoch 48/150:  81%|████████  | 362/449 [00:01<00:00, 227.07it/s]
Epoch 48/150:  86%|████████▌ | 385/449 [00:01<00:00, 216.40it/s]
Epoch 48/150:  92%|█████████▏| 412/449 [00:01<00:00, 229.40it/s]
Epoch 48/150:  97%|█████████▋| 436/449 [00:02<00:00, 213.75it/s]
Epoch 48/150: 100%|██████████| 449/449 [00:02<00:00, 205.30it/s]

Epoch 49/150:   0%|          | 0/449 [00:00<?, ?it/s]
Epoch 49/150:   0%|          | 1/449 [00:00<00:51,  8.70it/s]
Epoch 49/150:   6%|▌         | 28/449 [00:00<00:02, 152.22it/s]
Epoch 49/150:  10%|█         | 47/449 [00:00<00:02, 167.34it/s]
Epoch 49/150:  16%|█▋        | 73/449 [00:00<00:01, 201.66it/s]
Epoch 49/150:  21%|██        | 94/449 [00:00<00:01, 200.48it/s]
Epoch 49/150:  26%|██▌       | 117/449 [00:00<00:01, 208.14it/s]
Epoch 49/150:  32%|███▏      | 142/449 [00:00<00:01, 216.84it/s]
Epoch 49/150:  37%|███▋      | 164/449 [00:00<00:01, 210.34it/s]
Epoch 49/150:  42%|████▏     | 190/449 [00:00<00:01, 220.78it/s]
Epoch 49/150:  47%|████▋     | 213/449 [00:01<00:01, 211.29it/s]
Epoch 49/150:  53%|█████▎    | 240/449 [00:01<00:00, 222.96it/s]
Epoch 49/150:  59%|█████▊    | 263/449 [00:01<00:00, 211.87it/s]
Epoch 49/150:  65%|██████▍   | 290/449 [00:01<00:00, 225.43it/s]
Epoch 49/150:  70%|██████▉   | 313/449 [00:01<00:00, 210.42it/s]
Epoch 49/150:  76%|███████▌  | 339/449 [00:01<00:00, 223.87it/s]
Epoch 49/150:  81%|████████  | 362/449 [00:01<00:00, 207.14it/s]
Epoch 49/150:  87%|████████▋ | 389/449 [00:01<00:00, 222.84it/s]
Epoch 49/150:  92%|█████████▏| 412/449 [00:02<00:00, 206.33it/s]
Epoch 49/150:  98%|█████████▊| 439/449 [00:02<00:00, 221.03it/s]
Epoch 49/150: 100%|██████████| 449/449 [00:02<00:00, 203.27it/s]

Epoch 50/150:   0%|          | 0/449 [00:00<?, ?it/s]
Epoch 50/150:   0%|          | 1/449 [00:00<00:52,  8.56it/s]
Epoch 50/150:   5%|▍         | 21/449 [00:00<00:03, 112.54it/s]
Epoch 50/150:  11%|█         | 50/449 [00:00<00:02, 188.35it/s]
Epoch 50/150:  16%|█▌        | 70/449 [00:00<00:02, 188.73it/s]
Epoch 50/150:  21%|██▏       | 96/449 [00:00<00:01, 212.21it/s]
Epoch 50/150:  26%|██▋       | 118/449 [00:00<00:01, 205.07it/s]
Epoch 50/150:  32%|███▏      | 142/449 [00:00<00:01, 214.61it/s]
Epoch 50/150:  37%|███▋      | 164/449 [00:00<00:01, 209.44it/s]
Epoch 50/150:  41%|████▏     | 186/449 [00:00<00:01, 208.97it/s]
Epoch 50/150:  47%|████▋     | 209/449 [00:01<00:01, 210.90it/s]
Epoch 50/150:  51%|█████▏    | 231/449 [00:01<00:01, 208.73it/s]
Epoch 50/150:  57%|█████▋    | 256/449 [00:01<00:00, 219.15it/s]
Epoch 50/150:  62%|██████▏   | 278/449 [00:01<00:00, 205.00it/s]
Epoch 50/150:  68%|██████▊   | 306/449 [00:01<00:00, 225.22it/s]
Epoch 50/150:  73%|███████▎  | 329/449 [00:01<00:00, 215.19it/s]
Epoch 50/150:  79%|███████▊  | 353/449 [00:01<00:00, 221.85it/s]
Epoch 50/150:  84%|████████▎ | 376/449 [00:01<00:00, 156.06it/s]
Epoch 50/150:  88%|████████▊ | 396/449 [00:02<00:00, 165.62it/s]
Epoch 50/150:  94%|█████████▍| 424/449 [00:02<00:00, 191.39it/s]
Epoch 50/150:  99%|█████████▉| 446/449 [00:02<00:00, 190.54it/s]
Epoch 50/150: 100%|██████████| 449/449 [00:02<00:00, 189.96it/s]

Epoch 51/150:   0%|          | 0/449 [00:00<?, ?it/s]
Epoch 51/150:   0%|          | 1/449 [00:00<00:51,  8.66it/s]
Epoch 51/150:   5%|▌         | 24/449 [00:00<00:03, 130.16it/s]
Epoch 51/150:  10%|█         | 45/449 [00:00<00:02, 165.04it/s]
Epoch 51/150:  14%|█▍        | 65/449 [00:00<00:02, 176.97it/s]
Epoch 51/150:  20%|██        | 92/449 [00:00<00:01, 207.85it/s]
Epoch 51/150:  25%|██▌       | 114/449 [00:00<00:01, 196.00it/s]
Epoch 51/150:  31%|███▏      | 141/449 [00:00<00:01, 216.60it/s]
Epoch 51/150:  36%|███▋      | 163/449 [00:00<00:01, 206.55it/s]
Epoch 51/150:  42%|████▏     | 188/449 [00:00<00:01, 218.47it/s]
Epoch 51/150:  47%|████▋     | 211/449 [00:01<00:01, 210.46it/s]
Epoch 51/150:  53%|█████▎    | 238/449 [00:01<00:00, 225.22it/s]
Epoch 51/150:  58%|█████▊    | 261/449 [00:01<00:00, 216.28it/s]
Epoch 51/150:  63%|██████▎   | 285/449 [00:01<00:00, 221.72it/s]
Epoch 51/150:  69%|██████▊   | 308/449 [00:01<00:00, 218.76it/s]
Epoch 51/150:  73%|███████▎  | 330/449 [00:01<00:00, 214.98it/s]
Epoch 51/150:  79%|███████▉  | 354/449 [00:01<00:00, 216.63it/s]
Epoch 51/150:  84%|████████▎ | 376/449 [00:01<00:00, 214.48it/s]
Epoch 51/150:  90%|████████▉ | 402/449 [00:01<00:00, 222.05it/s]
Epoch 51/150:  95%|█████████▍| 425/449 [00:02<00:00, 212.60it/s]
Epoch 51/150: 100%|██████████| 449/449 [00:02<00:00, 203.41it/s]

Epoch 52/150:   0%|          | 0/449 [00:00<?, ?it/s]
Epoch 52/150:   0%|          | 1/449 [00:00<00:51,  8.70it/s]
Epoch 52/150:   5%|▍         | 22/449 [00:00<00:03, 118.94it/s]
Epoch 52/150:  10%|█         | 47/449 [00:00<00:02, 173.90it/s]
Epoch 52/150:  16%|█▌        | 71/449 [00:00<00:01, 193.64it/s]
Epoch 52/150:  20%|██        | 91/449 [00:00<00:01, 193.11it/s]
Epoch 52/150:  26%|██▋       | 118/449 [00:00<00:01, 216.57it/s]
Epoch 52/150:  31%|███       | 140/449 [00:00<00:01, 199.69it/s]
Epoch 52/150:  37%|███▋      | 166/449 [00:00<00:01, 216.15it/s]
Epoch 52/150:  42%|████▏     | 188/449 [00:00<00:01, 204.42it/s]
Epoch 52/150:  48%|████▊     | 214/449 [00:01<00:01, 218.24it/s]
Epoch 52/150:  53%|█████▎    | 237/449 [00:01<00:01, 207.44it/s]
Epoch 52/150:  58%|█████▊    | 262/449 [00:01<00:00, 219.21it/s]
Epoch 52/150:  63%|██████▎   | 285/449 [00:01<00:00, 211.49it/s]
Epoch 52/150:  69%|██████▉   | 310/449 [00:01<00:00, 221.79it/s]
Epoch 52/150:  74%|███████▍  | 333/449 [00:01<00:00, 216.44it/s]
Epoch 52/150:  80%|███████▉  | 357/449 [00:01<00:00, 220.93it/s]
Epoch 52/150:  85%|████████▍ | 380/449 [00:01<00:00, 220.06it/s]
Epoch 52/150:  90%|████████▉ | 403/449 [00:01<00:00, 220.32it/s]
Epoch 52/150:  96%|█████████▌| 429/449 [00:02<00:00, 231.08it/s]
Epoch 52/150: 100%|██████████| 449/449 [00:02<00:00, 201.61it/s]

Epoch 53/150:   0%|          | 0/449 [00:00<?, ?it/s]
Epoch 53/150:   0%|          | 1/449 [00:00<00:59,  7.57it/s]
Epoch 53/150:   6%|▌         | 28/449 [00:00<00:02, 141.82it/s]
Epoch 53/150:  11%|█         | 48/449 [00:00<00:02, 164.71it/s]
Epoch 53/150:  16%|█▌        | 72/449 [00:00<00:01, 191.31it/s]
Epoch 53/150:  21%|██▏       | 96/449 [00:00<00:01, 201.58it/s]
Epoch 53/150:  26%|██▌       | 117/449 [00:00<00:01, 201.15it/s]
Epoch 53/150:  32%|███▏      | 143/449 [00:00<00:01, 218.79it/s]
Epoch 53/150:  37%|███▋      | 166/449 [00:00<00:01, 207.01it/s]
Epoch 53/150:  43%|████▎     | 193/449 [00:00<00:01, 224.38it/s]
Epoch 53/150:  48%|████▊     | 216/449 [00:01<00:01, 209.90it/s]
Epoch 53/150:  54%|█████▍    | 243/449 [00:01<00:00, 226.16it/s]
Epoch 53/150:  59%|█████▉    | 267/449 [00:01<00:00, 215.06it/s]
Epoch 53/150:  65%|██████▌   | 292/449 [00:01<00:00, 223.47it/s]
Epoch 53/150:  70%|███████   | 315/449 [00:01<00:00, 208.95it/s]
Epoch 53/150:  76%|███████▌  | 340/449 [00:01<00:00, 218.86it/s]
Epoch 53/150:  81%|████████  | 363/449 [00:01<00:00, 208.98it/s]
Epoch 53/150:  86%|████████▋ | 388/449 [00:01<00:00, 218.92it/s]
Epoch 53/150:  92%|█████████▏| 411/449 [00:02<00:00, 209.48it/s]
Epoch 53/150:  97%|█████████▋| 435/449 [00:02<00:00, 216.79it/s]
Epoch 53/150: 100%|██████████| 449/449 [00:02<00:00, 202.20it/s]

Epoch 54/150:   0%|          | 0/449 [00:00<?, ?it/s]
Epoch 54/150:   0%|          | 1/449 [00:00<00:53,  8.40it/s]
Epoch 54/150:   5%|▍         | 21/449 [00:00<00:03, 112.39it/s]
Epoch 54/150:  10%|█         | 45/449 [00:00<00:02, 167.10it/s]
Epoch 54/150:  15%|█▌        | 69/449 [00:00<00:01, 194.02it/s]
Epoch 54/150:  20%|█▉        | 89/449 [00:00<00:01, 192.64it/s]
Epoch 54/150:  26%|██▌       | 115/449 [00:00<00:01, 213.37it/s]
Epoch 54/150:  31%|███       | 137/449 [00:00<00:01, 198.11it/s]
Epoch 54/150:  37%|███▋      | 164/449 [00:00<00:01, 218.32it/s]
Epoch 54/150:  42%|████▏     | 187/449 [00:00<00:01, 204.16it/s]
Epoch 54/150:  47%|████▋     | 213/449 [00:01<00:01, 218.60it/s]
Epoch 54/150:  53%|█████▎    | 236/449 [00:01<00:01, 208.02it/s]
Epoch 54/150:  59%|█████▊    | 263/449 [00:01<00:00, 223.67it/s]
Epoch 54/150:  64%|██████▎   | 286/449 [00:01<00:00, 209.67it/s]
Epoch 54/150:  70%|██████▉   | 313/449 [00:01<00:00, 225.45it/s]
Epoch 54/150:  75%|███████▍  | 336/449 [00:01<00:00, 208.50it/s]
Epoch 54/150:  81%|████████  | 363/449 [00:01<00:00, 224.06it/s]
Epoch 54/150:  86%|████████▌ | 386/449 [00:01<00:00, 216.08it/s]
Epoch 54/150:  92%|█████████▏| 412/449 [00:01<00:00, 225.58it/s]
Epoch 54/150:  97%|█████████▋| 435/449 [00:02<00:00, 212.08it/s]
Epoch 54/150: 100%|██████████| 449/449 [00:02<00:00, 201.05it/s]

Epoch 55/150:   0%|          | 0/449 [00:00<?, ?it/s]
Epoch 55/150:   0%|          | 1/449 [00:00<00:52,  8.53it/s]
Epoch 55/150:   6%|▌         | 28/449 [00:00<00:02, 151.93it/s]
Epoch 55/150:  10%|█         | 46/449 [00:00<00:02, 161.93it/s]
Epoch 55/150:  16%|█▌        | 71/449 [00:00<00:01, 193.96it/s]
Epoch 55/150:  20%|██        | 92/449 [00:00<00:01, 199.08it/s]
Epoch 55/150:  25%|██▌       | 114/449 [00:00<00:01, 204.58it/s]
Epoch 55/150:  31%|███       | 139/449 [00:00<00:01, 217.94it/s]
Epoch 55/150:  36%|███▌      | 161/449 [00:00<00:01, 208.59it/s]
Epoch 55/150:  42%|████▏     | 189/449 [00:00<00:01, 227.28it/s]
Epoch 55/150:  47%|████▋     | 212/449 [00:01<00:01, 213.10it/s]
Epoch 55/150:  53%|█████▎    | 240/449 [00:01<00:00, 229.82it/s]
Epoch 55/150:  59%|█████▉    | 264/449 [00:01<00:00, 211.25it/s]
Epoch 55/150:  65%|██████▌   | 292/449 [00:01<00:00, 227.46it/s]
Epoch 55/150:  70%|███████   | 316/449 [00:01<00:00, 213.88it/s]
Epoch 55/150:  77%|███████▋  | 344/449 [00:01<00:00, 229.70it/s]
Epoch 55/150:  82%|████████▏ | 368/449 [00:01<00:00, 214.64it/s]
Epoch 55/150:  88%|████████▊ | 396/449 [00:01<00:00, 231.25it/s]
Epoch 55/150:  94%|█████████▎| 420/449 [00:02<00:00, 215.97it/s]
Epoch 55/150: 100%|██████████| 449/449 [00:02<00:00, 233.05it/s]
Epoch 55/150: 100%|██████████| 449/449 [00:02<00:00, 207.29it/s]

Epoch 56/150:   0%|          | 0/449 [00:00<?, ?it/s]
Epoch 56/150:   0%|          | 1/449 [00:00<00:52,  8.60it/s]
Epoch 56/150:   5%|▍         | 22/449 [00:00<00:03, 117.74it/s]
Epoch 56/150:  10%|█         | 46/449 [00:00<00:02, 168.93it/s]
Epoch 56/150:  16%|█▋        | 73/449 [00:00<00:01, 205.36it/s]
Epoch 56/150:  21%|██        | 94/449 [00:00<00:01, 194.73it/s]
Epoch 56/150:  27%|██▋       | 121/449 [00:00<00:01, 217.17it/s]
Epoch 56/150:  32%|███▏      | 144/449 [00:00<00:01, 206.04it/s]
Epoch 56/150:  38%|███▊      | 169/449 [00:00<00:01, 218.34it/s]
Epoch 56/150:  43%|████▎     | 192/449 [00:00<00:01, 208.59it/s]
Epoch 56/150:  49%|████▊     | 218/449 [00:01<00:01, 222.85it/s]
Epoch 56/150:  54%|█████▎    | 241/449 [00:01<00:00, 211.54it/s]
Epoch 56/150:  59%|█████▉    | 266/449 [00:01<00:00, 221.18it/s]
Epoch 56/150:  64%|██████▍   | 289/449 [00:01<00:00, 216.66it/s]
Epoch 56/150:  69%|██████▉   | 312/449 [00:01<00:00, 220.18it/s]
Epoch 56/150:  75%|███████▍  | 336/449 [00:01<00:00, 221.25it/s]
Epoch 56/150:  80%|███████▉  | 359/449 [00:01<00:00, 215.69it/s]
Epoch 56/150:  86%|████████▌ | 385/449 [00:01<00:00, 227.43it/s]
Epoch 56/150:  91%|█████████ | 408/449 [00:01<00:00, 213.13it/s]
Epoch 56/150:  97%|█████████▋| 435/449 [00:02<00:00, 227.23it/s]
Epoch 56/150: 100%|██████████| 449/449 [00:02<00:00, 203.24it/s]

Epoch 57/150:   0%|          | 0/449 [00:00<?, ?it/s]
Epoch 57/150:   0%|          | 1/449 [00:00<00:54,  8.16it/s]
Epoch 57/150:   5%|▌         | 23/449 [00:00<00:03, 121.73it/s]
Epoch 57/150:  11%|█         | 48/449 [00:00<00:02, 176.82it/s]
Epoch 57/150:  15%|█▍        | 67/449 [00:00<00:02, 171.40it/s]
Epoch 57/150:  21%|██        | 94/449 [00:00<00:01, 202.20it/s]
Epoch 57/150:  26%|██▌       | 115/449 [00:00<00:01, 195.54it/s]
Epoch 57/150:  31%|███       | 140/449 [00:00<00:01, 210.04it/s]
Epoch 57/150:  36%|███▌      | 162/449 [00:00<00:01, 201.52it/s]
Epoch 57/150:  42%|████▏     | 188/449 [00:00<00:01, 216.83it/s]
Epoch 57/150:  47%|████▋     | 210/449 [00:01<00:01, 207.06it/s]
Epoch 57/150:  52%|█████▏    | 235/449 [00:01<00:00, 218.28it/s]
Epoch 57/150:  57%|█████▋    | 258/449 [00:01<00:00, 212.12it/s]
Epoch 57/150:  63%|██████▎   | 282/449 [00:01<00:00, 218.77it/s]
Epoch 57/150:  68%|██████▊   | 305/449 [00:01<00:00, 218.05it/s]
Epoch 57/150:  73%|███████▎  | 327/449 [00:01<00:00, 215.08it/s]
Epoch 57/150:  78%|███████▊  | 352/449 [00:01<00:00, 224.43it/s]
Epoch 57/150:  84%|████████▎ | 375/449 [00:01<00:00, 213.33it/s]
Epoch 57/150:  90%|████████▉ | 402/449 [00:01<00:00, 227.71it/s]
Epoch 57/150:  95%|█████████▍| 425/449 [00:02<00:00, 211.80it/s]
Epoch 57/150: 100%|██████████| 449/449 [00:02<00:00, 202.07it/s]

Epoch 58/150:   0%|          | 0/449 [00:00<?, ?it/s]
Epoch 58/150:   0%|          | 1/449 [00:00<00:53,  8.44it/s]
Epoch 58/150:   5%|▍         | 22/449 [00:00<00:03, 117.30it/s]
Epoch 58/150:  10%|█         | 45/449 [00:00<00:02, 166.01it/s]
Epoch 58/150:  16%|█▋        | 73/449 [00:00<00:01, 207.13it/s]
Epoch 58/150:  21%|██        | 95/449 [00:00<00:01, 196.09it/s]
Epoch 58/150:  27%|██▋       | 122/449 [00:00<00:01, 218.85it/s]
Epoch 58/150:  32%|███▏      | 145/449 [00:00<00:01, 208.08it/s]
Epoch 58/150:  38%|███▊      | 172/449 [00:00<00:01, 225.29it/s]
Epoch 58/150:  43%|████▎     | 195/449 [00:01<00:01, 209.02it/s]
Epoch 58/150:  49%|████▉     | 222/449 [00:01<00:01, 224.22it/s]
Epoch 58/150:  55%|█████▍    | 245/449 [00:01<00:00, 213.06it/s]
Epoch 58/150:  60%|██████    | 270/449 [00:01<00:00, 222.63it/s]
Epoch 58/150:  65%|██████▌   | 293/449 [00:01<00:00, 213.43it/s]
Epoch 58/150:  70%|███████   | 316/449 [00:01<00:00, 217.65it/s]
Epoch 58/150:  75%|███████▌  | 338/449 [00:01<00:00, 212.64it/s]
Epoch 58/150:  80%|████████  | 360/449 [00:01<00:00, 213.42it/s]
Epoch 58/150:  85%|████████▌ | 383/449 [00:01<00:00, 213.65it/s]
Epoch 58/150:  90%|█████████ | 405/449 [00:01<00:00, 208.61it/s]
Epoch 58/150:  96%|█████████▌| 431/449 [00:02<00:00, 222.25it/s]
Epoch 58/150: 100%|██████████| 449/449 [00:02<00:00, 202.21it/s]

Epoch 59/150:   0%|          | 0/449 [00:00<?, ?it/s]
Epoch 59/150:   0%|          | 1/449 [00:00<00:52,  8.61it/s]
Epoch 59/150:   6%|▌         | 25/449 [00:00<00:03, 135.88it/s]
Epoch 59/150:  10%|█         | 47/449 [00:00<00:02, 169.15it/s]
Epoch 59/150:  15%|█▌        | 69/449 [00:00<00:02, 186.62it/s]
Epoch 59/150:  21%|██        | 94/449 [00:00<00:01, 206.87it/s]
Epoch 59/150:  26%|██▌       | 115/449 [00:00<00:01, 198.31it/s]
Epoch 59/150:  32%|███▏      | 142/449 [00:00<00:01, 219.97it/s]
Epoch 59/150:  37%|███▋      | 165/449 [00:00<00:01, 206.79it/s]
Epoch 59/150:  43%|████▎     | 192/449 [00:00<00:01, 224.57it/s]
Epoch 59/150:  48%|████▊     | 215/449 [00:01<00:01, 212.67it/s]
Epoch 59/150:  54%|█████▎    | 241/449 [00:01<00:00, 223.31it/s]
Epoch 59/150:  59%|█████▉    | 264/449 [00:01<00:00, 211.67it/s]
Epoch 59/150:  64%|██████▎   | 286/449 [00:01<00:01, 150.40it/s]
Epoch 59/150:  70%|██████▉   | 313/449 [00:01<00:00, 175.98it/s]
Epoch 59/150:  74%|███████▍  | 334/449 [00:01<00:00, 177.86it/s]
Epoch 59/150:  80%|███████▉  | 359/449 [00:01<00:00, 194.53it/s]
Epoch 59/150:  85%|████████▍ | 381/449 [00:02<00:00, 189.77it/s]
Epoch 59/150:  90%|█████████ | 406/449 [00:02<00:00, 204.99it/s]
Epoch 59/150:  95%|█████████▌| 428/449 [00:02<00:00, 200.61it/s]
Epoch 59/150: 100%|██████████| 449/449 [00:02<00:00, 189.54it/s]

Epoch 60/150:   0%|          | 0/449 [00:00<?, ?it/s]
Epoch 60/150:   0%|          | 1/449 [00:00<00:51,  8.76it/s]
Epoch 60/150:   6%|▋         | 29/449 [00:00<00:02, 156.30it/s]
Epoch 60/150:  10%|█         | 47/449 [00:00<00:02, 163.39it/s]
Epoch 60/150:  16%|█▌        | 72/449 [00:00<00:01, 194.67it/s]
Epoch 60/150:  20%|██        | 92/449 [00:00<00:01, 194.73it/s]
Epoch 60/150:  26%|██▌       | 115/449 [00:00<00:01, 204.65it/s]
Epoch 60/150:  31%|███       | 138/449 [00:00<00:01, 211.57it/s]
Epoch 60/150:  36%|███▌      | 160/449 [00:00<00:01, 208.27it/s]
Epoch 60/150:  41%|████▏     | 186/449 [00:00<00:01, 222.56it/s]
Epoch 60/150:  47%|████▋     | 209/449 [00:01<00:01, 206.76it/s]
Epoch 60/150:  53%|█████▎    | 236/449 [00:01<00:00, 222.73it/s]
Epoch 60/150:  58%|█████▊    | 259/449 [00:01<00:00, 209.32it/s]
Epoch 60/150:  64%|██████▎   | 286/449 [00:01<00:00, 224.58it/s]
Epoch 60/150:  69%|██████▉   | 309/449 [00:01<00:00, 212.60it/s]
Epoch 60/150:  74%|███████▍  | 334/449 [00:01<00:00, 222.30it/s]
Epoch 60/150:  80%|███████▉  | 357/449 [00:01<00:00, 211.56it/s]
Epoch 60/150:  85%|████████▌ | 382/449 [00:01<00:00, 221.65it/s]
Epoch 60/150:  90%|█████████ | 405/449 [00:01<00:00, 211.76it/s]
Epoch 60/150:  96%|█████████▌| 430/449 [00:02<00:00, 221.62it/s]
Epoch 60/150: 100%|██████████| 449/449 [00:02<00:00, 202.81it/s]

Epoch 61/150:   0%|          | 0/449 [00:00<?, ?it/s]
Epoch 61/150:   0%|          | 1/449 [00:00<00:51,  8.70it/s]
Epoch 61/150:   4%|▍         | 20/449 [00:00<00:04, 106.96it/s]
Epoch 61/150:  11%|█         | 48/449 [00:00<00:02, 181.19it/s]
Epoch 61/150:  15%|█▍        | 67/449 [00:00<00:02, 181.98it/s]
Epoch 61/150:  20%|██        | 92/449 [00:00<00:01, 203.77it/s]
Epoch 61/150:  25%|██▌       | 113/449 [00:00<00:01, 196.93it/s]
Epoch 61/150:  31%|███       | 137/449 [00:00<00:01, 209.83it/s]
Epoch 61/150:  35%|███▌      | 159/449 [00:00<00:01, 207.86it/s]
Epoch 61/150:  40%|████      | 181/449 [00:00<00:01, 211.07it/s]
Epoch 61/150:  46%|████▌     | 206/449 [00:01<00:01, 219.13it/s]
Epoch 61/150:  51%|█████     | 228/449 [00:01<00:01, 211.01it/s]
Epoch 61/150:  57%|█████▋    | 254/449 [00:01<00:00, 224.78it/s]
Epoch 61/150:  62%|██████▏   | 277/449 [00:01<00:00, 211.81it/s]
Epoch 61/150:  68%|██████▊   | 304/449 [00:01<00:00, 225.55it/s]
Epoch 61/150:  73%|███████▎  | 327/449 [00:01<00:00, 210.20it/s]
Epoch 61/150:  79%|███████▉  | 354/449 [00:01<00:00, 223.96it/s]
Epoch 61/150:  84%|████████▍ | 377/449 [00:01<00:00, 208.04it/s]
Epoch 61/150:  90%|████████▉ | 404/449 [00:01<00:00, 222.38it/s]
Epoch 61/150:  95%|█████████▌| 427/449 [00:02<00:00, 215.91it/s]
Epoch 61/150: 100%|██████████| 449/449 [00:02<00:00, 202.92it/s]

Epoch 62/150:   0%|          | 0/449 [00:00<?, ?it/s]
Epoch 62/150:   0%|          | 1/449 [00:00<00:52,  8.48it/s]
Epoch 62/150:   6%|▌         | 27/449 [00:00<00:02, 144.43it/s]
Epoch 62/150:  10%|█         | 46/449 [00:00<00:02, 163.44it/s]
Epoch 62/150:  16%|█▌        | 72/449 [00:00<00:01, 199.23it/s]
Epoch 62/150:  21%|██        | 93/449 [00:00<00:01, 196.47it/s]
Epoch 62/150:  26%|██▌       | 116/449 [00:00<00:01, 207.39it/s]
Epoch 62/150:  31%|███       | 138/449 [00:00<00:01, 207.52it/s]
Epoch 62/150:  35%|███▌      | 159/449 [00:00<00:01, 205.10it/s]
Epoch 62/150:  41%|████▏     | 186/449 [00:00<00:01, 221.84it/s]
Epoch 62/150:  47%|████▋     | 209/449 [00:01<00:01, 211.80it/s]
Epoch 62/150:  53%|█████▎    | 236/449 [00:01<00:00, 227.73it/s]
Epoch 62/150:  58%|█████▊    | 259/449 [00:01<00:00, 212.55it/s]
Epoch 62/150:  64%|██████▎   | 286/449 [00:01<00:00, 226.77it/s]
Epoch 62/150:  69%|██████▉   | 309/449 [00:01<00:00, 212.27it/s]
Epoch 62/150:  75%|███████▌  | 337/449 [00:01<00:00, 229.38it/s]
Epoch 62/150:  80%|████████  | 361/449 [00:01<00:00, 222.11it/s]
Epoch 62/150:  87%|████████▋ | 390/449 [00:01<00:00, 238.96it/s]
Epoch 62/150:  92%|█████████▏| 415/449 [00:01<00:00, 226.37it/s]
Epoch 62/150:  98%|█████████▊| 440/449 [00:02<00:00, 231.82it/s]
Epoch 62/150: 100%|██████████| 449/449 [00:02<00:00, 208.47it/s]

Epoch 63/150:   0%|          | 0/449 [00:00<?, ?it/s]
Epoch 63/150:   0%|          | 1/449 [00:00<00:52,  8.57it/s]
Epoch 63/150:   5%|▍         | 22/449 [00:00<00:03, 117.38it/s]
Epoch 63/150:  10%|█         | 47/449 [00:00<00:02, 173.72it/s]
Epoch 63/150:  16%|█▌        | 72/449 [00:00<00:01, 195.50it/s]
Epoch 63/150:  21%|██        | 93/449 [00:00<00:01, 197.98it/s]
Epoch 63/150:  27%|██▋       | 120/449 [00:00<00:01, 219.64it/s]
Epoch 63/150:  32%|███▏      | 143/449 [00:00<00:01, 206.14it/s]
Epoch 63/150:  38%|███▊      | 170/449 [00:00<00:01, 223.67it/s]
Epoch 63/150:  43%|████▎     | 193/449 [00:00<00:01, 211.17it/s]
Epoch 63/150:  49%|████▉     | 221/449 [00:01<00:01, 227.98it/s]
Epoch 63/150:  55%|█████▍    | 245/449 [00:01<00:00, 213.64it/s]
Epoch 63/150:  60%|██████    | 271/449 [00:01<00:00, 225.39it/s]
Epoch 63/150:  65%|██████▌   | 294/449 [00:01<00:00, 210.65it/s]
Epoch 63/150:  71%|███████▏  | 321/449 [00:01<00:00, 226.01it/s]
Epoch 63/150:  77%|███████▋  | 345/449 [00:01<00:00, 211.93it/s]
Epoch 63/150:  83%|████████▎ | 372/449 [00:01<00:00, 227.49it/s]
Epoch 63/150:  88%|████████▊ | 396/449 [00:01<00:00, 212.45it/s]
Epoch 63/150:  94%|█████████▍| 423/449 [00:02<00:00, 225.46it/s]
Epoch 63/150: 100%|█████████▉| 447/449 [00:02<00:00, 211.18it/s]
Epoch 63/150: 100%|██████████| 449/449 [00:02<00:00, 203.09it/s]

Epoch 64/150:   0%|          | 0/449 [00:00<?, ?it/s]
Epoch 64/150:   0%|          | 1/449 [00:00<00:51,  8.70it/s]
Epoch 64/150:   6%|▌         | 28/449 [00:00<00:02, 150.37it/s]
Epoch 64/150:  10%|█         | 47/449 [00:00<00:02, 167.23it/s]
Epoch 64/150:  16%|█▌        | 70/449 [00:00<00:01, 190.50it/s]
Epoch 64/150:  21%|██        | 93/449 [00:00<00:01, 201.20it/s]
Epoch 64/150:  25%|██▌       | 114/449 [00:00<00:01, 203.16it/s]
Epoch 64/150:  31%|███       | 140/449 [00:00<00:01, 218.39it/s]
Epoch 64/150:  36%|███▌      | 162/449 [00:00<00:01, 205.50it/s]
Epoch 64/150:  42%|████▏     | 188/449 [00:00<00:01, 220.09it/s]
Epoch 64/150:  47%|████▋     | 211/449 [00:01<00:01, 209.14it/s]
Epoch 64/150:  53%|█████▎    | 239/449 [00:01<00:00, 228.67it/s]
Epoch 64/150:  59%|█████▊    | 263/449 [00:01<00:00, 213.47it/s]
Epoch 64/150:  65%|██████▍   | 291/449 [00:01<00:00, 230.53it/s]
Epoch 64/150:  70%|███████   | 315/449 [00:01<00:00, 218.89it/s]
Epoch 64/150:  76%|███████▌  | 341/449 [00:01<00:00, 229.88it/s]
Epoch 64/150:  81%|████████▏ | 365/449 [00:01<00:00, 216.87it/s]
Epoch 64/150:  87%|████████▋ | 391/449 [00:01<00:00, 227.12it/s]
Epoch 64/150:  92%|█████████▏| 415/449 [00:01<00:00, 218.15it/s]
Epoch 64/150:  98%|█████████▊| 440/449 [00:02<00:00, 225.55it/s]
Epoch 64/150: 100%|██████████| 449/449 [00:02<00:00, 206.82it/s]
Applying augmentations: ['dtwwarp', 'spawner'] (this might take a while)...
Augmentations ['dtwwarp', 'spawner'] applied successfully.
Fold 0 | Input Dim: 70 | Train: 14367, Val: 720, Test: 1347
Epoch 1, Train Loss: 0.1977, Train F1: 0.5713, Val F1: 0.6060, LR: 0.000040
✅ Model Saved (Best F1-score)
Epoch 2, Train Loss: 0.1839, Train F1: 0.6256, Val F1: 0.6469, LR: 0.000060
✅ Model Saved (Best F1-score)
Epoch 3, Train Loss: 0.1781, Train F1: 0.6458, Val F1: 0.6284, LR: 0.000080
Epoch 4, Train Loss: 0.1734, Train F1: 0.6619, Val F1: 0.6585, LR: 0.000100
✅ Model Saved (Best F1-score)
Epoch 5, Train Loss: 0.1706, Train F1: 0.6725, Val F1: 0.6767, LR: 0.000100
✅ Model Saved (Best F1-score)
Epoch 6, Train Loss: 0.1672, Train F1: 0.6816, Val F1: 0.6565, LR: 0.000100
Epoch 7, Train Loss: 0.1643, Train F1: 0.6909, Val F1: 0.6646, LR: 0.000100
Epoch 8, Train Loss: 0.1614, Train F1: 0.6985, Val F1: 0.6619, LR: 0.000100
Epoch 9, Train Loss: 0.1582, Train F1: 0.7028, Val F1: 0.6894, LR: 0.000100
✅ Model Saved (Best F1-score)
Epoch 10, Train Loss: 0.1562, Train F1: 0.7107, Val F1: 0.6726, LR: 0.000100
Epoch 11, Train Loss: 0.1540, Train F1: 0.7126, Val F1: 0.6879, LR: 0.000100
Epoch 12, Train Loss: 0.1506, Train F1: 0.7224, Val F1: 0.6847, LR: 0.000099
Epoch 13, Train Loss: 0.1482, Train F1: 0.7244, Val F1: 0.6835, LR: 0.000099
Epoch 14, Train Loss: 0.1460, Train F1: 0.7294, Val F1: 0.6903, LR: 0.000099
✅ Model Saved (Best F1-score)
Epoch 15, Train Loss: 0.1429, Train F1: 0.7364, Val F1: 0.6819, LR: 0.000099
Epoch 16, Train Loss: 0.1403, Train F1: 0.7404, Val F1: 0.6738, LR: 0.000099
Epoch 17, Train Loss: 0.1376, Train F1: 0.7452, Val F1: 0.6427, LR: 0.000098
Epoch 18, Train Loss: 0.1338, Train F1: 0.7520, Val F1: 0.6713, LR: 0.000098
Epoch 19, Train Loss: 0.1310, Train F1: 0.7588, Val F1: 0.6704, LR: 0.000098
Epoch 20, Train Loss: 0.1278, Train F1: 0.7621, Val F1: 0.6533, LR: 0.000097
Epoch 21, Train Loss: 0.1246, Train F1: 0.7689, Val F1: 0.6532, LR: 0.000097
Epoch 22, Train Loss: 0.1213, Train F1: 0.7759, Val F1: 0.6458, LR: 0.000097
Epoch 23, Train Loss: 0.1185, Train F1: 0.7799, Val F1: 0.6495, LR: 0.000096
Epoch 24, Train Loss: 0.1153, Train F1: 0.7881, Val F1: 0.6430, LR: 0.000096
Epoch 25, Train Loss: 0.1128, Train F1: 0.7911, Val F1: 0.6482, LR: 0.000095
Epoch 26, Train Loss: 0.1093, Train F1: 0.7961, Val F1: 0.6429, LR: 0.000095
Epoch 27, Train Loss: 0.1064, Train F1: 0.7978, Val F1: 0.6468, LR: 0.000094
Epoch 28, Train Loss: 0.1026, Train F1: 0.8073, Val F1: 0.6318, LR: 0.000094
Epoch 29, Train Loss: 0.1014, Train F1: 0.8089, Val F1: 0.6439, LR: 0.000093
Epoch 30, Train Loss: 0.0976, Train F1: 0.8167, Val F1: 0.6541, LR: 0.000093
Epoch 31, Train Loss: 0.0957, Train F1: 0.8191, Val F1: 0.6372, LR: 0.000092
Epoch 32, Train Loss: 0.0935, Train F1: 0.8256, Val F1: 0.6267, LR: 0.000092
Epoch 33, Train Loss: 0.0898, Train F1: 0.8302, Val F1: 0.6206, LR: 0.000091
Epoch 34, Train Loss: 0.0883, Train F1: 0.8350, Val F1: 0.6222, LR: 0.000090
Epoch 35, Train Loss: 0.0851, Train F1: 0.8414, Val F1: 0.6360, LR: 0.000090
Epoch 36, Train Loss: 0.0818, Train F1: 0.8465, Val F1: 0.6197, LR: 0.000089
Epoch 37, Train Loss: 0.0802, Train F1: 0.8488, Val F1: 0.6244, LR: 0.000088
Epoch 38, Train Loss: 0.0787, Train F1: 0.8515, Val F1: 0.6291, LR: 0.000088
Epoch 39, Train Loss: 0.0752, Train F1: 0.8576, Val F1: 0.6201, LR: 0.000087
Epoch 40, Train Loss: 0.0744, Train F1: 0.8590, Val F1: 0.6165, LR: 0.000086
Epoch 41, Train Loss: 0.0720, Train F1: 0.8660, Val F1: 0.6212, LR: 0.000086
Epoch 42, Train Loss: 0.0695, Train F1: 0.8684, Val F1: 0.6103, LR: 0.000085
Epoch 43, Train Loss: 0.0681, Train F1: 0.8728, Val F1: 0.6044, LR: 0.000084
Epoch 44, Train Loss: 0.0654, Train F1: 0.8783, Val F1: 0.6126, LR: 0.000083
Epoch 45, Train Loss: 0.0647, Train F1: 0.8801, Val F1: 0.6154, LR: 0.000082
Epoch 46, Train Loss: 0.0617, Train F1: 0.8835, Val F1: 0.6408, LR: 0.000082
Epoch 47, Train Loss: 0.0599, Train F1: 0.8881, Val F1: 0.6131, LR: 0.000081
Epoch 48, Train Loss: 0.0579, Train F1: 0.8925, Val F1: 0.6077, LR: 0.000080
Epoch 49, Train Loss: 0.0578, Train F1: 0.8931, Val F1: 0.6108, LR: 0.000079
Epoch 50, Train Loss: 0.0560, Train F1: 0.8972, Val F1: 0.6068, LR: 0.000078
Epoch 51, Train Loss: 0.0534, Train F1: 0.9022, Val F1: 0.6153, LR: 0.000077
Epoch 52, Train Loss: 0.0524, Train F1: 0.9050, Val F1: 0.6196, LR: 0.000076
Epoch 53, Train Loss: 0.0508, Train F1: 0.9081, Val F1: 0.6147, LR: 0.000075
Epoch 54, Train Loss: 0.0480, Train F1: 0.9120, Val F1: 0.6143, LR: 0.000074
Epoch 55, Train Loss: 0.0473, Train F1: 0.9144, Val F1: 0.6122, LR: 0.000073
Epoch 56, Train Loss: 0.0462, Train F1: 0.9169, Val F1: 0.6033, LR: 0.000072
Epoch 57, Train Loss: 0.0445, Train F1: 0.9198, Val F1: 0.6130, LR: 0.000071
Epoch 58, Train Loss: 0.0442, Train F1: 0.9210, Val F1: 0.6143, LR: 0.000071
Epoch 59, Train Loss: 0.0426, Train F1: 0.9243, Val F1: 0.6246, LR: 0.000070
Epoch 60, Train Loss: 0.0413, Train F1: 0.9287, Val F1: 0.6195, LR: 0.000069
Epoch 61, Train Loss: 0.0403, Train F1: 0.9286, Val F1: 0.6213, LR: 0.000067
Epoch 62, Train Loss: 0.0384, Train F1: 0.9323, Val F1: 0.6106, LR: 0.000066
Epoch 63, Train Loss: 0.0384, Train F1: 0.9325, Val F1: 0.6182, LR: 0.000065
Epoch 64, Train Loss: 0.0360, Train F1: 0.9370, Val F1: 0.6034, LR: 0.000064
⏹️ Early Stopping Triggered
Fold 0 Test F1: 0.6729, Accuracy: 0.3771, cost 1.3401708340945736e-05 sec

✅ F1 scores from each Fold:
Fold 0: Macro F1 = 0.6729, Accuracy: 0.3771, cost time = 0.000013 sec
  - Correct: F1 = 0.4979
  - Far from the shins: F1 = 0.7185
  - Hips rise first: F1 = 0.6849
  - Collide with the knees: F1 = 0.6149
  - Lower back rounding: F1 = 0.6735

📊 Average F1 Score: 0.6729 ± 0.0000
  Average F1 Score per Class:
  - Correct: 0.4979 ± 0.0000
  - Far from the shins: 0.7185 ± 0.0000
  - Hips rise first: 0.6849 ± 0.0000
  - Collide with the knees: 0.6149 ± 0.0000
  - Lower back rounding: 0.6735 ± 0.0000
🏆 Best F1: 0.6729 from Fold 0
📁 Best model saved at: ./models/deadlift/TST_Deadlift_3D/dtwwarp_spawner/PatchTST_model_fold0.pth

✅ 寫入完成：./models/deadlift/TST_Deadlift_3D/dtwwarp_spawner/results_summary.txt
Starting dtwwarp+shapedtw

  0%|          | 0/4789 [00:00<?, ?it/s]
  2%|▏         | 84/4789 [00:00<00:05, 832.68it/s]
  4%|▎         | 168/4789 [00:00<00:05, 825.57it/s]
  5%|▌         | 253/4789 [00:00<00:05, 832.77it/s]
  7%|▋         | 337/4789 [00:00<00:05, 825.52it/s]
  9%|▉         | 421/4789 [00:00<00:05, 830.46it/s]
 11%|█         | 505/4789 [00:00<00:05, 825.20it/s]
 12%|█▏        | 590/4789 [00:00<00:05, 830.45it/s]
 14%|█▍        | 674/4789 [00:00<00:04, 826.53it/s]
 16%|█▌        | 758/4789 [00:00<00:04, 828.84it/s]
 18%|█▊        | 842/4789 [00:01<00:04, 829.50it/s]
 19%|█▉        | 925/4789 [00:01<00:04, 828.73it/s]
 21%|██        | 1009/4789 [00:01<00:04, 830.14it/s]
 23%|██▎       | 1093/4789 [00:01<00:04, 829.55it/s]
 25%|██▍       | 1178/4789 [00:01<00:04, 834.60it/s]
 26%|██▋       | 1262/4789 [00:01<00:04, 830.81it/s]
 28%|██▊       | 1348/4789 [00:01<00:04, 837.15it/s]
 30%|██▉       | 1432/4789 [00:01<00:04, 831.27it/s]
 32%|███▏      | 1517/4789 [00:01<00:03, 835.77it/s]
 33%|███▎      | 1601/4789 [00:01<00:03, 829.76it/s]
 35%|███▌      | 1686/4789 [00:02<00:03, 833.46it/s]
 37%|███▋      | 1770/4789 [00:02<00:03, 832.46it/s]
 39%|███▊      | 1854/4789 [00:02<00:03, 833.89it/s]
 40%|████      | 1938/4789 [00:02<00:03, 834.16it/s]
 42%|████▏     | 2022/4789 [00:02<00:03, 831.81it/s]
 44%|████▍     | 2106/4789 [00:02<00:03, 834.17it/s]
 46%|████▌     | 2190/4789 [00:02<00:03, 827.74it/s]
 48%|████▊     | 2275/4789 [00:02<00:03, 831.99it/s]
 49%|████▉     | 2359/4789 [00:02<00:02, 828.30it/s]
 51%|█████     | 2444/4789 [00:02<00:02, 834.43it/s]
 53%|█████▎    | 2528/4789 [00:03<00:02, 828.63it/s]
 55%|█████▍    | 2613/4789 [00:03<00:02, 833.28it/s]
 56%|█████▋    | 2697/4789 [00:03<00:02, 827.96it/s]
 58%|█████▊    | 2782/4789 [00:03<00:02, 832.28it/s]
 60%|█████▉    | 2866/4789 [00:03<00:02, 830.46it/s]
 62%|██████▏   | 2950/4789 [00:03<00:02, 833.13it/s]
 63%|██████▎   | 3034/4789 [00:03<00:02, 832.12it/s]
 65%|██████▌   | 3118/4789 [00:03<00:02, 832.63it/s]
 67%|██████▋   | 3202/4789 [00:03<00:01, 834.48it/s]
 69%|██████▊   | 3286/4789 [00:03<00:01, 831.42it/s]
 70%|███████   | 3371/4789 [00:04<00:01, 835.22it/s]
 72%|███████▏  | 3455/4789 [00:04<00:01, 830.07it/s]
 74%|███████▍  | 3540/4789 [00:04<00:01, 835.77it/s]
 76%|███████▌  | 3624/4789 [00:04<00:01, 830.29it/s]
 77%|███████▋  | 3708/4789 [00:04<00:01, 833.15it/s]
 79%|███████▉  | 3792/4789 [00:04<00:01, 827.39it/s]
 81%|████████  | 3877/4789 [00:04<00:01, 833.82it/s]
 83%|████████▎ | 3961/4789 [00:04<00:00, 829.26it/s]
 84%|████████▍ | 4045/4789 [00:04<00:00, 830.78it/s]
 86%|████████▌ | 4129/4789 [00:04<00:00, 827.39it/s]
 88%|████████▊ | 4212/4789 [00:05<00:00, 827.95it/s]
 90%|████████▉ | 4296/4789 [00:05<00:00, 830.95it/s]
 91%|█████████▏| 4380/4789 [00:05<00:00, 828.39it/s]
 93%|█████████▎| 4465/4789 [00:05<00:00, 832.74it/s]
 95%|█████████▍| 4549/4789 [00:05<00:00, 827.80it/s]
 97%|█████████▋| 4635/4789 [00:05<00:00, 834.47it/s]
 99%|█████████▊| 4719/4789 [00:05<00:00, 830.56it/s]
100%|██████████| 4789/4789 [00:05<00:00, 831.33it/s]

  0%|          | 0/4789 [00:00<?, ?it/s]
  1%|          | 32/4789 [00:00<00:15, 312.64it/s]
  1%|▏         | 65/4789 [00:00<00:14, 317.17it/s]
  2%|▏         | 97/4789 [00:00<00:14, 318.01it/s]
  3%|▎         | 129/4789 [00:00<00:14, 317.15it/s]
  3%|▎         | 162/4789 [00:00<00:14, 318.56it/s]
  4%|▍         | 194/4789 [00:00<00:14, 317.68it/s]
  5%|▍         | 227/4789 [00:00<00:14, 319.08it/s]
  5%|▌         | 259/4789 [00:00<00:14, 317.60it/s]
  6%|▌         | 292/4789 [00:00<00:14, 318.42it/s]
  7%|▋         | 324/4789 [00:01<00:14, 316.93it/s]
  7%|▋         | 357/4789 [00:01<00:13, 319.24it/s]
  8%|▊         | 389/4789 [00:01<00:13, 317.00it/s]
  9%|▉         | 422/4789 [00:01<00:13, 319.10it/s]
  9%|▉         | 454/4789 [00:01<00:13, 317.04it/s]
 10%|█         | 487/4789 [00:01<00:13, 318.22it/s]
 11%|█         | 519/4789 [00:01<00:13, 318.67it/s]
 12%|█▏        | 551/4789 [00:01<00:13, 317.48it/s]
 12%|█▏        | 584/4789 [00:01<00:13, 318.81it/s]
 13%|█▎        | 616/4789 [00:01<00:13, 317.56it/s]
 14%|█▎        | 649/4789 [00:02<00:12, 319.62it/s]
 14%|█▍        | 681/4789 [00:02<00:12, 317.19it/s]
 15%|█▍        | 714/4789 [00:02<00:12, 318.78it/s]
 16%|█▌        | 746/4789 [00:02<00:12, 316.89it/s]
 16%|█▋        | 779/4789 [00:02<00:12, 318.48it/s]
 17%|█▋        | 811/4789 [00:02<00:12, 316.97it/s]
 18%|█▊        | 844/4789 [00:02<00:12, 318.37it/s]
 18%|█▊        | 876/4789 [00:02<00:12, 317.75it/s]
 19%|█▉        | 908/4789 [00:02<00:12, 317.89it/s]
 20%|█▉        | 941/4789 [00:02<00:12, 318.52it/s]
 20%|██        | 973/4789 [00:03<00:12, 317.80it/s]
 21%|██        | 1006/4789 [00:03<00:11, 319.87it/s]
 22%|██▏       | 1038/4789 [00:03<00:11, 317.62it/s]
 22%|██▏       | 1071/4789 [00:03<00:11, 320.11it/s]
 23%|██▎       | 1104/4789 [00:03<00:11, 317.58it/s]
 24%|██▎       | 1137/4789 [00:03<00:11, 320.21it/s]
 24%|██▍       | 1170/4789 [00:03<00:11, 318.22it/s]
 25%|██▌       | 1202/4789 [00:03<00:11, 318.59it/s]
 26%|██▌       | 1234/4789 [00:03<00:11, 318.83it/s]
 26%|██▋       | 1267/4789 [00:03<00:11, 319.50it/s]
 27%|██▋       | 1299/4789 [00:04<00:10, 319.06it/s]
 28%|██▊       | 1331/4789 [00:04<00:10, 318.54it/s]
 28%|██▊       | 1364/4789 [00:04<00:10, 319.18it/s]
 29%|██▉       | 1396/4789 [00:04<00:10, 318.10it/s]
 30%|██▉       | 1429/4789 [00:04<00:10, 319.57it/s]
 31%|███       | 1461/4789 [00:04<00:10, 317.97it/s]
 31%|███       | 1494/4789 [00:04<00:10, 319.79it/s]
 32%|███▏      | 1526/4789 [00:04<00:10, 317.84it/s]
 33%|███▎      | 1559/4789 [00:04<00:10, 319.77it/s]
 33%|███▎      | 1591/4789 [00:04<00:10, 319.11it/s]
 34%|███▍      | 1624/4789 [00:05<00:09, 320.99it/s]
 35%|███▍      | 1657/4789 [00:05<00:09, 319.04it/s]
 35%|███▌      | 1689/4789 [00:05<00:09, 319.13it/s]
 36%|███▌      | 1721/4789 [00:05<00:09, 317.75it/s]
 37%|███▋      | 1753/4789 [00:05<00:09, 317.94it/s]
 37%|███▋      | 1785/4789 [00:05<00:09, 317.82it/s]
 38%|███▊      | 1817/4789 [00:05<00:09, 317.75it/s]
 39%|███▊      | 1850/4789 [00:05<00:09, 318.53it/s]
 39%|███▉      | 1882/4789 [00:05<00:09, 317.51it/s]
 40%|███▉      | 1915/4789 [00:06<00:09, 318.97it/s]
 41%|████      | 1947/4789 [00:06<00:08, 317.19it/s]
 41%|████▏     | 1980/4789 [00:06<00:08, 319.53it/s]
 42%|████▏     | 2012/4789 [00:06<00:08, 317.10it/s]
 43%|████▎     | 2045/4789 [00:06<00:08, 318.78it/s]
 43%|████▎     | 2077/4789 [00:06<00:08, 317.87it/s]
 44%|████▍     | 2110/4789 [00:06<00:08, 319.31it/s]
 45%|████▍     | 2142/4789 [00:06<00:08, 318.29it/s]
 45%|████▌     | 2175/4789 [00:06<00:08, 318.86it/s]
 46%|████▌     | 2207/4789 [00:06<00:08, 318.86it/s]
 47%|████▋     | 2239/4789 [00:07<00:08, 318.59it/s]
 47%|████▋     | 2272/4789 [00:07<00:07, 319.77it/s]
 48%|████▊     | 2304/4789 [00:07<00:07, 317.92it/s]
 49%|████▉     | 2337/4789 [00:07<00:07, 319.70it/s]
 49%|████▉     | 2369/4789 [00:07<00:07, 317.44it/s]
 50%|█████     | 2402/4789 [00:07<00:07, 319.10it/s]
 51%|█████     | 2434/4789 [00:07<00:07, 316.89it/s]
 52%|█████▏    | 2467/4789 [00:07<00:07, 318.63it/s]
 52%|█████▏    | 2499/4789 [00:07<00:07, 318.23it/s]
 53%|█████▎    | 2532/4789 [00:07<00:07, 319.23it/s]
 54%|█████▎    | 2564/4789 [00:08<00:06, 318.79it/s]
 54%|█████▍    | 2596/4789 [00:08<00:06, 318.62it/s]
 55%|█████▍    | 2629/4789 [00:08<00:06, 319.98it/s]
 56%|█████▌    | 2661/4789 [00:08<00:06, 318.00it/s]
 56%|█████▋    | 2694/4789 [00:08<00:06, 320.00it/s]
 57%|█████▋    | 2727/4789 [00:08<00:06, 318.44it/s]
 58%|█████▊    | 2760/4789 [00:08<00:06, 320.18it/s]
 58%|█████▊    | 2793/4789 [00:08<00:06, 318.04it/s]
 59%|█████▉    | 2826/4789 [00:08<00:06, 319.72it/s]
 60%|█████▉    | 2858/4789 [00:08<00:06, 317.39it/s]
 60%|██████    | 2891/4789 [00:09<00:05, 319.52it/s]
 61%|██████    | 2923/4789 [00:09<00:05, 318.71it/s]
 62%|██████▏   | 2955/4789 [00:09<00:05, 318.19it/s]
 62%|██████▏   | 2987/4789 [00:09<00:05, 318.29it/s]
 63%|██████▎   | 3019/4789 [00:09<00:05, 317.62it/s]
 64%|██████▎   | 3052/4789 [00:09<00:05, 319.00it/s]
 64%|██████▍   | 3084/4789 [00:09<00:05, 317.30it/s]
 65%|██████▌   | 3117/4789 [00:09<00:05, 319.45it/s]
 66%|██████▌   | 3149/4789 [00:09<00:05, 316.75it/s]
 66%|██████▋   | 3182/4789 [00:09<00:05, 318.68it/s]
 67%|██████▋   | 3214/4789 [00:10<00:04, 316.66it/s]
 68%|██████▊   | 3247/4789 [00:10<00:04, 318.01it/s]
 68%|██████▊   | 3279/4789 [00:10<00:04, 316.69it/s]
 69%|██████▉   | 3312/4789 [00:10<00:04, 318.63it/s]
 70%|██████▉   | 3344/4789 [00:10<00:04, 318.31it/s]
 70%|███████   | 3376/4789 [00:10<00:04, 318.35it/s]
 71%|███████   | 3408/4789 [00:10<00:04, 318.81it/s]
 72%|███████▏  | 3440/4789 [00:10<00:04, 317.86it/s]
 73%|███████▎  | 3473/4789 [00:10<00:04, 319.67it/s]
 73%|███████▎  | 3505/4789 [00:11<00:04, 317.72it/s]
 74%|███████▍  | 3538/4789 [00:11<00:03, 319.94it/s]
 75%|███████▍  | 3570/4789 [00:11<00:03, 317.36it/s]
 75%|███████▌  | 3603/4789 [00:11<00:03, 319.35it/s]
 76%|███████▌  | 3635/4789 [00:11<00:03, 317.56it/s]
 77%|███████▋  | 3667/4789 [00:11<00:03, 318.02it/s]
 77%|███████▋  | 3699/4789 [00:11<00:03, 316.79it/s]
 78%|███████▊  | 3732/4789 [00:11<00:03, 317.89it/s]
 79%|███████▊  | 3764/4789 [00:11<00:03, 318.41it/s]
 79%|███████▉  | 3796/4789 [00:11<00:03, 317.77it/s]
 80%|███████▉  | 3829/4789 [00:12<00:03, 318.86it/s]
 81%|████████  | 3861/4789 [00:12<00:02, 317.84it/s]
 81%|████████▏ | 3894/4789 [00:12<00:02, 319.98it/s]
 82%|████████▏ | 3926/4789 [00:12<00:02, 318.14it/s]
 83%|████████▎ | 3959/4789 [00:12<00:02, 320.45it/s]
 83%|████████▎ | 3992/4789 [00:12<00:02, 318.48it/s]
 84%|████████▍ | 4025/4789 [00:12<00:02, 320.36it/s]
 85%|████████▍ | 4058/4789 [00:12<00:02, 318.42it/s]
 85%|████████▌ | 4091/4789 [00:12<00:02, 319.78it/s]
 86%|████████▌ | 4123/4789 [00:12<00:02, 318.82it/s]
 87%|████████▋ | 4155/4789 [00:13<00:01, 318.73it/s]
 87%|████████▋ | 4188/4789 [00:13<00:01, 319.17it/s]
 88%|████████▊ | 4220/4789 [00:13<00:01, 318.80it/s]
 89%|████████▉ | 4253/4789 [00:13<00:01, 319.33it/s]
 89%|████████▉ | 4285/4789 [00:13<00:01, 318.39it/s]
 90%|█████████ | 4317/4789 [00:13<00:01, 318.13it/s]
 91%|█████████ | 4349/4789 [00:13<00:01, 316.38it/s]
 92%|█████████▏| 4382/4789 [00:13<00:01, 319.32it/s]
 92%|█████████▏| 4414/4789 [00:13<00:01, 316.74it/s]
 93%|█████████▎| 4447/4789 [00:13<00:01, 318.54it/s]
 94%|█████████▎| 4479/4789 [00:14<00:00, 317.35it/s]
 94%|█████████▍| 4512/4789 [00:14<00:00, 319.02it/s]
 95%|█████████▍| 4544/4789 [00:14<00:00, 317.71it/s]
 96%|█████████▌| 4577/4789 [00:14<00:00, 318.46it/s]
 96%|█████████▌| 4609/4789 [00:14<00:00, 318.65it/s]
 97%|█████████▋| 4641/4789 [00:14<00:00, 317.41it/s]
 98%|█████████▊| 4674/4789 [00:14<00:00, 319.03it/s]
 98%|█████████▊| 4706/4789 [00:14<00:00, 317.25it/s]
 99%|█████████▉| 4739/4789 [00:14<00:00, 319.56it/s]
100%|█████████▉| 4771/4789 [00:14<00:00, 317.36it/s]
100%|██████████| 4789/4789 [00:15<00:00, 318.43it/s]

Epoch 1/150:   0%|          | 0/449 [00:00<?, ?it/s]
Epoch 1/150:   0%|          | 1/449 [00:00<03:42,  2.02it/s]
Epoch 1/150:   5%|▍         | 22/449 [00:00<00:08, 48.38it/s]
Epoch 1/150:  10%|█         | 47/449 [00:00<00:04, 96.36it/s]
Epoch 1/150:  16%|█▌        | 72/449 [00:00<00:02, 132.54it/s]
Epoch 1/150:  21%|██        | 93/449 [00:00<00:02, 152.35it/s]
Epoch 1/150:  27%|██▋       | 119/449 [00:01<00:01, 180.85it/s]
Epoch 1/150:  31%|███▏      | 141/449 [00:01<00:01, 185.90it/s]
Epoch 1/150:  37%|███▋      | 165/449 [00:01<00:01, 200.90it/s]
Epoch 1/150:  42%|████▏     | 188/449 [00:01<00:01, 193.36it/s]
Epoch 1/150:  47%|████▋     | 212/449 [00:01<00:01, 204.18it/s]
Epoch 1/150:  52%|█████▏    | 234/449 [00:01<00:01, 198.14it/s]
Epoch 1/150:  58%|█████▊    | 261/449 [00:01<00:00, 215.74it/s]
Epoch 1/150:  63%|██████▎   | 284/449 [00:01<00:00, 211.50it/s]
Epoch 1/150:  68%|██████▊   | 306/449 [00:01<00:00, 213.18it/s]
Epoch 1/150:  73%|███████▎  | 328/449 [00:02<00:00, 210.29it/s]
Epoch 1/150:  78%|███████▊  | 350/449 [00:02<00:00, 207.44it/s]
Epoch 1/150:  84%|████████▎ | 375/449 [00:02<00:00, 216.66it/s]
Epoch 1/150:  88%|████████▊ | 397/449 [00:02<00:00, 205.61it/s]
Epoch 1/150:  94%|█████████▍| 421/449 [00:02<00:00, 214.92it/s]
Epoch 1/150:  99%|█████████▊| 443/449 [00:02<00:00, 211.32it/s]
Epoch 1/150: 100%|██████████| 449/449 [00:02<00:00, 171.19it/s]

Epoch 2/150:   0%|          | 0/449 [00:00<?, ?it/s]
Epoch 2/150:   0%|          | 1/449 [00:00<00:53,  8.30it/s]
Epoch 2/150:   5%|▌         | 23/449 [00:00<00:03, 122.22it/s]
Epoch 2/150:  10%|█         | 46/449 [00:00<00:02, 167.18it/s]
Epoch 2/150:  14%|█▍        | 64/449 [00:00<00:02, 167.95it/s]
Epoch 2/150:  19%|█▊        | 84/449 [00:00<00:02, 177.21it/s]
Epoch 2/150:  23%|██▎       | 103/449 [00:00<00:01, 178.66it/s]
Epoch 2/150:  28%|██▊       | 125/449 [00:00<00:01, 191.47it/s]
Epoch 2/150:  33%|███▎      | 147/449 [00:00<00:01, 198.68it/s]
Epoch 2/150:  37%|███▋      | 168/449 [00:00<00:01, 201.00it/s]
Epoch 2/150:  44%|████▎     | 196/449 [00:01<00:01, 223.12it/s]
Epoch 2/150:  49%|████▉     | 219/449 [00:01<00:01, 201.70it/s]
Epoch 2/150:  55%|█████▍    | 246/449 [00:01<00:00, 217.84it/s]
Epoch 2/150:  60%|█████▉    | 269/449 [00:01<00:00, 201.10it/s]
Epoch 2/150:  65%|██████▌   | 293/449 [00:01<00:00, 211.34it/s]
Epoch 2/150:  70%|███████   | 315/449 [00:01<00:00, 196.48it/s]
Epoch 2/150:  76%|███████▌  | 340/449 [00:01<00:00, 210.23it/s]
Epoch 2/150:  81%|████████  | 362/449 [00:01<00:00, 199.38it/s]
Epoch 2/150:  86%|████████▋ | 388/449 [00:01<00:00, 213.28it/s]
Epoch 2/150:  91%|█████████▏| 410/449 [00:02<00:00, 201.88it/s]
Epoch 2/150:  96%|█████████▌| 432/449 [00:02<00:00, 204.83it/s]
Epoch 2/150: 100%|██████████| 449/449 [00:02<00:00, 189.57it/s]

Epoch 3/150:   0%|          | 0/449 [00:00<?, ?it/s]
Epoch 3/150:   0%|          | 1/449 [00:00<00:58,  7.66it/s]
Epoch 3/150:   5%|▌         | 24/449 [00:00<00:03, 116.64it/s]
Epoch 3/150:  10%|▉         | 44/449 [00:00<00:02, 149.12it/s]
Epoch 3/150:  15%|█▍        | 67/449 [00:00<00:02, 177.95it/s]
Epoch 3/150:  19%|█▉        | 86/449 [00:00<00:02, 175.43it/s]
Epoch 3/150:  23%|██▎       | 105/449 [00:00<00:01, 179.25it/s]
Epoch 3/150:  28%|██▊       | 125/449 [00:00<00:01, 185.10it/s]
Epoch 3/150:  33%|███▎      | 147/449 [00:00<00:01, 193.98it/s]
Epoch 3/150:  37%|███▋      | 168/449 [00:00<00:01, 198.79it/s]
Epoch 3/150:  42%|████▏     | 188/449 [00:01<00:01, 186.23it/s]
Epoch 3/150:  47%|████▋     | 209/449 [00:01<00:01, 192.41it/s]
Epoch 3/150:  51%|█████     | 229/449 [00:01<00:01, 184.95it/s]
Epoch 3/150:  56%|█████▌    | 251/449 [00:01<00:01, 192.78it/s]
Epoch 3/150:  60%|██████    | 271/449 [00:01<00:00, 185.65it/s]
Epoch 3/150:  65%|██████▌   | 294/449 [00:01<00:00, 196.16it/s]
Epoch 3/150:  70%|██████▉   | 314/449 [00:01<00:00, 192.53it/s]
Epoch 3/150:  75%|███████▍  | 336/449 [00:01<00:00, 198.48it/s]
Epoch 3/150:  79%|███████▉  | 356/449 [00:01<00:00, 198.63it/s]
Epoch 3/150:  84%|████████▎ | 376/449 [00:02<00:00, 196.48it/s]
Epoch 3/150:  90%|████████▉ | 402/449 [00:02<00:00, 212.89it/s]
Epoch 3/150:  94%|█████████▍| 424/449 [00:02<00:00, 202.96it/s]
Epoch 3/150: 100%|██████████| 449/449 [00:02<00:00, 184.89it/s]

Epoch 4/150:   0%|          | 0/449 [00:00<?, ?it/s]
Epoch 4/150:   0%|          | 1/449 [00:00<00:54,  8.29it/s]
Epoch 4/150:   5%|▍         | 22/449 [00:00<00:03, 115.63it/s]
Epoch 4/150:  10%|▉         | 44/449 [00:00<00:02, 159.61it/s]
Epoch 4/150:  15%|█▍        | 67/449 [00:00<00:02, 183.25it/s]
Epoch 4/150:  19%|█▉        | 86/449 [00:00<00:02, 174.95it/s]
Epoch 4/150:  24%|██▍       | 109/449 [00:00<00:01, 190.19it/s]
Epoch 4/150:  29%|██▊       | 129/449 [00:00<00:01, 189.84it/s]
Epoch 4/150:  35%|███▍      | 155/449 [00:00<00:01, 209.79it/s]
Epoch 4/150:  39%|███▉      | 177/449 [00:00<00:01, 202.69it/s]
Epoch 4/150:  44%|████▍     | 198/449 [00:01<00:01, 203.44it/s]
Epoch 4/150:  49%|████▉     | 219/449 [00:01<00:01, 196.41it/s]
Epoch 4/150:  53%|█████▎    | 240/449 [00:01<00:01, 198.82it/s]
Epoch 4/150:  58%|█████▊    | 260/449 [00:01<00:00, 191.65it/s]
Epoch 4/150:  62%|██████▏   | 280/449 [00:01<00:00, 190.06it/s]
Epoch 4/150:  67%|██████▋   | 303/449 [00:01<00:00, 200.98it/s]
Epoch 4/150:  72%|███████▏  | 324/449 [00:01<00:00, 190.35it/s]
Epoch 4/150:  78%|███████▊  | 351/449 [00:01<00:00, 210.63it/s]
Epoch 4/150:  83%|████████▎ | 373/449 [00:01<00:00, 203.57it/s]
Epoch 4/150:  88%|████████▊ | 397/449 [00:02<00:00, 212.57it/s]
Epoch 4/150:  93%|█████████▎| 419/449 [00:02<00:00, 199.89it/s]
Epoch 4/150:  99%|█████████▉| 445/449 [00:02<00:00, 216.15it/s]
Epoch 4/150: 100%|██████████| 449/449 [00:02<00:00, 190.27it/s]

Epoch 5/150:   0%|          | 0/449 [00:00<?, ?it/s]
Epoch 5/150:   0%|          | 1/449 [00:00<00:53,  8.30it/s]
Epoch 5/150:   5%|▌         | 23/449 [00:00<00:03, 120.69it/s]
Epoch 5/150:  10%|█         | 46/449 [00:00<00:02, 166.28it/s]
Epoch 5/150:  16%|█▌        | 72/449 [00:00<00:01, 196.64it/s]
Epoch 5/150:  21%|██        | 93/449 [00:00<00:01, 194.12it/s]
Epoch 5/150:  27%|██▋       | 119/449 [00:00<00:01, 213.68it/s]
Epoch 5/150:  31%|███▏      | 141/449 [00:00<00:01, 203.76it/s]
Epoch 5/150:  36%|███▌      | 162/449 [00:00<00:01, 204.18it/s]
Epoch 5/150:  41%|████      | 183/449 [00:00<00:01, 195.00it/s]
Epoch 5/150:  45%|████▌     | 204/449 [00:01<00:01, 198.13it/s]
Epoch 5/150:  50%|████▉     | 224/449 [00:01<00:01, 188.80it/s]
Epoch 5/150:  54%|█████▍    | 244/449 [00:01<00:01, 188.54it/s]
Epoch 5/150:  59%|█████▉    | 266/449 [00:01<00:00, 195.31it/s]
Epoch 5/150:  64%|██████▎   | 286/449 [00:01<00:00, 188.40it/s]
Epoch 5/150:  70%|██████▉   | 314/449 [00:01<00:00, 212.59it/s]
Epoch 5/150:  75%|███████▍  | 336/449 [00:01<00:00, 205.03it/s]
Epoch 5/150:  80%|████████  | 360/449 [00:01<00:00, 214.37it/s]
Epoch 5/150:  85%|████████▌ | 382/449 [00:01<00:00, 207.94it/s]
Epoch 5/150:  91%|█████████ | 407/449 [00:02<00:00, 217.98it/s]
Epoch 5/150:  96%|█████████▌| 429/449 [00:02<00:00, 212.84it/s]
Epoch 5/150: 100%|██████████| 449/449 [00:02<00:00, 193.07it/s]

Epoch 6/150:   0%|          | 0/449 [00:00<?, ?it/s]
Epoch 6/150:   0%|          | 1/449 [00:00<00:55,  8.14it/s]
Epoch 6/150:   7%|▋         | 30/449 [00:00<00:02, 156.71it/s]
Epoch 6/150:  11%|█         | 49/449 [00:00<00:02, 167.31it/s]
Epoch 6/150:  16%|█▌        | 72/449 [00:00<00:01, 189.72it/s]
Epoch 6/150:  21%|██        | 94/449 [00:00<00:01, 197.36it/s]
Epoch 6/150:  26%|██▌       | 115/449 [00:00<00:01, 199.21it/s]
Epoch 6/150:  31%|███       | 140/449 [00:00<00:01, 214.87it/s]
Epoch 6/150:  36%|███▌      | 162/449 [00:00<00:01, 198.72it/s]
Epoch 6/150:  42%|████▏     | 187/449 [00:00<00:01, 212.84it/s]
Epoch 6/150:  47%|████▋     | 209/449 [00:01<00:01, 201.14it/s]
Epoch 6/150:  52%|█████▏    | 234/449 [00:01<00:01, 213.14it/s]
Epoch 6/150:  57%|█████▋    | 256/449 [00:01<00:00, 200.60it/s]
Epoch 6/150:  63%|██████▎   | 281/449 [00:01<00:00, 212.16it/s]
Epoch 6/150:  67%|██████▋   | 303/449 [00:01<00:00, 203.50it/s]
Epoch 6/150:  73%|███████▎  | 326/449 [00:01<00:00, 210.48it/s]
Epoch 6/150:  78%|███████▊  | 348/449 [00:01<00:00, 202.88it/s]
Epoch 6/150:  83%|████████▎ | 371/449 [00:01<00:00, 208.49it/s]
Epoch 6/150:  88%|████████▊ | 393/449 [00:01<00:00, 206.00it/s]
Epoch 6/150:  92%|█████████▏| 415/449 [00:02<00:00, 208.81it/s]
Epoch 6/150:  98%|█████████▊| 439/449 [00:02<00:00, 210.06it/s]
Epoch 6/150: 100%|██████████| 449/449 [00:02<00:00, 195.75it/s]

Epoch 7/150:   0%|          | 0/449 [00:00<?, ?it/s]
Epoch 7/150:   0%|          | 1/449 [00:00<00:58,  7.72it/s]
Epoch 7/150:   4%|▍         | 20/449 [00:00<00:04, 101.98it/s]
Epoch 7/150:   9%|▉         | 42/449 [00:00<00:02, 150.00it/s]
Epoch 7/150:  13%|█▎        | 60/449 [00:00<00:02, 159.47it/s]
Epoch 7/150:  18%|█▊        | 79/449 [00:00<00:02, 168.28it/s]
Epoch 7/150:  23%|██▎       | 104/449 [00:00<00:01, 193.98it/s]
Epoch 7/150:  28%|██▊       | 124/449 [00:00<00:01, 184.39it/s]
Epoch 7/150:  33%|███▎      | 146/449 [00:00<00:01, 193.47it/s]
Epoch 7/150:  37%|███▋      | 166/449 [00:00<00:01, 186.49it/s]
Epoch 7/150:  42%|████▏     | 187/449 [00:01<00:01, 190.85it/s]
Epoch 7/150:  46%|████▌     | 207/449 [00:01<00:01, 189.83it/s]
Epoch 7/150:  51%|█████     | 227/449 [00:01<00:01, 191.11it/s]
Epoch 7/150:  55%|█████▌    | 248/449 [00:01<00:01, 191.32it/s]
Epoch 7/150:  60%|█████▉    | 268/449 [00:01<00:00, 190.02it/s]
Epoch 7/150:  65%|██████▍   | 290/449 [00:01<00:00, 196.92it/s]
Epoch 7/150:  69%|██████▉   | 310/449 [00:01<00:00, 184.77it/s]
Epoch 7/150:  75%|███████▍  | 335/449 [00:01<00:00, 202.58it/s]
Epoch 7/150:  79%|███████▉  | 356/449 [00:01<00:00, 197.24it/s]
Epoch 7/150:  84%|████████▍ | 378/449 [00:02<00:00, 203.36it/s]
Epoch 7/150:  89%|████████▉ | 399/449 [00:02<00:00, 197.83it/s]
Epoch 7/150:  94%|█████████▍| 422/449 [00:02<00:00, 206.64it/s]
Epoch 7/150:  99%|█████████▊| 443/449 [00:02<00:00, 207.19it/s]
Epoch 7/150: 100%|██████████| 449/449 [00:02<00:00, 183.51it/s]

Epoch 8/150:   0%|          | 0/449 [00:00<?, ?it/s]
Epoch 8/150:   0%|          | 1/449 [00:00<00:57,  7.80it/s]
Epoch 8/150:   5%|▌         | 23/449 [00:00<00:03, 118.94it/s]
Epoch 8/150:  11%|█         | 48/449 [00:00<00:02, 171.50it/s]
Epoch 8/150:  15%|█▍        | 67/449 [00:00<00:02, 173.01it/s]
Epoch 8/150:  21%|██        | 95/449 [00:00<00:01, 206.75it/s]
Epoch 8/150:  26%|██▌       | 117/449 [00:00<00:01, 204.52it/s]
Epoch 8/150:  32%|███▏      | 145/449 [00:00<00:01, 225.49it/s]
Epoch 8/150:  37%|███▋      | 168/449 [00:00<00:01, 209.78it/s]
Epoch 8/150:  43%|████▎     | 193/449 [00:00<00:01, 219.69it/s]
Epoch 8/150:  48%|████▊     | 216/449 [00:01<00:01, 208.70it/s]
Epoch 8/150:  53%|█████▎    | 239/449 [00:01<00:00, 213.67it/s]
Epoch 8/150:  58%|█████▊    | 261/449 [00:01<00:00, 208.73it/s]
Epoch 8/150:  63%|██████▎   | 284/449 [00:01<00:00, 213.50it/s]
Epoch 8/150:  69%|██████▉   | 309/449 [00:01<00:00, 215.85it/s]
Epoch 8/150:  74%|███████▎  | 331/449 [00:01<00:00, 211.87it/s]
Epoch 8/150:  79%|███████▉  | 356/449 [00:01<00:00, 220.61it/s]
Epoch 8/150:  84%|████████▍ | 379/449 [00:01<00:00, 206.66it/s]
Epoch 8/150:  90%|█████████ | 405/449 [00:01<00:00, 215.92it/s]
Epoch 8/150:  95%|█████████▌| 427/449 [00:02<00:00, 207.87it/s]
Epoch 8/150: 100%|██████████| 449/449 [00:02<00:00, 200.21it/s]

Epoch 9/150:   0%|          | 0/449 [00:00<?, ?it/s]
Epoch 9/150:   0%|          | 1/449 [00:00<00:54,  8.29it/s]
Epoch 9/150:   5%|▌         | 23/449 [00:00<00:03, 120.94it/s]
Epoch 9/150:  10%|█         | 47/449 [00:00<00:02, 171.39it/s]
Epoch 9/150:  16%|█▋        | 74/449 [00:00<00:01, 207.02it/s]
Epoch 9/150:  21%|██▏       | 96/449 [00:00<00:01, 196.40it/s]
Epoch 9/150:  28%|██▊       | 124/449 [00:00<00:01, 221.58it/s]
Epoch 9/150:  33%|███▎      | 147/449 [00:00<00:01, 211.55it/s]
Epoch 9/150:  38%|███▊      | 172/449 [00:00<00:01, 221.28it/s]
Epoch 9/150:  43%|████▎     | 195/449 [00:00<00:01, 211.75it/s]
Epoch 9/150:  49%|████▉     | 221/449 [00:01<00:01, 225.27it/s]
Epoch 9/150:  54%|█████▍    | 244/449 [00:01<00:00, 217.04it/s]
Epoch 9/150:  59%|█████▉    | 266/449 [00:01<00:00, 217.86it/s]
Epoch 9/150:  64%|██████▍   | 289/449 [00:01<00:00, 217.38it/s]
Epoch 9/150:  69%|██████▉   | 311/449 [00:01<00:00, 216.86it/s]
Epoch 9/150:  75%|███████▌  | 337/449 [00:01<00:00, 226.58it/s]
Epoch 9/150:  80%|████████  | 360/449 [00:01<00:00, 212.83it/s]
Epoch 9/150:  86%|████████▌ | 386/449 [00:01<00:00, 225.01it/s]
Epoch 9/150:  91%|█████████ | 409/449 [00:01<00:00, 210.84it/s]
Epoch 9/150:  97%|█████████▋| 436/449 [00:02<00:00, 225.88it/s]
Epoch 9/150: 100%|██████████| 449/449 [00:02<00:00, 204.09it/s]

Epoch 10/150:   0%|          | 0/449 [00:00<?, ?it/s]
Epoch 10/150:   0%|          | 1/449 [00:00<00:56,  7.97it/s]
Epoch 10/150:   5%|▌         | 23/449 [00:00<00:03, 120.60it/s]
Epoch 10/150:  11%|█         | 50/449 [00:00<00:02, 181.43it/s]
Epoch 10/150:  15%|█▌        | 69/449 [00:00<00:02, 182.84it/s]
Epoch 10/150:  21%|██        | 93/449 [00:00<00:01, 202.31it/s]
Epoch 10/150:  25%|██▌       | 114/449 [00:00<00:01, 199.74it/s]
Epoch 10/150:  31%|███       | 137/449 [00:00<00:01, 207.57it/s]
Epoch 10/150:  35%|███▌      | 158/449 [00:00<00:01, 206.54it/s]
Epoch 10/150:  40%|███▉      | 179/449 [00:00<00:01, 207.12it/s]
Epoch 10/150:  45%|████▌     | 204/449 [00:01<00:01, 216.57it/s]
Epoch 10/150:  50%|█████     | 226/449 [00:01<00:01, 203.56it/s]
Epoch 10/150:  56%|█████▋    | 253/449 [00:01<00:00, 220.27it/s]
Epoch 10/150:  61%|██████▏   | 276/449 [00:01<00:00, 204.98it/s]
Epoch 10/150:  68%|██████▊   | 304/449 [00:01<00:00, 222.85it/s]
Epoch 10/150:  73%|███████▎  | 327/449 [00:01<00:00, 210.08it/s]
Epoch 10/150:  79%|███████▊  | 353/449 [00:01<00:00, 221.46it/s]
Epoch 10/150:  84%|████████▎ | 376/449 [00:01<00:00, 214.78it/s]
Epoch 10/150:  89%|████████▉ | 400/449 [00:01<00:00, 221.35it/s]
Epoch 10/150:  94%|█████████▍| 423/449 [00:02<00:00, 213.07it/s]
Epoch 10/150:  99%|█████████▉| 446/449 [00:02<00:00, 217.68it/s]
Epoch 10/150: 100%|██████████| 449/449 [00:02<00:00, 200.10it/s]

Epoch 11/150:   0%|          | 0/449 [00:00<?, ?it/s]
Epoch 11/150:   0%|          | 1/449 [00:00<00:53,  8.38it/s]
Epoch 11/150:   6%|▌         | 25/449 [00:00<00:03, 132.85it/s]
Epoch 11/150:   9%|▉         | 42/449 [00:00<00:02, 146.75it/s]
Epoch 11/150:  15%|█▍        | 67/449 [00:00<00:02, 185.73it/s]
Epoch 11/150:  19%|█▉        | 87/449 [00:00<00:01, 184.82it/s]
Epoch 11/150:  25%|██▌       | 114/449 [00:00<00:01, 212.55it/s]
Epoch 11/150:  30%|███       | 136/449 [00:00<00:01, 204.99it/s]
Epoch 11/150:  35%|███▌      | 159/449 [00:00<00:01, 212.06it/s]
Epoch 11/150:  40%|████      | 181/449 [00:00<00:01, 206.91it/s]
Epoch 11/150:  45%|████▌     | 203/449 [00:01<00:01, 209.25it/s]
Epoch 11/150:  50%|█████     | 226/449 [00:01<00:01, 209.31it/s]
Epoch 11/150:  55%|█████▌    | 248/449 [00:01<00:00, 205.85it/s]
Epoch 11/150:  61%|██████▏   | 276/449 [00:01<00:00, 226.71it/s]
Epoch 11/150:  67%|██████▋   | 299/449 [00:01<00:00, 205.64it/s]
Epoch 11/150:  73%|███████▎  | 326/449 [00:01<00:00, 222.61it/s]
Epoch 11/150:  78%|███████▊  | 349/449 [00:01<00:00, 208.73it/s]
Epoch 11/150:  84%|████████▍ | 378/449 [00:01<00:00, 228.86it/s]
Epoch 11/150:  90%|████████▉ | 402/449 [00:01<00:00, 212.63it/s]
Epoch 11/150:  96%|█████████▌| 429/449 [00:02<00:00, 226.16it/s]
Epoch 11/150: 100%|██████████| 449/449 [00:02<00:00, 200.27it/s]

Epoch 12/150:   0%|          | 0/449 [00:00<?, ?it/s]
Epoch 12/150:   0%|          | 1/449 [00:00<00:52,  8.48it/s]
Epoch 12/150:   5%|▌         | 23/449 [00:00<00:03, 123.74it/s]
Epoch 12/150:  11%|█         | 50/449 [00:00<00:02, 182.15it/s]
Epoch 12/150:  15%|█▌        | 69/449 [00:00<00:02, 181.61it/s]
Epoch 12/150:  21%|██▏       | 96/449 [00:00<00:01, 209.37it/s]
Epoch 12/150:  26%|██▋       | 118/449 [00:00<00:01, 194.05it/s]
Epoch 12/150:  32%|███▏      | 143/449 [00:00<00:01, 209.39it/s]
Epoch 12/150:  37%|███▋      | 165/449 [00:00<00:01, 200.69it/s]
Epoch 12/150:  42%|████▏     | 190/449 [00:00<00:01, 212.42it/s]
Epoch 12/150:  47%|████▋     | 212/449 [00:01<00:01, 203.50it/s]
Epoch 12/150:  53%|█████▎    | 236/449 [00:01<00:00, 213.57it/s]
Epoch 12/150:  57%|█████▋    | 258/449 [00:01<00:00, 209.40it/s]
Epoch 12/150:  63%|██████▎   | 284/449 [00:01<00:00, 222.79it/s]
Epoch 12/150:  68%|██████▊   | 307/449 [00:01<00:00, 219.20it/s]
Epoch 12/150:  73%|███████▎  | 330/449 [00:01<00:00, 218.18it/s]
Epoch 12/150:  79%|███████▉  | 354/449 [00:01<00:00, 223.73it/s]
Epoch 12/150:  84%|████████▍ | 377/449 [00:01<00:00, 211.04it/s]
Epoch 12/150:  90%|████████▉ | 404/449 [00:01<00:00, 227.14it/s]
Epoch 12/150:  95%|█████████▌| 427/449 [00:02<00:00, 208.44it/s]
Epoch 12/150: 100%|██████████| 449/449 [00:02<00:00, 201.71it/s]

Epoch 13/150:   0%|          | 0/449 [00:00<?, ?it/s]
Epoch 13/150:   0%|          | 1/449 [00:00<00:52,  8.50it/s]
Epoch 13/150:   6%|▌         | 25/449 [00:00<00:03, 134.21it/s]
Epoch 13/150:   9%|▉         | 42/449 [00:00<00:02, 146.77it/s]
Epoch 13/150:  15%|█▍        | 67/449 [00:00<00:02, 183.51it/s]
Epoch 13/150:  19%|█▉        | 86/449 [00:00<00:02, 179.58it/s]
Epoch 13/150:  25%|██▍       | 111/449 [00:00<00:01, 199.84it/s]
Epoch 13/150:  29%|██▉       | 132/449 [00:00<00:01, 192.52it/s]
Epoch 13/150:  35%|███▍      | 155/449 [00:00<00:01, 202.95it/s]
Epoch 13/150:  39%|███▉      | 177/449 [00:00<00:01, 206.29it/s]
Epoch 13/150:  44%|████▍     | 198/449 [00:01<00:01, 200.86it/s]
Epoch 13/150:  49%|████▉     | 222/449 [00:01<00:01, 211.09it/s]
Epoch 13/150:  54%|█████▍    | 244/449 [00:01<00:00, 205.46it/s]
Epoch 13/150:  60%|██████    | 271/449 [00:01<00:00, 223.12it/s]
Epoch 13/150:  65%|██████▌   | 294/449 [00:01<00:00, 215.74it/s]
Epoch 13/150:  71%|███████▏  | 320/449 [00:01<00:00, 227.12it/s]
Epoch 13/150:  76%|███████▋  | 343/449 [00:01<00:00, 213.94it/s]
Epoch 13/150:  82%|████████▏ | 367/449 [00:01<00:00, 219.26it/s]
Epoch 13/150:  87%|████████▋ | 390/449 [00:01<00:00, 215.46it/s]
Epoch 13/150:  92%|█████████▏| 412/449 [00:02<00:00, 216.07it/s]
Epoch 13/150:  97%|█████████▋| 437/449 [00:02<00:00, 221.24it/s]
Epoch 13/150: 100%|██████████| 449/449 [00:02<00:00, 198.39it/s]

Epoch 14/150:   0%|          | 0/449 [00:00<?, ?it/s]
Epoch 14/150:   0%|          | 1/449 [00:00<00:52,  8.53it/s]
Epoch 14/150:   5%|▌         | 24/449 [00:00<00:03, 129.36it/s]
Epoch 14/150:  11%|█         | 49/449 [00:00<00:02, 181.56it/s]
Epoch 14/150:  15%|█▌        | 68/449 [00:00<00:02, 180.15it/s]
Epoch 14/150:  21%|██▏       | 96/449 [00:00<00:01, 213.24it/s]
Epoch 14/150:  26%|██▋       | 118/449 [00:00<00:01, 205.73it/s]
Epoch 14/150:  32%|███▏      | 143/449 [00:00<00:01, 217.85it/s]
Epoch 14/150:  37%|███▋      | 165/449 [00:00<00:01, 212.84it/s]
Epoch 14/150:  42%|████▏     | 187/449 [00:00<00:01, 214.38it/s]
Epoch 14/150:  47%|████▋     | 211/449 [00:01<00:01, 216.24it/s]
Epoch 14/150:  52%|█████▏    | 233/449 [00:01<00:01, 210.90it/s]
Epoch 14/150:  57%|█████▋    | 258/449 [00:01<00:00, 221.35it/s]
Epoch 14/150:  63%|██████▎   | 281/449 [00:01<00:00, 209.10it/s]
Epoch 14/150:  68%|██████▊   | 307/449 [00:01<00:00, 222.59it/s]
Epoch 14/150:  73%|███████▎  | 330/449 [00:01<00:00, 206.59it/s]
Epoch 14/150:  79%|███████▉  | 356/449 [00:01<00:00, 219.85it/s]
Epoch 14/150:  84%|████████▍ | 379/449 [00:01<00:00, 205.54it/s]
Epoch 14/150:  90%|█████████ | 405/449 [00:01<00:00, 219.09it/s]
Epoch 14/150:  95%|█████████▌| 428/449 [00:02<00:00, 209.28it/s]
Epoch 14/150: 100%|██████████| 449/449 [00:02<00:00, 201.56it/s]

Epoch 15/150:   0%|          | 0/449 [00:00<?, ?it/s]
Epoch 15/150:   0%|          | 1/449 [00:00<00:52,  8.50it/s]
Epoch 15/150:   6%|▌         | 25/449 [00:00<00:03, 130.70it/s]
Epoch 15/150:  10%|▉         | 43/449 [00:00<00:02, 149.83it/s]
Epoch 15/150:  16%|█▌        | 70/449 [00:00<00:01, 192.19it/s]
Epoch 15/150:  20%|██        | 90/449 [00:00<00:01, 185.28it/s]
Epoch 15/150:  26%|██▌       | 116/449 [00:00<00:01, 206.87it/s]
Epoch 15/150:  31%|███       | 137/449 [00:00<00:01, 197.62it/s]
Epoch 15/150:  36%|███▌      | 161/449 [00:00<00:01, 209.65it/s]
Epoch 15/150:  41%|████      | 183/449 [00:00<00:01, 205.43it/s]
Epoch 15/150:  46%|████▌     | 206/449 [00:01<00:01, 210.57it/s]
Epoch 15/150:  51%|█████     | 228/449 [00:01<00:01, 212.40it/s]
Epoch 15/150:  56%|█████▌    | 250/449 [00:01<00:00, 214.22it/s]
Epoch 15/150:  61%|██████▏   | 276/449 [00:01<00:00, 227.25it/s]
Epoch 15/150:  67%|██████▋   | 299/449 [00:01<00:00, 210.76it/s]
Epoch 15/150:  72%|███████▏  | 324/449 [00:01<00:00, 219.84it/s]
Epoch 15/150:  77%|███████▋  | 347/449 [00:01<00:00, 206.56it/s]
Epoch 15/150:  82%|████████▏ | 368/449 [00:01<00:00, 153.20it/s]
Epoch 15/150:  88%|████████▊ | 395/449 [00:02<00:00, 177.96it/s]
Epoch 15/150:  93%|█████████▎| 416/449 [00:02<00:00, 181.45it/s]
Epoch 15/150:  98%|█████████▊| 441/449 [00:02<00:00, 197.35it/s]
Epoch 15/150: 100%|██████████| 449/449 [00:02<00:00, 188.82it/s]

Epoch 16/150:   0%|          | 0/449 [00:00<?, ?it/s]
Epoch 16/150:   0%|          | 1/449 [00:00<00:54,  8.15it/s]
Epoch 16/150:   5%|▍         | 21/449 [00:00<00:03, 110.78it/s]
Epoch 16/150:  11%|█         | 48/449 [00:00<00:02, 177.26it/s]
Epoch 16/150:  15%|█▌        | 68/449 [00:00<00:02, 185.25it/s]
Epoch 16/150:  20%|██        | 91/449 [00:00<00:01, 199.94it/s]
Epoch 16/150:  26%|██▌       | 115/449 [00:00<00:01, 208.58it/s]
Epoch 16/150:  31%|███       | 137/449 [00:00<00:01, 203.18it/s]
Epoch 16/150:  36%|███▌      | 161/449 [00:00<00:01, 214.02it/s]
Epoch 16/150:  41%|████      | 183/449 [00:00<00:01, 208.02it/s]
Epoch 16/150:  46%|████▋     | 208/449 [00:01<00:01, 219.89it/s]
Epoch 16/150:  51%|█████▏    | 231/449 [00:01<00:01, 205.36it/s]
Epoch 16/150:  57%|█████▋    | 258/449 [00:01<00:00, 221.01it/s]
Epoch 16/150:  63%|██████▎   | 281/449 [00:01<00:00, 210.87it/s]
Epoch 16/150:  68%|██████▊   | 307/449 [00:01<00:00, 222.28it/s]
Epoch 16/150:  73%|███████▎  | 330/449 [00:01<00:00, 208.67it/s]
Epoch 16/150:  79%|███████▉  | 355/449 [00:01<00:00, 219.84it/s]
Epoch 16/150:  84%|████████▍ | 378/449 [00:01<00:00, 212.70it/s]
Epoch 16/150:  90%|████████▉ | 403/449 [00:01<00:00, 221.03it/s]
Epoch 16/150:  95%|█████████▍| 426/449 [00:02<00:00, 215.69it/s]
Epoch 16/150: 100%|█████████▉| 448/449 [00:02<00:00, 216.88it/s]
Epoch 16/150: 100%|██████████| 449/449 [00:02<00:00, 200.50it/s]

Epoch 17/150:   0%|          | 0/449 [00:00<?, ?it/s]
Epoch 17/150:   0%|          | 1/449 [00:00<00:54,  8.18it/s]
Epoch 17/150:   6%|▋         | 29/449 [00:00<00:02, 154.04it/s]
Epoch 17/150:  11%|█         | 48/449 [00:00<00:02, 169.60it/s]
Epoch 17/150:  16%|█▌        | 72/449 [00:00<00:01, 195.81it/s]
Epoch 17/150:  21%|██        | 93/449 [00:00<00:01, 195.19it/s]
Epoch 17/150:  25%|██▌       | 114/449 [00:00<00:01, 199.47it/s]
Epoch 17/150:  31%|███       | 139/449 [00:00<00:01, 211.79it/s]
Epoch 17/150:  36%|███▌      | 161/449 [00:00<00:01, 206.28it/s]
Epoch 17/150:  42%|████▏     | 187/449 [00:00<00:01, 221.80it/s]
Epoch 17/150:  47%|████▋     | 210/449 [00:01<00:01, 205.38it/s]
Epoch 17/150:  53%|█████▎    | 236/449 [00:01<00:00, 219.89it/s]
Epoch 17/150:  58%|█████▊    | 259/449 [00:01<00:00, 212.04it/s]
Epoch 17/150:  63%|██████▎   | 285/449 [00:01<00:00, 225.11it/s]
Epoch 17/150:  69%|██████▊   | 308/449 [00:01<00:00, 213.43it/s]
Epoch 17/150:  74%|███████▍  | 333/449 [00:01<00:00, 221.59it/s]
Epoch 17/150:  79%|███████▉  | 356/449 [00:01<00:00, 215.31it/s]
Epoch 17/150:  84%|████████▍ | 379/449 [00:01<00:00, 217.94it/s]
Epoch 17/150:  89%|████████▉ | 401/449 [00:01<00:00, 215.98it/s]
Epoch 17/150:  94%|█████████▍| 423/449 [00:02<00:00, 213.26it/s]
Epoch 17/150: 100%|██████████| 449/449 [00:02<00:00, 224.81it/s]
Epoch 17/150: 100%|██████████| 449/449 [00:02<00:00, 202.80it/s]

Epoch 18/150:   0%|          | 0/449 [00:00<?, ?it/s]
Epoch 18/150:   0%|          | 1/449 [00:00<00:59,  7.48it/s]
Epoch 18/150:   5%|▌         | 24/449 [00:00<00:03, 120.93it/s]
Epoch 18/150:  11%|█         | 49/449 [00:00<00:02, 174.64it/s]
Epoch 18/150:  15%|█▌        | 68/449 [00:00<00:02, 177.46it/s]
Epoch 18/150:  21%|██▏       | 96/449 [00:00<00:01, 210.63it/s]
Epoch 18/150:  26%|██▋       | 118/449 [00:00<00:01, 196.13it/s]
Epoch 18/150:  32%|███▏      | 145/449 [00:00<00:01, 216.30it/s]
Epoch 18/150:  37%|███▋      | 168/449 [00:00<00:01, 205.77it/s]
Epoch 18/150:  43%|████▎     | 193/449 [00:01<00:01, 217.46it/s]
Epoch 18/150:  48%|████▊     | 216/449 [00:01<00:01, 205.53it/s]
Epoch 18/150:  54%|█████▎    | 241/449 [00:01<00:00, 217.33it/s]
Epoch 18/150:  59%|█████▉    | 264/449 [00:01<00:00, 207.92it/s]
Epoch 18/150:  64%|██████▍   | 289/449 [00:01<00:00, 217.38it/s]
Epoch 18/150:  69%|██████▉   | 312/449 [00:01<00:00, 210.10it/s]
Epoch 18/150:  75%|███████▍  | 335/449 [00:01<00:00, 215.56it/s]
Epoch 18/150:  80%|███████▉  | 357/449 [00:01<00:00, 213.98it/s]
Epoch 18/150:  84%|████████▍ | 379/449 [00:01<00:00, 213.34it/s]
Epoch 18/150:  90%|█████████ | 405/449 [00:01<00:00, 221.30it/s]
Epoch 18/150:  95%|█████████▌| 428/449 [00:02<00:00, 208.05it/s]
Epoch 18/150: 100%|██████████| 449/449 [00:02<00:00, 200.29it/s]

Epoch 19/150:   0%|          | 0/449 [00:00<?, ?it/s]
Epoch 19/150:   0%|          | 1/449 [00:00<00:52,  8.46it/s]
Epoch 19/150:   5%|▍         | 22/449 [00:00<00:03, 117.71it/s]
Epoch 19/150:  10%|█         | 46/449 [00:00<00:02, 168.93it/s]
Epoch 19/150:  16%|█▌        | 72/449 [00:00<00:01, 202.05it/s]
Epoch 19/150:  21%|██        | 93/449 [00:00<00:01, 189.71it/s]
Epoch 19/150:  27%|██▋       | 119/449 [00:00<00:01, 209.75it/s]
Epoch 19/150:  31%|███▏      | 141/449 [00:00<00:01, 197.55it/s]
Epoch 19/150:  37%|███▋      | 168/449 [00:00<00:01, 217.25it/s]
Epoch 19/150:  43%|████▎     | 191/449 [00:01<00:01, 204.20it/s]
Epoch 19/150:  49%|████▉     | 219/449 [00:01<00:01, 224.61it/s]
Epoch 19/150:  54%|█████▍    | 242/449 [00:01<00:00, 207.74it/s]
Epoch 19/150:  60%|█████▉    | 269/449 [00:01<00:00, 224.12it/s]
Epoch 19/150:  65%|██████▌   | 292/449 [00:01<00:00, 208.09it/s]
Epoch 19/150:  71%|███████   | 319/449 [00:01<00:00, 224.49it/s]
Epoch 19/150:  76%|███████▋  | 343/449 [00:01<00:00, 213.47it/s]
Epoch 19/150:  82%|████████▏ | 367/449 [00:01<00:00, 219.27it/s]
Epoch 19/150:  87%|████████▋ | 390/449 [00:01<00:00, 214.85it/s]
Epoch 19/150:  93%|█████████▎| 417/449 [00:02<00:00, 228.65it/s]
Epoch 19/150:  98%|█████████▊| 441/449 [00:02<00:00, 220.55it/s]
Epoch 19/150: 100%|██████████| 449/449 [00:02<00:00, 202.09it/s]

Epoch 20/150:   0%|          | 0/449 [00:00<?, ?it/s]
Epoch 20/150:   0%|          | 1/449 [00:00<00:55,  8.09it/s]
Epoch 20/150:   6%|▌         | 27/449 [00:00<00:02, 142.26it/s]
Epoch 20/150:  11%|█         | 48/449 [00:00<00:02, 170.10it/s]
Epoch 20/150:  16%|█▌        | 71/449 [00:00<00:01, 190.78it/s]
Epoch 20/150:  21%|██▏       | 96/449 [00:00<00:01, 202.90it/s]
Epoch 20/150:  26%|██▌       | 117/449 [00:00<00:01, 203.46it/s]
Epoch 20/150:  32%|███▏      | 143/449 [00:00<00:01, 220.40it/s]
Epoch 20/150:  37%|███▋      | 166/449 [00:00<00:01, 206.82it/s]
Epoch 20/150:  43%|████▎     | 192/449 [00:00<00:01, 221.68it/s]
Epoch 20/150:  48%|████▊     | 215/449 [00:01<00:01, 208.25it/s]
Epoch 20/150:  54%|█████▍    | 242/449 [00:01<00:00, 224.88it/s]
Epoch 20/150:  59%|█████▉    | 265/449 [00:01<00:00, 212.20it/s]
Epoch 20/150:  65%|██████▍   | 290/449 [00:01<00:00, 220.94it/s]
Epoch 20/150:  70%|██████▉   | 313/449 [00:01<00:00, 210.56it/s]
Epoch 20/150:  75%|███████▌  | 338/449 [00:01<00:00, 219.63it/s]
Epoch 20/150:  80%|████████  | 361/449 [00:01<00:00, 211.02it/s]
Epoch 20/150:  85%|████████▌ | 383/449 [00:01<00:00, 212.68it/s]
Epoch 20/150:  90%|█████████ | 406/449 [00:01<00:00, 213.35it/s]
Epoch 20/150:  95%|█████████▌| 428/449 [00:02<00:00, 210.50it/s]
Epoch 20/150: 100%|██████████| 449/449 [00:02<00:00, 202.41it/s]

Epoch 21/150:   0%|          | 0/449 [00:00<?, ?it/s]
Epoch 21/150:   0%|          | 1/449 [00:00<00:53,  8.31it/s]
Epoch 21/150:   5%|▍         | 21/449 [00:00<00:03, 110.72it/s]
Epoch 21/150:  10%|▉         | 44/449 [00:00<00:02, 159.95it/s]
Epoch 21/150:  15%|█▍        | 66/449 [00:00<00:02, 180.12it/s]
Epoch 21/150:  19%|█▉        | 86/449 [00:00<00:01, 185.08it/s]
Epoch 21/150:  25%|██▌       | 113/449 [00:00<00:01, 209.84it/s]
Epoch 21/150:  30%|███       | 135/449 [00:00<00:01, 196.20it/s]
Epoch 21/150:  36%|███▌      | 161/449 [00:00<00:01, 212.62it/s]
Epoch 21/150:  41%|████      | 183/449 [00:00<00:01, 198.62it/s]
Epoch 21/150:  47%|████▋     | 209/449 [00:01<00:01, 213.31it/s]
Epoch 21/150:  51%|█████▏    | 231/449 [00:01<00:01, 200.75it/s]
Epoch 21/150:  58%|█████▊    | 259/449 [00:01<00:00, 221.30it/s]
Epoch 21/150:  63%|██████▎   | 282/449 [00:01<00:00, 213.28it/s]
Epoch 21/150:  69%|██████▉   | 309/449 [00:01<00:00, 227.97it/s]
Epoch 21/150:  74%|███████▍  | 333/449 [00:01<00:00, 214.86it/s]
Epoch 21/150:  80%|███████▉  | 358/449 [00:01<00:00, 222.35it/s]
Epoch 21/150:  85%|████████▍ | 381/449 [00:01<00:00, 212.34it/s]
Epoch 21/150:  90%|████████▉ | 404/449 [00:02<00:00, 216.13it/s]
Epoch 21/150:  95%|█████████▍| 426/449 [00:02<00:00, 214.49it/s]
Epoch 21/150: 100%|█████████▉| 448/449 [00:02<00:00, 212.65it/s]
Epoch 21/150: 100%|██████████| 449/449 [00:02<00:00, 197.80it/s]

Epoch 22/150:   0%|          | 0/449 [00:00<?, ?it/s]
Epoch 22/150:   0%|          | 1/449 [00:00<00:53,  8.36it/s]
Epoch 22/150:   6%|▌         | 26/449 [00:00<00:03, 138.53it/s]
Epoch 22/150:  10%|█         | 46/449 [00:00<00:02, 163.24it/s]
Epoch 22/150:  15%|█▌        | 68/449 [00:00<00:02, 184.47it/s]
Epoch 22/150:  20%|██        | 90/449 [00:00<00:01, 195.84it/s]
Epoch 22/150:  24%|██▍       | 110/449 [00:00<00:01, 194.87it/s]
Epoch 22/150:  31%|███       | 137/449 [00:00<00:01, 218.14it/s]
Epoch 22/150:  35%|███▌      | 159/449 [00:00<00:01, 203.30it/s]
Epoch 22/150:  41%|████▏     | 186/449 [00:00<00:01, 222.35it/s]
Epoch 22/150:  47%|████▋     | 209/449 [00:01<00:01, 208.10it/s]
Epoch 22/150:  53%|█████▎    | 236/449 [00:01<00:00, 225.05it/s]
Epoch 22/150:  58%|█████▊    | 259/449 [00:01<00:00, 213.20it/s]
Epoch 22/150:  63%|██████▎   | 284/449 [00:01<00:00, 221.96it/s]
Epoch 22/150:  68%|██████▊   | 307/449 [00:01<00:00, 209.46it/s]
Epoch 22/150:  74%|███████▍  | 332/449 [00:01<00:00, 220.31it/s]
Epoch 22/150:  79%|███████▉  | 355/449 [00:01<00:00, 208.96it/s]
Epoch 22/150:  85%|████████▍ | 380/449 [00:01<00:00, 219.29it/s]
Epoch 22/150:  90%|████████▉ | 403/449 [00:01<00:00, 211.55it/s]
Epoch 22/150:  95%|█████████▌| 427/449 [00:02<00:00, 217.47it/s]
Epoch 22/150: 100%|██████████| 449/449 [00:02<00:00, 214.13it/s]
Epoch 22/150: 100%|██████████| 449/449 [00:02<00:00, 201.35it/s]

Epoch 23/150:   0%|          | 0/449 [00:00<?, ?it/s]
Epoch 23/150:   0%|          | 1/449 [00:00<00:53,  8.40it/s]
Epoch 23/150:   5%|▍         | 21/449 [00:00<00:03, 110.49it/s]
Epoch 23/150:  11%|█         | 49/449 [00:00<00:02, 180.50it/s]
Epoch 23/150:  15%|█▌        | 68/449 [00:00<00:02, 176.24it/s]
Epoch 23/150:  20%|██        | 92/449 [00:00<00:01, 196.68it/s]
Epoch 23/150:  25%|██▍       | 112/449 [00:00<00:01, 189.18it/s]
Epoch 23/150:  31%|███       | 137/449 [00:00<00:01, 205.90it/s]
Epoch 23/150:  35%|███▌      | 158/449 [00:00<00:01, 202.30it/s]
Epoch 23/150:  40%|████      | 180/449 [00:00<00:01, 206.77it/s]
Epoch 23/150:  45%|████▌     | 204/449 [00:01<00:01, 210.83it/s]
Epoch 23/150:  50%|█████     | 226/449 [00:01<00:01, 206.10it/s]
Epoch 23/150:  56%|█████▌    | 252/449 [00:01<00:00, 220.89it/s]
Epoch 23/150:  61%|██████    | 275/449 [00:01<00:00, 207.71it/s]
Epoch 23/150:  67%|██████▋   | 302/449 [00:01<00:00, 224.36it/s]
Epoch 23/150:  72%|███████▏  | 325/449 [00:01<00:00, 205.90it/s]
Epoch 23/150:  78%|███████▊  | 352/449 [00:01<00:00, 222.43it/s]
Epoch 23/150:  84%|████████▎ | 375/449 [00:01<00:00, 211.60it/s]
Epoch 23/150:  89%|████████▉ | 400/449 [00:01<00:00, 221.96it/s]
Epoch 23/150:  94%|█████████▍| 423/449 [00:02<00:00, 209.92it/s]
Epoch 23/150: 100%|█████████▉| 448/449 [00:02<00:00, 219.23it/s]
Epoch 23/150: 100%|██████████| 449/449 [00:02<00:00, 198.68it/s]

Epoch 24/150:   0%|          | 0/449 [00:00<?, ?it/s]
Epoch 24/150:   0%|          | 1/449 [00:00<00:53,  8.30it/s]
Epoch 24/150:   6%|▌         | 25/449 [00:00<00:03, 126.33it/s]
Epoch 24/150:  10%|█         | 45/449 [00:00<00:02, 156.00it/s]
Epoch 24/150:  16%|█▌        | 72/449 [00:00<00:01, 195.70it/s]
Epoch 24/150:  20%|██        | 92/449 [00:00<00:01, 185.98it/s]
Epoch 24/150:  26%|██▋       | 118/449 [00:00<00:01, 208.73it/s]
Epoch 24/150:  31%|███       | 140/449 [00:00<00:01, 200.67it/s]
Epoch 24/150:  37%|███▋      | 165/449 [00:00<00:01, 214.84it/s]
Epoch 24/150:  42%|████▏     | 187/449 [00:00<00:01, 203.34it/s]
Epoch 24/150:  47%|████▋     | 212/449 [00:01<00:01, 214.76it/s]
Epoch 24/150:  52%|█████▏    | 234/449 [00:01<00:01, 204.43it/s]
Epoch 24/150:  57%|█████▋    | 255/449 [00:01<00:01, 144.09it/s]
Epoch 24/150:  63%|██████▎   | 281/449 [00:01<00:00, 168.20it/s]
Epoch 24/150:  67%|██████▋   | 301/449 [00:01<00:00, 171.91it/s]
Epoch 24/150:  71%|███████▏  | 321/449 [00:01<00:00, 178.81it/s]
Epoch 24/150:  76%|███████▌  | 341/449 [00:01<00:00, 180.64it/s]
Epoch 24/150:  80%|████████  | 361/449 [00:02<00:00, 181.55it/s]
Epoch 24/150:  85%|████████▌ | 383/449 [00:02<00:00, 189.48it/s]
Epoch 24/150:  90%|████████▉ | 403/449 [00:02<00:00, 181.19it/s]
Epoch 24/150:  96%|█████████▌| 429/449 [00:02<00:00, 202.48it/s]
Epoch 24/150: 100%|██████████| 449/449 [00:02<00:00, 179.80it/s]

Epoch 25/150:   0%|          | 0/449 [00:00<?, ?it/s]
Epoch 25/150:   0%|          | 1/449 [00:00<00:56,  7.90it/s]
Epoch 25/150:   5%|▍         | 22/449 [00:00<00:03, 113.25it/s]
Epoch 25/150:  10%|█         | 47/449 [00:00<00:02, 166.49it/s]
Epoch 25/150:  15%|█▍        | 66/449 [00:00<00:02, 173.78it/s]
Epoch 25/150:  21%|██        | 93/449 [00:00<00:01, 205.65it/s]
Epoch 25/150:  25%|██▌       | 114/449 [00:00<00:01, 197.79it/s]
Epoch 25/150:  31%|███       | 139/449 [00:00<00:01, 212.11it/s]
Epoch 25/150:  36%|███▌      | 161/449 [00:00<00:01, 203.22it/s]
Epoch 25/150:  41%|████▏     | 186/449 [00:00<00:01, 216.46it/s]
Epoch 25/150:  46%|████▋     | 208/449 [00:01<00:01, 212.10it/s]
Epoch 25/150:  52%|█████▏    | 233/449 [00:01<00:00, 221.23it/s]
Epoch 25/150:  57%|█████▋    | 256/449 [00:01<00:00, 219.77it/s]
Epoch 25/150:  62%|██████▏   | 279/449 [00:01<00:00, 217.23it/s]
Epoch 25/150:  67%|██████▋   | 302/449 [00:01<00:00, 218.91it/s]
Epoch 25/150:  72%|███████▏  | 324/449 [00:01<00:00, 213.32it/s]
Epoch 25/150:  78%|███████▊  | 350/449 [00:01<00:00, 224.10it/s]
Epoch 25/150:  83%|████████▎ | 373/449 [00:01<00:00, 213.06it/s]
Epoch 25/150:  89%|████████▉ | 400/449 [00:01<00:00, 227.14it/s]
Epoch 25/150:  94%|█████████▍| 423/449 [00:02<00:00, 208.63it/s]
Epoch 25/150: 100%|██████████| 449/449 [00:02<00:00, 220.28it/s]
Epoch 25/150: 100%|██████████| 449/449 [00:02<00:00, 200.63it/s]

Epoch 26/150:   0%|          | 0/449 [00:00<?, ?it/s]
Epoch 26/150:   0%|          | 1/449 [00:00<00:53,  8.42it/s]
Epoch 26/150:   5%|▍         | 22/449 [00:00<00:03, 116.43it/s]
Epoch 26/150:  11%|█         | 49/449 [00:00<00:02, 181.61it/s]
Epoch 26/150:  15%|█▌        | 69/449 [00:00<00:02, 185.81it/s]
Epoch 26/150:  20%|██        | 92/449 [00:00<00:01, 199.34it/s]
Epoch 26/150:  26%|██▌       | 116/449 [00:00<00:01, 210.68it/s]
Epoch 26/150:  31%|███       | 138/449 [00:00<00:01, 208.16it/s]
Epoch 26/150:  37%|███▋      | 164/449 [00:00<00:01, 223.84it/s]
Epoch 26/150:  42%|████▏     | 187/449 [00:00<00:01, 209.22it/s]
Epoch 26/150:  48%|████▊     | 215/449 [00:01<00:01, 229.19it/s]
Epoch 26/150:  53%|█████▎    | 239/449 [00:01<00:00, 211.64it/s]
Epoch 26/150:  59%|█████▉    | 266/449 [00:01<00:00, 225.96it/s]
Epoch 26/150:  65%|██████▍   | 290/449 [00:01<00:00, 213.13it/s]
Epoch 26/150:  70%|███████   | 316/449 [00:01<00:00, 225.54it/s]
Epoch 26/150:  76%|███████▌  | 339/449 [00:01<00:00, 209.81it/s]
Epoch 26/150:  82%|████████▏ | 366/449 [00:01<00:00, 224.35it/s]
Epoch 26/150:  87%|████████▋ | 389/449 [00:01<00:00, 213.68it/s]
Epoch 26/150:  92%|█████████▏| 415/449 [00:01<00:00, 224.34it/s]
Epoch 26/150:  98%|█████████▊| 438/449 [00:02<00:00, 215.44it/s]
Epoch 26/150: 100%|██████████| 449/449 [00:02<00:00, 202.58it/s]

Epoch 27/150:   0%|          | 0/449 [00:00<?, ?it/s]
Epoch 27/150:   0%|          | 1/449 [00:00<00:53,  8.33it/s]
Epoch 27/150:   6%|▋         | 29/449 [00:00<00:02, 153.52it/s]
Epoch 27/150:  11%|█         | 48/449 [00:00<00:02, 168.94it/s]
Epoch 27/150:  16%|█▌        | 70/449 [00:00<00:02, 188.07it/s]
Epoch 27/150:  21%|██        | 94/449 [00:00<00:01, 198.29it/s]
Epoch 27/150:  26%|██▌       | 115/449 [00:00<00:01, 199.41it/s]
Epoch 27/150:  31%|███       | 140/449 [00:00<00:01, 213.31it/s]
Epoch 27/150:  36%|███▌      | 162/449 [00:00<00:01, 200.58it/s]
Epoch 27/150:  42%|████▏     | 188/449 [00:00<00:01, 214.94it/s]
Epoch 27/150:  47%|████▋     | 210/449 [00:01<00:01, 205.42it/s]
Epoch 27/150:  53%|█████▎    | 237/449 [00:01<00:00, 222.87it/s]
Epoch 27/150:  58%|█████▊    | 260/449 [00:01<00:00, 206.81it/s]
Epoch 27/150:  64%|██████▎   | 286/449 [00:01<00:00, 220.46it/s]
Epoch 27/150:  69%|██████▉   | 309/449 [00:01<00:00, 208.52it/s]
Epoch 27/150:  75%|███████▌  | 337/449 [00:01<00:00, 225.69it/s]
Epoch 27/150:  80%|████████  | 360/449 [00:01<00:00, 213.57it/s]
Epoch 27/150:  86%|████████▌ | 386/449 [00:01<00:00, 225.49it/s]
Epoch 27/150:  91%|█████████ | 409/449 [00:01<00:00, 216.17it/s]
Epoch 27/150:  97%|█████████▋| 434/449 [00:02<00:00, 224.48it/s]
Epoch 27/150: 100%|██████████| 449/449 [00:02<00:00, 201.96it/s]

Epoch 28/150:   0%|          | 0/449 [00:00<?, ?it/s]
Epoch 28/150:   0%|          | 1/449 [00:00<00:53,  8.34it/s]
Epoch 28/150:   4%|▍         | 20/449 [00:00<00:04, 105.48it/s]
Epoch 28/150:  11%|█         | 49/449 [00:00<00:02, 183.34it/s]
Epoch 28/150:  15%|█▌        | 68/449 [00:00<00:02, 183.53it/s]
Epoch 28/150:  21%|██        | 93/449 [00:00<00:01, 205.34it/s]
Epoch 28/150:  25%|██▌       | 114/449 [00:00<00:01, 202.59it/s]
Epoch 28/150:  31%|███       | 137/449 [00:00<00:01, 210.44it/s]
Epoch 28/150:  36%|███▌      | 161/449 [00:00<00:01, 213.03it/s]
Epoch 28/150:  41%|████      | 183/449 [00:00<00:01, 211.76it/s]
Epoch 28/150:  47%|████▋     | 210/449 [00:01<00:01, 226.88it/s]
Epoch 28/150:  52%|█████▏    | 233/449 [00:01<00:01, 211.09it/s]
Epoch 28/150:  58%|█████▊    | 259/449 [00:01<00:00, 224.64it/s]
Epoch 28/150:  63%|██████▎   | 282/449 [00:01<00:00, 210.28it/s]
Epoch 28/150:  69%|██████▉   | 310/449 [00:01<00:00, 228.38it/s]
Epoch 28/150:  74%|███████▍  | 334/449 [00:01<00:00, 212.34it/s]
Epoch 28/150:  80%|████████  | 361/449 [00:01<00:00, 226.59it/s]
Epoch 28/150:  86%|████████▌ | 385/449 [00:01<00:00, 212.31it/s]
Epoch 28/150:  92%|█████████▏| 411/449 [00:01<00:00, 224.41it/s]
Epoch 28/150:  97%|█████████▋| 434/449 [00:02<00:00, 219.13it/s]
Epoch 28/150: 100%|██████████| 449/449 [00:02<00:00, 203.73it/s]

Epoch 29/150:   0%|          | 0/449 [00:00<?, ?it/s]
Epoch 29/150:   0%|          | 1/449 [00:00<00:52,  8.53it/s]
Epoch 29/150:   6%|▋         | 29/449 [00:00<00:02, 156.19it/s]
Epoch 29/150:  11%|█         | 49/449 [00:00<00:02, 173.10it/s]
Epoch 29/150:  16%|█▌        | 72/449 [00:00<00:01, 193.02it/s]
Epoch 29/150:  21%|██        | 94/449 [00:00<00:01, 201.99it/s]
Epoch 29/150:  26%|██▌       | 115/449 [00:00<00:01, 200.53it/s]
Epoch 29/150:  32%|███▏      | 142/449 [00:00<00:01, 221.30it/s]
Epoch 29/150:  37%|███▋      | 165/449 [00:00<00:01, 206.73it/s]
Epoch 29/150:  43%|████▎     | 193/449 [00:00<00:01, 225.67it/s]
Epoch 29/150:  48%|████▊     | 216/449 [00:01<00:01, 209.02it/s]
Epoch 29/150:  54%|█████▍    | 242/449 [00:01<00:00, 222.35it/s]
Epoch 29/150:  59%|█████▉    | 265/449 [00:01<00:00, 213.41it/s]
Epoch 29/150:  65%|██████▍   | 290/449 [00:01<00:00, 221.89it/s]
Epoch 29/150:  70%|██████▉   | 313/449 [00:01<00:00, 210.91it/s]
Epoch 29/150:  75%|███████▌  | 338/449 [00:01<00:00, 219.98it/s]
Epoch 29/150:  80%|████████  | 361/449 [00:01<00:00, 215.49it/s]
Epoch 29/150:  86%|████████▌ | 385/449 [00:01<00:00, 220.78it/s]
Epoch 29/150:  91%|█████████▏| 410/449 [00:01<00:00, 222.60it/s]
Epoch 29/150:  96%|█████████▋| 433/449 [00:02<00:00, 218.69it/s]
Epoch 29/150: 100%|██████████| 449/449 [00:02<00:00, 205.70it/s]

Epoch 30/150:   0%|          | 0/449 [00:00<?, ?it/s]
Epoch 30/150:   0%|          | 1/449 [00:00<00:53,  8.35it/s]
Epoch 30/150:   5%|▌         | 24/449 [00:00<00:03, 126.37it/s]
Epoch 30/150:  10%|█         | 46/449 [00:00<00:02, 165.52it/s]
Epoch 30/150:  17%|█▋        | 76/449 [00:00<00:01, 214.73it/s]
Epoch 30/150:  22%|██▏       | 98/449 [00:00<00:01, 203.69it/s]
Epoch 30/150:  27%|██▋       | 123/449 [00:00<00:01, 218.44it/s]
Epoch 30/150:  33%|███▎      | 146/449 [00:00<00:01, 209.15it/s]
Epoch 30/150:  38%|███▊      | 170/449 [00:00<00:01, 217.53it/s]
Epoch 30/150:  43%|████▎     | 193/449 [00:00<00:01, 209.17it/s]
Epoch 30/150:  48%|████▊     | 215/449 [00:01<00:01, 211.83it/s]
Epoch 30/150:  53%|█████▎    | 239/449 [00:01<00:00, 218.62it/s]
Epoch 30/150:  58%|█████▊    | 262/449 [00:01<00:00, 216.58it/s]
Epoch 30/150:  65%|██████▍   | 291/449 [00:01<00:00, 235.39it/s]
Epoch 30/150:  70%|███████   | 315/449 [00:01<00:00, 214.73it/s]
Epoch 30/150:  76%|███████▌  | 342/449 [00:01<00:00, 228.46it/s]
Epoch 30/150:  82%|████████▏ | 366/449 [00:01<00:00, 212.85it/s]
Epoch 30/150:  88%|████████▊ | 393/449 [00:01<00:00, 227.38it/s]
Epoch 30/150:  93%|█████████▎| 417/449 [00:02<00:00, 212.43it/s]
Epoch 30/150:  99%|█████████▉| 444/449 [00:02<00:00, 226.44it/s]
Epoch 30/150: 100%|██████████| 449/449 [00:02<00:00, 206.12it/s]

Epoch 31/150:   0%|          | 0/449 [00:00<?, ?it/s]
Epoch 31/150:   0%|          | 1/449 [00:00<00:54,  8.24it/s]
Epoch 31/150:   5%|▍         | 22/449 [00:00<00:03, 114.30it/s]
Epoch 31/150:  10%|█         | 47/449 [00:00<00:02, 170.54it/s]
Epoch 31/150:  15%|█▌        | 69/449 [00:00<00:02, 185.32it/s]
Epoch 31/150:  20%|██        | 90/449 [00:00<00:01, 192.58it/s]
Epoch 31/150:  26%|██▌       | 115/449 [00:00<00:01, 207.83it/s]
Epoch 31/150:  30%|███       | 136/449 [00:00<00:01, 200.94it/s]
Epoch 31/150:  36%|███▌      | 162/449 [00:00<00:01, 218.25it/s]
Epoch 31/150:  41%|████      | 185/449 [00:00<00:01, 209.30it/s]
Epoch 31/150:  47%|████▋     | 210/449 [00:01<00:01, 220.66it/s]
Epoch 31/150:  52%|█████▏    | 233/449 [00:01<00:01, 211.93it/s]
Epoch 31/150:  57%|█████▋    | 257/449 [00:01<00:00, 218.52it/s]
Epoch 31/150:  62%|██████▏   | 280/449 [00:01<00:00, 213.00it/s]
Epoch 31/150:  67%|██████▋   | 303/449 [00:01<00:00, 216.81it/s]
Epoch 31/150:  72%|███████▏  | 325/449 [00:01<00:00, 213.32it/s]
Epoch 31/150:  77%|███████▋  | 347/449 [00:01<00:00, 209.20it/s]
Epoch 31/150:  83%|████████▎ | 371/449 [00:01<00:00, 217.94it/s]
Epoch 31/150:  88%|████████▊ | 393/449 [00:01<00:00, 206.92it/s]
Epoch 31/150:  94%|█████████▎| 420/449 [00:02<00:00, 222.54it/s]
Epoch 31/150:  99%|█████████▊| 443/449 [00:02<00:00, 210.55it/s]
Epoch 31/150: 100%|██████████| 449/449 [00:02<00:00, 200.56it/s]

Epoch 32/150:   0%|          | 0/449 [00:00<?, ?it/s]
Epoch 32/150:   0%|          | 1/449 [00:00<00:53,  8.36it/s]
Epoch 32/150:   6%|▌         | 28/449 [00:00<00:02, 147.96it/s]
Epoch 32/150:  10%|█         | 47/449 [00:00<00:02, 165.42it/s]
Epoch 32/150:  16%|█▌        | 70/449 [00:00<00:01, 189.91it/s]
Epoch 32/150:  20%|██        | 91/449 [00:00<00:01, 194.75it/s]
Epoch 32/150:  25%|██▍       | 112/449 [00:00<00:01, 197.81it/s]
Epoch 32/150:  31%|███       | 139/449 [00:00<00:01, 219.69it/s]
Epoch 32/150:  36%|███▌      | 162/449 [00:00<00:01, 207.00it/s]
Epoch 32/150:  42%|████▏     | 188/449 [00:00<00:01, 221.96it/s]
Epoch 32/150:  47%|████▋     | 211/449 [00:01<00:01, 205.59it/s]
Epoch 32/150:  53%|█████▎    | 238/449 [00:01<00:00, 221.60it/s]
Epoch 32/150:  58%|█████▊    | 261/449 [00:01<00:00, 204.33it/s]
Epoch 32/150:  64%|██████▍   | 287/449 [00:01<00:00, 217.46it/s]
Epoch 32/150:  69%|██████▉   | 310/449 [00:01<00:00, 202.84it/s]
Epoch 32/150:  75%|███████▍  | 336/449 [00:01<00:00, 213.46it/s]
Epoch 32/150:  80%|███████▉  | 358/449 [00:01<00:00, 203.88it/s]
Epoch 32/150:  86%|████████▌ | 384/449 [00:01<00:00, 218.85it/s]
Epoch 32/150:  91%|█████████ | 407/449 [00:02<00:00, 206.44it/s]
Epoch 32/150:  97%|█████████▋| 434/449 [00:02<00:00, 222.80it/s]
Epoch 32/150: 100%|██████████| 449/449 [00:02<00:00, 199.30it/s]

Epoch 33/150:   0%|          | 0/449 [00:00<?, ?it/s]
Epoch 33/150:   0%|          | 1/449 [00:00<00:54,  8.29it/s]
Epoch 33/150:   6%|▌         | 25/449 [00:00<00:03, 133.02it/s]
Epoch 33/150:  11%|█         | 50/449 [00:00<00:02, 182.31it/s]
Epoch 33/150:  15%|█▌        | 69/449 [00:00<00:02, 179.30it/s]
Epoch 33/150:  21%|██▏       | 96/449 [00:00<00:01, 209.52it/s]
Epoch 33/150:  26%|██▋       | 118/449 [00:00<00:02, 138.30it/s]
Epoch 33/150:  31%|███       | 140/449 [00:00<00:01, 157.02it/s]
Epoch 33/150:  38%|███▊      | 169/449 [00:01<00:01, 188.80it/s]
Epoch 33/150:  43%|████▎     | 191/449 [00:01<00:01, 183.26it/s]
Epoch 33/150:  48%|████▊     | 217/449 [00:01<00:01, 202.10it/s]
Epoch 33/150:  53%|█████▎    | 239/449 [00:01<00:01, 197.48it/s]
Epoch 33/150:  59%|█████▉    | 265/449 [00:01<00:00, 213.61it/s]
Epoch 33/150:  64%|██████▍   | 288/449 [00:01<00:00, 202.66it/s]
Epoch 33/150:  70%|██████▉   | 313/449 [00:01<00:00, 213.85it/s]
Epoch 33/150:  75%|███████▍  | 336/449 [00:01<00:00, 204.04it/s]
Epoch 33/150:  80%|████████  | 360/449 [00:01<00:00, 213.66it/s]
Epoch 33/150:  85%|████████▌ | 382/449 [00:02<00:00, 211.17it/s]
Epoch 33/150:  90%|████████▉ | 404/449 [00:02<00:00, 210.26it/s]
Epoch 33/150:  95%|█████████▌| 428/449 [00:02<00:00, 213.60it/s]
Epoch 33/150: 100%|██████████| 449/449 [00:02<00:00, 188.40it/s]

Epoch 34/150:   0%|          | 0/449 [00:00<?, ?it/s]
Epoch 34/150:   0%|          | 1/449 [00:00<00:52,  8.54it/s]
Epoch 34/150:   6%|▌         | 26/449 [00:00<00:03, 138.51it/s]
Epoch 34/150:  10%|█         | 47/449 [00:00<00:02, 167.02it/s]
Epoch 34/150:  15%|█▌        | 68/449 [00:00<00:02, 182.89it/s]
Epoch 34/150:  21%|██        | 93/449 [00:00<00:01, 204.13it/s]
Epoch 34/150:  25%|██▌       | 114/449 [00:00<00:01, 198.09it/s]
Epoch 34/150:  31%|███▏      | 141/449 [00:00<00:01, 217.54it/s]
Epoch 34/150:  36%|███▋      | 163/449 [00:00<00:01, 201.12it/s]
Epoch 34/150:  42%|████▏     | 190/449 [00:00<00:01, 218.45it/s]
Epoch 34/150:  47%|████▋     | 213/449 [00:01<00:01, 202.64it/s]
Epoch 34/150:  53%|█████▎    | 239/449 [00:01<00:00, 217.87it/s]
Epoch 34/150:  58%|█████▊    | 262/449 [00:01<00:00, 208.94it/s]
Epoch 34/150:  64%|██████▎   | 286/449 [00:01<00:00, 215.61it/s]
Epoch 34/150:  69%|██████▊   | 308/449 [00:01<00:00, 201.89it/s]
Epoch 34/150:  73%|███████▎  | 330/449 [00:01<00:00, 204.98it/s]
Epoch 34/150:  78%|███████▊  | 351/449 [00:01<00:00, 200.39it/s]
Epoch 34/150:  84%|████████▎ | 375/449 [00:01<00:00, 209.48it/s]
Epoch 34/150:  88%|████████▊ | 397/449 [00:01<00:00, 207.88it/s]
Epoch 34/150:  93%|█████████▎| 419/449 [00:02<00:00, 211.26it/s]
Epoch 34/150:  99%|█████████▉| 445/449 [00:02<00:00, 217.69it/s]
Epoch 34/150: 100%|██████████| 449/449 [00:02<00:00, 197.70it/s]

Epoch 35/150:   0%|          | 0/449 [00:00<?, ?it/s]
Epoch 35/150:   0%|          | 1/449 [00:00<00:55,  8.13it/s]
Epoch 35/150:   5%|▌         | 23/449 [00:00<00:03, 121.81it/s]
Epoch 35/150:  11%|█         | 49/449 [00:00<00:02, 180.33it/s]
Epoch 35/150:  15%|█▌        | 69/449 [00:00<00:02, 180.19it/s]
Epoch 35/150:  22%|██▏       | 97/449 [00:00<00:01, 214.34it/s]
Epoch 35/150:  27%|██▋       | 119/449 [00:00<00:01, 206.12it/s]
Epoch 35/150:  32%|███▏      | 144/449 [00:00<00:01, 219.30it/s]
Epoch 35/150:  37%|███▋      | 167/449 [00:00<00:01, 211.57it/s]
Epoch 35/150:  43%|████▎     | 191/449 [00:00<00:01, 217.42it/s]
Epoch 35/150:  47%|████▋     | 213/449 [00:01<00:01, 212.77it/s]
Epoch 35/150:  52%|█████▏    | 235/449 [00:01<00:00, 214.29it/s]
Epoch 35/150:  58%|█████▊    | 261/449 [00:01<00:00, 225.26it/s]
Epoch 35/150:  63%|██████▎   | 284/449 [00:01<00:00, 211.08it/s]
Epoch 35/150:  69%|██████▉   | 311/449 [00:01<00:00, 225.03it/s]
Epoch 35/150:  74%|███████▍  | 334/449 [00:01<00:00, 209.09it/s]
Epoch 35/150:  80%|████████  | 360/449 [00:01<00:00, 221.36it/s]
Epoch 35/150:  85%|████████▌ | 383/449 [00:01<00:00, 206.06it/s]
Epoch 35/150:  91%|█████████▏| 410/449 [00:01<00:00, 220.79it/s]
Epoch 35/150:  96%|█████████▋| 433/449 [00:02<00:00, 207.57it/s]
Epoch 35/150: 100%|██████████| 449/449 [00:02<00:00, 202.05it/s]

Epoch 36/150:   0%|          | 0/449 [00:00<?, ?it/s]
Epoch 36/150:   0%|          | 1/449 [00:00<00:52,  8.57it/s]
Epoch 36/150:   6%|▌         | 25/449 [00:00<00:03, 135.89it/s]
Epoch 36/150:  10%|█         | 45/449 [00:00<00:02, 162.28it/s]
Epoch 36/150:  16%|█▋        | 73/449 [00:00<00:01, 205.51it/s]
Epoch 36/150:  21%|██        | 94/449 [00:00<00:01, 199.50it/s]
Epoch 36/150:  27%|██▋       | 119/449 [00:00<00:01, 215.63it/s]
Epoch 36/150:  31%|███▏      | 141/449 [00:00<00:01, 206.43it/s]
Epoch 36/150:  37%|███▋      | 166/449 [00:00<00:01, 216.99it/s]
Epoch 36/150:  42%|████▏     | 188/449 [00:00<00:01, 212.28it/s]
Epoch 36/150:  47%|████▋     | 210/449 [00:01<00:01, 210.99it/s]
Epoch 36/150:  52%|█████▏    | 233/449 [00:01<00:01, 210.80it/s]
Epoch 36/150:  57%|█████▋    | 255/449 [00:01<00:00, 208.10it/s]
Epoch 36/150:  63%|██████▎   | 281/449 [00:01<00:00, 218.39it/s]
Epoch 36/150:  67%|██████▋   | 303/449 [00:01<00:00, 205.12it/s]
Epoch 36/150:  73%|███████▎  | 330/449 [00:01<00:00, 222.33it/s]
Epoch 36/150:  79%|███████▊  | 353/449 [00:01<00:00, 210.58it/s]
Epoch 36/150:  84%|████████▍ | 379/449 [00:01<00:00, 221.64it/s]
Epoch 36/150:  90%|████████▉ | 402/449 [00:01<00:00, 206.76it/s]
Epoch 36/150:  95%|█████████▌| 428/449 [00:02<00:00, 217.29it/s]
Epoch 36/150: 100%|██████████| 449/449 [00:02<00:00, 199.52it/s]

Epoch 37/150:   0%|          | 0/449 [00:00<?, ?it/s]
Epoch 37/150:   0%|          | 1/449 [00:00<00:53,  8.43it/s]
Epoch 37/150:   6%|▌         | 27/449 [00:00<00:02, 145.65it/s]
Epoch 37/150:  11%|█         | 48/449 [00:00<00:02, 171.03it/s]
Epoch 37/150:  15%|█▌        | 69/449 [00:00<00:02, 184.75it/s]
Epoch 37/150:  21%|██        | 94/449 [00:00<00:01, 202.66it/s]
Epoch 37/150:  26%|██▌       | 115/449 [00:00<00:01, 199.50it/s]
Epoch 37/150:  32%|███▏      | 142/449 [00:00<00:01, 220.59it/s]
Epoch 37/150:  37%|███▋      | 165/449 [00:00<00:01, 204.76it/s]
Epoch 37/150:  43%|████▎     | 192/449 [00:00<00:01, 220.91it/s]
Epoch 37/150:  48%|████▊     | 215/449 [00:01<00:01, 204.90it/s]
Epoch 37/150:  54%|█████▎    | 241/449 [00:01<00:00, 219.74it/s]
Epoch 37/150:  59%|█████▉    | 264/449 [00:01<00:00, 209.00it/s]
Epoch 37/150:  65%|██████▍   | 291/449 [00:01<00:00, 223.91it/s]
Epoch 37/150:  70%|██████▉   | 314/449 [00:01<00:00, 207.37it/s]
Epoch 37/150:  76%|███████▌  | 341/449 [00:01<00:00, 222.49it/s]
Epoch 37/150:  81%|████████  | 364/449 [00:01<00:00, 208.91it/s]
Epoch 37/150:  87%|████████▋ | 390/449 [00:01<00:00, 221.54it/s]
Epoch 37/150:  92%|█████████▏| 413/449 [00:02<00:00, 209.56it/s]
Epoch 37/150:  98%|█████████▊| 438/449 [00:02<00:00, 219.34it/s]
Epoch 37/150: 100%|██████████| 449/449 [00:02<00:00, 200.67it/s]

Epoch 38/150:   0%|          | 0/449 [00:00<?, ?it/s]
Epoch 38/150:   0%|          | 1/449 [00:00<00:55,  8.13it/s]
Epoch 38/150:   5%|▌         | 23/449 [00:00<00:03, 119.96it/s]
Epoch 38/150:  11%|█         | 49/449 [00:00<00:02, 179.37it/s]
Epoch 38/150:  15%|█▌        | 68/449 [00:00<00:02, 180.99it/s]
Epoch 38/150:  21%|██        | 93/449 [00:00<00:01, 204.38it/s]
Epoch 38/150:  25%|██▌       | 114/449 [00:00<00:01, 197.23it/s]
Epoch 38/150:  31%|███       | 139/449 [00:00<00:01, 212.46it/s]
Epoch 38/150:  36%|███▌      | 161/449 [00:00<00:01, 209.22it/s]
Epoch 38/150:  41%|████      | 183/449 [00:00<00:01, 210.38it/s]
Epoch 38/150:  47%|████▋     | 209/449 [00:01<00:01, 222.71it/s]
Epoch 38/150:  52%|█████▏    | 232/449 [00:01<00:01, 212.41it/s]
Epoch 38/150:  57%|█████▋    | 258/449 [00:01<00:00, 225.23it/s]
Epoch 38/150:  63%|██████▎   | 281/449 [00:01<00:00, 209.73it/s]
Epoch 38/150:  68%|██████▊   | 307/449 [00:01<00:00, 222.81it/s]
Epoch 38/150:  73%|███████▎  | 330/449 [00:01<00:00, 204.93it/s]
Epoch 38/150:  80%|███████▉  | 357/449 [00:01<00:00, 219.99it/s]
Epoch 38/150:  85%|████████▍ | 380/449 [00:01<00:00, 205.32it/s]
Epoch 38/150:  91%|█████████ | 407/449 [00:01<00:00, 221.31it/s]
Epoch 38/150:  96%|█████████▌| 430/449 [00:02<00:00, 206.87it/s]
Epoch 38/150: 100%|██████████| 449/449 [00:02<00:00, 200.91it/s]

Epoch 39/150:   0%|          | 0/449 [00:00<?, ?it/s]
Epoch 39/150:   0%|          | 1/449 [00:00<00:53,  8.41it/s]
Epoch 39/150:   6%|▌         | 26/449 [00:00<00:03, 138.74it/s]
Epoch 39/150:  10%|█         | 46/449 [00:00<00:02, 162.60it/s]
Epoch 39/150:  16%|█▌        | 72/449 [00:00<00:01, 199.55it/s]
Epoch 39/150:  21%|██        | 93/449 [00:00<00:01, 195.58it/s]
Epoch 39/150:  27%|██▋       | 120/449 [00:00<00:01, 217.07it/s]
Epoch 39/150:  32%|███▏      | 142/449 [00:00<00:01, 204.40it/s]
Epoch 39/150:  37%|███▋      | 167/449 [00:00<00:01, 217.76it/s]
Epoch 39/150:  42%|████▏     | 190/449 [00:00<00:01, 210.94it/s]
Epoch 39/150:  48%|████▊     | 214/449 [00:01<00:01, 217.12it/s]
Epoch 39/150:  53%|█████▎    | 236/449 [00:01<00:01, 208.91it/s]
Epoch 39/150:  58%|█████▊    | 259/449 [00:01<00:00, 213.64it/s]
Epoch 39/150:  63%|██████▎   | 281/449 [00:01<00:00, 210.29it/s]
Epoch 39/150:  67%|██████▋   | 303/449 [00:01<00:00, 209.51it/s]
Epoch 39/150:  73%|███████▎  | 330/449 [00:01<00:00, 226.56it/s]
Epoch 39/150:  79%|███████▊  | 353/449 [00:01<00:00, 209.77it/s]
Epoch 39/150:  85%|████████▍ | 380/449 [00:01<00:00, 221.36it/s]
Epoch 39/150:  90%|████████▉ | 403/449 [00:01<00:00, 209.26it/s]
Epoch 39/150:  96%|█████████▌| 430/449 [00:02<00:00, 221.43it/s]
Epoch 39/150: 100%|██████████| 449/449 [00:02<00:00, 201.52it/s]

Epoch 40/150:   0%|          | 0/449 [00:00<?, ?it/s]
Epoch 40/150:   0%|          | 1/449 [00:00<00:53,  8.34it/s]
Epoch 40/150:   6%|▌         | 26/449 [00:00<00:03, 139.32it/s]
Epoch 40/150:  10%|█         | 47/449 [00:00<00:02, 167.54it/s]
Epoch 40/150:  15%|█▌        | 68/449 [00:00<00:02, 181.79it/s]
Epoch 40/150:  21%|██        | 93/449 [00:00<00:01, 202.54it/s]
Epoch 40/150:  25%|██▌       | 114/449 [00:00<00:01, 198.88it/s]
Epoch 40/150:  32%|███▏      | 142/449 [00:00<00:01, 222.38it/s]
Epoch 40/150:  37%|███▋      | 165/449 [00:00<00:01, 209.75it/s]
Epoch 40/150:  43%|████▎     | 191/449 [00:00<00:01, 221.68it/s]
Epoch 40/150:  48%|████▊     | 214/449 [00:01<00:01, 216.29it/s]
Epoch 40/150:  54%|█████▎    | 241/449 [00:01<00:00, 231.08it/s]
Epoch 40/150:  59%|█████▉    | 265/449 [00:01<00:00, 216.02it/s]
Epoch 40/150:  64%|██████▍   | 289/449 [00:01<00:00, 221.43it/s]
Epoch 40/150:  69%|██████▉   | 312/449 [00:01<00:00, 218.42it/s]
Epoch 40/150:  75%|███████▍  | 335/449 [00:01<00:00, 215.89it/s]
Epoch 40/150:  80%|███████▉  | 359/449 [00:01<00:00, 217.63it/s]
Epoch 40/150:  85%|████████▍ | 381/449 [00:01<00:00, 212.07it/s]
Epoch 40/150:  90%|█████████ | 405/449 [00:01<00:00, 218.91it/s]
Epoch 40/150:  95%|█████████▌| 427/449 [00:02<00:00, 208.18it/s]
Epoch 40/150: 100%|██████████| 449/449 [00:02<00:00, 204.77it/s]

Epoch 41/150:   0%|          | 0/449 [00:00<?, ?it/s]
Epoch 41/150:   0%|          | 1/449 [00:00<00:52,  8.48it/s]
Epoch 41/150:   6%|▌         | 26/449 [00:00<00:03, 138.87it/s]
Epoch 41/150:  10%|█         | 45/449 [00:00<00:02, 158.75it/s]
Epoch 41/150:  16%|█▋        | 73/449 [00:00<00:01, 203.89it/s]
Epoch 41/150:  21%|██        | 94/449 [00:00<00:01, 193.72it/s]
Epoch 41/150:  27%|██▋       | 120/449 [00:00<00:01, 212.66it/s]
Epoch 41/150:  32%|███▏      | 142/449 [00:00<00:01, 206.95it/s]
Epoch 41/150:  37%|███▋      | 165/449 [00:00<00:01, 212.72it/s]
Epoch 41/150:  42%|████▏     | 188/449 [00:00<00:01, 214.34it/s]
Epoch 41/150:  47%|████▋     | 210/449 [00:01<00:01, 211.21it/s]
Epoch 41/150:  52%|█████▏    | 235/449 [00:01<00:00, 220.82it/s]
Epoch 41/150:  57%|█████▋    | 258/449 [00:01<00:00, 212.41it/s]
Epoch 41/150:  63%|██████▎   | 285/449 [00:01<00:00, 227.02it/s]
Epoch 41/150:  69%|██████▊   | 308/449 [00:01<00:00, 209.94it/s]
Epoch 41/150:  75%|███████▍  | 335/449 [00:01<00:00, 225.66it/s]
Epoch 41/150:  80%|███████▉  | 358/449 [00:01<00:00, 207.89it/s]
Epoch 41/150:  86%|████████▌ | 385/449 [00:01<00:00, 222.50it/s]
Epoch 41/150:  91%|█████████ | 408/449 [00:01<00:00, 207.78it/s]
Epoch 41/150:  97%|█████████▋| 435/449 [00:02<00:00, 224.23it/s]
Epoch 41/150: 100%|██████████| 449/449 [00:02<00:00, 202.94it/s]

Epoch 42/150:   0%|          | 0/449 [00:00<?, ?it/s]
Epoch 42/150:   0%|          | 1/449 [00:00<01:00,  7.43it/s]
Epoch 42/150:   6%|▌         | 27/449 [00:00<00:03, 137.36it/s]
Epoch 42/150:  10%|█         | 46/449 [00:00<00:02, 157.21it/s]
Epoch 42/150:  16%|█▌        | 71/449 [00:00<00:01, 189.06it/s]
Epoch 42/150:  20%|██        | 91/449 [00:00<00:01, 189.60it/s]
Epoch 42/150:  26%|██▌       | 115/449 [00:00<00:01, 204.90it/s]
Epoch 42/150:  31%|███       | 137/449 [00:00<00:01, 208.15it/s]
Epoch 42/150:  35%|███▌      | 159/449 [00:00<00:01, 206.67it/s]
Epoch 42/150:  41%|████      | 184/449 [00:00<00:01, 217.29it/s]
Epoch 42/150:  46%|████▌     | 206/449 [00:01<00:01, 205.89it/s]
Epoch 42/150:  52%|█████▏    | 232/449 [00:01<00:00, 219.81it/s]
Epoch 42/150:  57%|█████▋    | 255/449 [00:01<00:00, 205.82it/s]
Epoch 42/150:  63%|██████▎   | 282/449 [00:01<00:00, 222.22it/s]
Epoch 42/150:  68%|██████▊   | 305/449 [00:01<00:00, 207.35it/s]
Epoch 42/150:  74%|███████▎  | 331/449 [00:01<00:00, 221.20it/s]
Epoch 42/150:  79%|███████▉  | 354/449 [00:01<00:00, 211.79it/s]
Epoch 42/150:  85%|████████▍ | 381/449 [00:01<00:00, 225.92it/s]
Epoch 42/150:  90%|████████▉ | 404/449 [00:01<00:00, 209.36it/s]
Epoch 42/150:  96%|█████████▌| 430/449 [00:02<00:00, 222.86it/s]
Epoch 42/150: 100%|██████████| 449/449 [00:02<00:00, 198.86it/s]

Epoch 43/150:   0%|          | 0/449 [00:00<?, ?it/s]
Epoch 43/150:   0%|          | 1/449 [00:00<00:57,  7.83it/s]
Epoch 43/150:   6%|▌         | 26/449 [00:00<00:03, 133.37it/s]
Epoch 43/150:  11%|█         | 50/449 [00:00<00:02, 172.73it/s]
Epoch 43/150:  16%|█▌        | 71/449 [00:00<00:02, 186.50it/s]
Epoch 43/150:  22%|██▏       | 98/449 [00:00<00:01, 213.38it/s]
Epoch 43/150:  27%|██▋       | 120/449 [00:00<00:01, 201.15it/s]
Epoch 43/150:  33%|███▎      | 148/449 [00:00<00:01, 222.09it/s]
Epoch 43/150:  38%|███▊      | 171/449 [00:00<00:01, 206.50it/s]
Epoch 43/150:  44%|████▍     | 198/449 [00:01<00:01, 222.16it/s]
Epoch 43/150:  49%|████▉     | 221/449 [00:01<00:01, 204.70it/s]
Epoch 43/150:  55%|█████▌    | 248/449 [00:01<00:00, 220.82it/s]
Epoch 43/150:  60%|██████    | 271/449 [00:01<00:00, 210.37it/s]
Epoch 43/150:  66%|██████▌   | 296/449 [00:01<00:00, 221.04it/s]
Epoch 43/150:  71%|███████   | 319/449 [00:01<00:00, 210.46it/s]
Epoch 43/150:  76%|███████▋  | 343/449 [00:01<00:00, 217.67it/s]
Epoch 43/150:  82%|████████▏ | 366/449 [00:01<00:00, 210.45it/s]
Epoch 43/150:  87%|████████▋ | 389/449 [00:01<00:00, 214.56it/s]
Epoch 43/150:  92%|█████████▏| 411/449 [00:02<00:00, 210.60it/s]
Epoch 43/150:  96%|█████████▋| 433/449 [00:02<00:00, 211.67it/s]
Epoch 43/150: 100%|██████████| 449/449 [00:02<00:00, 202.66it/s]

Epoch 44/150:   0%|          | 0/449 [00:00<?, ?it/s]
Epoch 44/150:   0%|          | 1/449 [00:00<00:53,  8.43it/s]
Epoch 44/150:   6%|▌         | 27/449 [00:00<00:03, 140.07it/s]
Epoch 44/150:  10%|█         | 45/449 [00:00<00:02, 154.89it/s]
Epoch 44/150:  16%|█▌        | 72/449 [00:00<00:01, 195.91it/s]
Epoch 44/150:  20%|██        | 92/449 [00:00<00:01, 190.27it/s]
Epoch 44/150:  26%|██▌       | 116/449 [00:00<00:01, 205.26it/s]
Epoch 44/150:  31%|███       | 138/449 [00:00<00:01, 207.23it/s]
Epoch 44/150:  35%|███▌      | 159/449 [00:00<00:01, 207.47it/s]
Epoch 44/150:  41%|████▏     | 186/449 [00:00<00:01, 223.85it/s]
Epoch 44/150:  47%|████▋     | 209/449 [00:01<00:01, 209.71it/s]
Epoch 44/150:  53%|█████▎    | 236/449 [00:01<00:00, 225.60it/s]
Epoch 44/150:  58%|█████▊    | 259/449 [00:01<00:00, 207.02it/s]
Epoch 44/150:  64%|██████▎   | 286/449 [00:01<00:00, 223.05it/s]
Epoch 44/150:  69%|██████▉   | 309/449 [00:01<00:00, 209.98it/s]
Epoch 44/150:  75%|███████▍  | 336/449 [00:01<00:00, 223.89it/s]
Epoch 44/150:  80%|███████▉  | 359/449 [00:01<00:00, 208.65it/s]
Epoch 44/150:  86%|████████▌ | 387/449 [00:01<00:00, 225.56it/s]
Epoch 44/150:  92%|█████████▏| 411/449 [00:02<00:00, 213.22it/s]
Epoch 44/150:  98%|█████████▊| 439/449 [00:02<00:00, 229.39it/s]
Epoch 44/150: 100%|██████████| 449/449 [00:02<00:00, 202.89it/s]

Epoch 45/150:   0%|          | 0/449 [00:00<?, ?it/s]
Epoch 45/150:   0%|          | 1/449 [00:00<00:56,  7.98it/s]
Epoch 45/150:   4%|▍         | 20/449 [00:00<00:04, 104.87it/s]
Epoch 45/150:  11%|█         | 49/449 [00:00<00:02, 181.71it/s]
Epoch 45/150:  15%|█▌        | 68/449 [00:00<00:02, 180.22it/s]
Epoch 45/150:  20%|██        | 92/449 [00:00<00:01, 199.62it/s]
Epoch 45/150:  25%|██▌       | 113/449 [00:00<00:01, 198.09it/s]
Epoch 45/150:  30%|███       | 136/449 [00:00<00:01, 205.59it/s]
Epoch 45/150:  35%|███▍      | 157/449 [00:00<00:01, 206.07it/s]
Epoch 45/150:  40%|███▉      | 178/449 [00:00<00:01, 203.53it/s]
Epoch 45/150:  46%|████▌     | 205/449 [00:01<00:01, 220.95it/s]
Epoch 45/150:  51%|█████     | 228/449 [00:01<00:01, 207.34it/s]
Epoch 45/150:  57%|█████▋    | 256/449 [00:01<00:00, 225.75it/s]
Epoch 45/150:  62%|██████▏   | 279/449 [00:01<00:00, 207.50it/s]
Epoch 45/150:  68%|██████▊   | 307/449 [00:01<00:00, 224.84it/s]
Epoch 45/150:  73%|███████▎  | 330/449 [00:01<00:00, 211.42it/s]
Epoch 45/150:  80%|███████▉  | 358/449 [00:01<00:00, 228.87it/s]
Epoch 45/150:  85%|████████▌ | 382/449 [00:01<00:00, 209.89it/s]
Epoch 45/150:  91%|█████████ | 409/449 [00:01<00:00, 225.48it/s]
Epoch 45/150:  96%|█████████▋| 433/449 [00:02<00:00, 211.04it/s]
Epoch 45/150: 100%|██████████| 449/449 [00:02<00:00, 200.87it/s]

Epoch 46/150:   0%|          | 0/449 [00:00<?, ?it/s]
Epoch 46/150:   0%|          | 1/449 [00:00<00:52,  8.47it/s]
Epoch 46/150:   6%|▌         | 26/449 [00:00<00:03, 138.11it/s]
Epoch 46/150:  10%|▉         | 44/449 [00:00<00:02, 153.99it/s]
Epoch 46/150:  16%|█▌        | 71/449 [00:00<00:01, 196.36it/s]
Epoch 46/150:  20%|██        | 92/449 [00:00<00:01, 193.66it/s]
Epoch 46/150:  26%|██▋       | 118/449 [00:00<00:01, 213.82it/s]
Epoch 46/150:  31%|███       | 140/449 [00:00<00:01, 209.69it/s]
Epoch 46/150:  36%|███▋      | 163/449 [00:00<00:01, 215.73it/s]
Epoch 46/150:  41%|████▏     | 186/449 [00:00<00:01, 216.37it/s]
Epoch 46/150:  46%|████▋     | 208/449 [00:01<00:01, 209.41it/s]
Epoch 46/150:  52%|█████▏    | 234/449 [00:01<00:00, 220.72it/s]
Epoch 46/150:  57%|█████▋    | 257/449 [00:01<00:00, 210.87it/s]
Epoch 46/150:  63%|██████▎   | 284/449 [00:01<00:00, 226.69it/s]
Epoch 46/150:  68%|██████▊   | 307/449 [00:01<00:00, 208.43it/s]
Epoch 46/150:  74%|███████▍  | 334/449 [00:01<00:00, 225.12it/s]
Epoch 46/150:  80%|███████▉  | 357/449 [00:01<00:00, 211.97it/s]
Epoch 46/150:  85%|████████▌ | 383/449 [00:01<00:00, 225.04it/s]
Epoch 46/150:  90%|█████████ | 406/449 [00:01<00:00, 212.55it/s]
Epoch 46/150:  96%|█████████▌| 431/449 [00:02<00:00, 222.47it/s]
Epoch 46/150: 100%|██████████| 449/449 [00:02<00:00, 203.59it/s]

Epoch 47/150:   0%|          | 0/449 [00:00<?, ?it/s]
Epoch 47/150:   0%|          | 1/449 [00:00<00:53,  8.41it/s]
Epoch 47/150:   5%|▍         | 21/449 [00:00<00:03, 109.36it/s]
Epoch 47/150:  11%|█         | 49/449 [00:00<00:02, 181.85it/s]
Epoch 47/150:  15%|█▌        | 68/449 [00:00<00:02, 180.09it/s]
Epoch 47/150:  20%|██        | 92/449 [00:00<00:01, 200.56it/s]
Epoch 47/150:  25%|██▌       | 113/449 [00:00<00:01, 200.23it/s]
Epoch 47/150:  30%|███       | 135/449 [00:00<00:01, 205.90it/s]
Epoch 47/150:  35%|███▌      | 159/449 [00:00<00:01, 216.34it/s]
Epoch 47/150:  40%|████      | 181/449 [00:00<00:01, 206.22it/s]
Epoch 47/150:  46%|████▌     | 207/449 [00:01<00:01, 220.10it/s]
Epoch 47/150:  51%|█████     | 230/449 [00:01<00:01, 208.68it/s]
Epoch 47/150:  57%|█████▋    | 258/449 [00:01<00:00, 226.47it/s]
Epoch 47/150:  63%|██████▎   | 281/449 [00:01<00:00, 209.48it/s]
Epoch 47/150:  68%|██████▊   | 307/449 [00:01<00:00, 222.25it/s]
Epoch 47/150:  73%|███████▎  | 330/449 [00:01<00:00, 209.27it/s]
Epoch 47/150:  79%|███████▉  | 356/449 [00:01<00:00, 222.39it/s]
Epoch 47/150:  84%|████████▍ | 379/449 [00:01<00:00, 208.53it/s]
Epoch 47/150:  90%|█████████ | 406/449 [00:01<00:00, 223.73it/s]
Epoch 47/150:  96%|█████████▌| 429/449 [00:02<00:00, 208.71it/s]
Epoch 47/150: 100%|██████████| 449/449 [00:02<00:00, 201.37it/s]

Epoch 48/150:   0%|          | 0/449 [00:00<?, ?it/s]
Epoch 48/150:   0%|          | 1/449 [00:00<00:52,  8.46it/s]
Epoch 48/150:   6%|▌         | 27/449 [00:00<00:03, 138.47it/s]
Epoch 48/150:  11%|█         | 49/449 [00:00<00:02, 170.89it/s]
Epoch 48/150:  17%|█▋        | 75/449 [00:00<00:01, 203.52it/s]
Epoch 48/150:  21%|██▏       | 96/449 [00:00<00:01, 191.82it/s]
Epoch 48/150:  27%|██▋       | 123/449 [00:00<00:01, 216.27it/s]
Epoch 48/150:  33%|███▎      | 146/449 [00:00<00:01, 206.24it/s]
Epoch 48/150:  38%|███▊      | 172/449 [00:00<00:01, 220.06it/s]
Epoch 48/150:  43%|████▎     | 195/449 [00:01<00:01, 206.16it/s]
Epoch 48/150:  49%|████▉     | 221/449 [00:01<00:01, 218.85it/s]
Epoch 48/150:  54%|█████▍    | 244/449 [00:01<00:00, 210.37it/s]
Epoch 48/150:  60%|█████▉    | 269/449 [00:01<00:00, 219.82it/s]
Epoch 48/150:  65%|██████▌   | 292/449 [00:01<00:00, 211.45it/s]
Epoch 48/150:  70%|███████   | 316/449 [00:01<00:00, 217.81it/s]
Epoch 48/150:  75%|███████▌  | 338/449 [00:01<00:00, 210.79it/s]
Epoch 48/150:  80%|████████  | 361/449 [00:01<00:00, 215.52it/s]
Epoch 48/150:  86%|████████▌ | 385/449 [00:01<00:00, 217.63it/s]
Epoch 48/150:  91%|█████████ | 407/449 [00:01<00:00, 211.61it/s]
Epoch 48/150:  97%|█████████▋| 434/449 [00:02<00:00, 222.94it/s]
Epoch 48/150: 100%|██████████| 449/449 [00:02<00:00, 201.28it/s]

Epoch 49/150:   0%|          | 0/449 [00:00<?, ?it/s]
Epoch 49/150:   0%|          | 1/449 [00:00<00:56,  7.89it/s]
Epoch 49/150:   6%|▌         | 26/449 [00:00<00:03, 133.81it/s]
Epoch 49/150:  10%|█         | 47/449 [00:00<00:02, 163.11it/s]
Epoch 49/150:  15%|█▌        | 69/449 [00:00<00:02, 183.85it/s]
Epoch 49/150:  20%|██        | 91/449 [00:00<00:01, 192.48it/s]
Epoch 49/150:  25%|██▍       | 111/449 [00:00<00:01, 194.82it/s]
Epoch 49/150:  30%|███       | 135/449 [00:00<00:01, 209.04it/s]
Epoch 49/150:  35%|███▍      | 157/449 [00:00<00:01, 195.86it/s]
Epoch 49/150:  41%|████      | 182/449 [00:00<00:01, 210.94it/s]
Epoch 49/150:  45%|████▌     | 204/449 [00:01<00:01, 198.44it/s]
Epoch 49/150:  51%|█████     | 230/449 [00:01<00:01, 213.19it/s]
Epoch 49/150:  56%|█████▌    | 252/449 [00:01<00:00, 203.98it/s]
Epoch 49/150:  61%|██████▏   | 276/449 [00:01<00:00, 213.82it/s]
Epoch 49/150:  66%|██████▋   | 298/449 [00:01<00:00, 202.22it/s]
Epoch 49/150:  72%|███████▏  | 324/449 [00:01<00:00, 216.23it/s]
Epoch 49/150:  77%|███████▋  | 346/449 [00:01<00:00, 203.43it/s]
Epoch 49/150:  82%|████████▏ | 370/449 [00:01<00:00, 211.60it/s]
Epoch 49/150:  87%|████████▋ | 392/449 [00:01<00:00, 203.56it/s]
Epoch 49/150:  92%|█████████▏| 414/449 [00:02<00:00, 207.51it/s]
Epoch 49/150:  97%|█████████▋| 435/449 [00:02<00:00, 204.86it/s]
Epoch 49/150: 100%|██████████| 449/449 [00:02<00:00, 192.68it/s]

Epoch 50/150:   0%|          | 0/449 [00:00<?, ?it/s]
Epoch 50/150:   0%|          | 1/449 [00:00<00:52,  8.61it/s]
Epoch 50/150:   6%|▌         | 28/449 [00:00<00:02, 150.83it/s]
Epoch 50/150:  11%|█         | 48/449 [00:00<00:02, 170.34it/s]
Epoch 50/150:  16%|█▌        | 72/449 [00:00<00:01, 195.08it/s]
Epoch 50/150:  21%|██        | 95/449 [00:00<00:01, 204.02it/s]
Epoch 50/150:  26%|██▌       | 116/449 [00:00<00:01, 201.74it/s]
Epoch 50/150:  32%|███▏      | 143/449 [00:00<00:01, 220.73it/s]
Epoch 50/150:  37%|███▋      | 166/449 [00:00<00:01, 207.38it/s]
Epoch 50/150:  43%|████▎     | 193/449 [00:00<00:01, 223.11it/s]
Epoch 50/150:  48%|████▊     | 216/449 [00:01<00:01, 207.52it/s]
Epoch 50/150:  54%|█████▍    | 244/449 [00:01<00:00, 225.19it/s]
Epoch 50/150:  59%|█████▉    | 267/449 [00:01<00:00, 209.20it/s]
Epoch 50/150:  65%|██████▌   | 294/449 [00:01<00:00, 225.50it/s]
Epoch 50/150:  71%|███████   | 318/449 [00:01<00:00, 209.39it/s]
Epoch 50/150:  76%|███████▌  | 340/449 [00:01<00:00, 158.85it/s]
Epoch 50/150:  82%|████████▏ | 367/449 [00:01<00:00, 182.93it/s]
Epoch 50/150:  86%|████████▋ | 388/449 [00:02<00:00, 182.20it/s]
Epoch 50/150:  92%|█████████▏| 414/449 [00:02<00:00, 200.61it/s]
Epoch 50/150:  97%|█████████▋| 436/449 [00:02<00:00, 197.25it/s]
Epoch 50/150: 100%|██████████| 449/449 [00:02<00:00, 192.73it/s]

Epoch 51/150:   0%|          | 0/449 [00:00<?, ?it/s]
Epoch 51/150:   0%|          | 1/449 [00:00<00:52,  8.49it/s]
Epoch 51/150:   6%|▌         | 28/449 [00:00<00:02, 149.81it/s]
Epoch 51/150:  10%|█         | 47/449 [00:00<00:02, 167.11it/s]
Epoch 51/150:  16%|█▌        | 71/449 [00:00<00:01, 193.63it/s]
Epoch 51/150:  21%|██        | 93/449 [00:00<00:01, 202.16it/s]
Epoch 51/150:  25%|██▌       | 114/449 [00:00<00:01, 204.63it/s]
Epoch 51/150:  31%|███▏      | 141/449 [00:00<00:01, 223.91it/s]
Epoch 51/150:  37%|███▋      | 164/449 [00:00<00:01, 207.37it/s]
Epoch 51/150:  43%|████▎     | 192/449 [00:00<00:01, 226.26it/s]
Epoch 51/150:  48%|████▊     | 215/449 [00:01<00:01, 216.23it/s]
Epoch 51/150:  53%|█████▎    | 240/449 [00:01<00:00, 223.36it/s]
Epoch 51/150:  59%|█████▊    | 263/449 [00:01<00:00, 210.92it/s]
Epoch 51/150:  64%|██████▍   | 288/449 [00:01<00:00, 221.31it/s]
Epoch 51/150:  69%|██████▉   | 311/449 [00:01<00:00, 211.69it/s]
Epoch 51/150:  74%|███████▍  | 334/449 [00:01<00:00, 216.65it/s]
Epoch 51/150:  79%|███████▉  | 356/449 [00:01<00:00, 213.80it/s]
Epoch 51/150:  84%|████████▍ | 378/449 [00:01<00:00, 209.72it/s]
Epoch 51/150:  90%|████████▉ | 404/449 [00:01<00:00, 219.60it/s]
Epoch 51/150:  95%|█████████▌| 427/449 [00:02<00:00, 213.51it/s]
Epoch 51/150: 100%|██████████| 449/449 [00:02<00:00, 205.06it/s]

Epoch 52/150:   0%|          | 0/449 [00:00<?, ?it/s]
Epoch 52/150:   0%|          | 1/449 [00:00<00:54,  8.22it/s]
Epoch 52/150:   5%|▍         | 22/449 [00:00<00:03, 115.19it/s]
Epoch 52/150:  10%|█         | 45/449 [00:00<00:02, 163.81it/s]
Epoch 52/150:  16%|█▌        | 70/449 [00:00<00:01, 195.66it/s]
Epoch 52/150:  20%|██        | 91/449 [00:00<00:01, 191.85it/s]
Epoch 52/150:  26%|██▋       | 118/449 [00:00<00:01, 214.84it/s]
Epoch 52/150:  31%|███       | 140/449 [00:00<00:01, 202.82it/s]
Epoch 52/150:  37%|███▋      | 167/449 [00:00<00:01, 220.34it/s]
Epoch 52/150:  42%|████▏     | 190/449 [00:00<00:01, 210.31it/s]
Epoch 52/150:  48%|████▊     | 217/449 [00:01<00:01, 225.10it/s]
Epoch 52/150:  53%|█████▎    | 240/449 [00:01<00:00, 216.31it/s]
Epoch 52/150:  59%|█████▉    | 264/449 [00:01<00:00, 222.03it/s]
Epoch 52/150:  64%|██████▍   | 287/449 [00:01<00:00, 219.09it/s]
Epoch 52/150:  69%|██████▉   | 310/449 [00:01<00:00, 218.32it/s]
Epoch 52/150:  74%|███████▍  | 334/449 [00:01<00:00, 223.96it/s]
Epoch 52/150:  80%|███████▉  | 357/449 [00:01<00:00, 215.24it/s]
Epoch 52/150:  85%|████████▌ | 383/449 [00:01<00:00, 227.69it/s]
Epoch 52/150:  90%|█████████ | 406/449 [00:01<00:00, 208.92it/s]
Epoch 52/150:  96%|█████████▌| 432/449 [00:02<00:00, 222.18it/s]
Epoch 52/150: 100%|██████████| 449/449 [00:02<00:00, 202.98it/s]

Epoch 53/150:   0%|          | 0/449 [00:00<?, ?it/s]
Epoch 53/150:   0%|          | 1/449 [00:00<00:53,  8.30it/s]
Epoch 53/150:   6%|▌         | 26/449 [00:00<00:03, 137.65it/s]
Epoch 53/150:  11%|█         | 49/449 [00:00<00:02, 175.15it/s]
Epoch 53/150:  15%|█▌        | 68/449 [00:00<00:02, 178.38it/s]
Epoch 53/150:  21%|██        | 95/449 [00:00<00:01, 208.63it/s]
Epoch 53/150:  26%|██▌       | 117/449 [00:00<00:01, 201.24it/s]
Epoch 53/150:  32%|███▏      | 142/449 [00:00<00:01, 216.27it/s]
Epoch 53/150:  37%|███▋      | 164/449 [00:00<00:01, 207.65it/s]
Epoch 53/150:  42%|████▏     | 189/449 [00:00<00:01, 217.95it/s]
Epoch 53/150:  47%|████▋     | 211/449 [00:01<00:01, 213.70it/s]
Epoch 53/150:  52%|█████▏    | 234/449 [00:01<00:00, 216.54it/s]
Epoch 53/150:  58%|█████▊    | 260/449 [00:01<00:00, 225.58it/s]
Epoch 53/150:  63%|██████▎   | 283/449 [00:01<00:00, 214.07it/s]
Epoch 53/150:  69%|██████▉   | 310/449 [00:01<00:00, 227.78it/s]
Epoch 53/150:  74%|███████▍  | 333/449 [00:01<00:00, 212.82it/s]
Epoch 53/150:  80%|████████  | 360/449 [00:01<00:00, 227.86it/s]
Epoch 53/150:  86%|████████▌ | 384/449 [00:01<00:00, 211.59it/s]
Epoch 53/150:  92%|█████████▏| 411/449 [00:01<00:00, 226.75it/s]
Epoch 53/150:  97%|█████████▋| 435/449 [00:02<00:00, 209.18it/s]
Epoch 53/150: 100%|██████████| 449/449 [00:02<00:00, 203.35it/s]

Epoch 54/150:   0%|          | 0/449 [00:00<?, ?it/s]
Epoch 54/150:   0%|          | 1/449 [00:00<00:53,  8.37it/s]
Epoch 54/150:   6%|▌         | 26/449 [00:00<00:03, 139.76it/s]
Epoch 54/150:  10%|█         | 45/449 [00:00<00:02, 160.71it/s]
Epoch 54/150:  16%|█▌        | 70/449 [00:00<00:01, 193.29it/s]
Epoch 54/150:  20%|██        | 91/449 [00:00<00:01, 198.74it/s]
Epoch 54/150:  25%|██▍       | 112/449 [00:00<00:01, 202.34it/s]
Epoch 54/150:  30%|███       | 136/449 [00:00<00:01, 214.08it/s]
Epoch 54/150:  35%|███▌      | 158/449 [00:00<00:01, 204.27it/s]
Epoch 54/150:  41%|████      | 185/449 [00:00<00:01, 220.99it/s]
Epoch 54/150:  46%|████▋     | 208/449 [00:01<00:01, 207.50it/s]
Epoch 54/150:  52%|█████▏    | 234/449 [00:01<00:00, 221.38it/s]
Epoch 54/150:  57%|█████▋    | 257/449 [00:01<00:00, 214.98it/s]
Epoch 54/150:  63%|██████▎   | 282/449 [00:01<00:00, 223.39it/s]
Epoch 54/150:  68%|██████▊   | 305/449 [00:01<00:00, 213.55it/s]
Epoch 54/150:  73%|███████▎  | 330/449 [00:01<00:00, 222.99it/s]
Epoch 54/150:  79%|███████▊  | 353/449 [00:01<00:00, 214.49it/s]
Epoch 54/150:  84%|████████▎ | 376/449 [00:01<00:00, 217.41it/s]
Epoch 54/150:  89%|████████▉ | 399/449 [00:01<00:00, 217.57it/s]
Epoch 54/150:  94%|█████████▍| 421/449 [00:02<00:00, 214.03it/s]
Epoch 54/150: 100%|█████████▉| 447/449 [00:02<00:00, 226.73it/s]
Epoch 54/150: 100%|██████████| 449/449 [00:02<00:00, 202.72it/s]

Epoch 55/150:   0%|          | 0/449 [00:00<?, ?it/s]
Epoch 55/150:   0%|          | 1/449 [00:00<00:55,  8.03it/s]
Epoch 55/150:   5%|▍         | 22/449 [00:00<00:03, 111.61it/s]
Epoch 55/150:  11%|█         | 50/449 [00:00<00:02, 181.02it/s]
Epoch 55/150:  15%|█▌        | 69/449 [00:00<00:02, 182.32it/s]
Epoch 55/150:  21%|██        | 94/449 [00:00<00:01, 203.97it/s]
Epoch 55/150:  26%|██▌       | 115/449 [00:00<00:01, 198.58it/s]
Epoch 55/150:  31%|███       | 138/449 [00:00<00:01, 206.00it/s]
Epoch 55/150:  35%|███▌      | 159/449 [00:00<00:01, 207.04it/s]
Epoch 55/150:  40%|████      | 180/449 [00:00<00:01, 206.81it/s]
Epoch 55/150:  46%|████▌     | 206/449 [00:01<00:01, 217.81it/s]
Epoch 55/150:  51%|█████     | 228/449 [00:01<00:01, 205.56it/s]
Epoch 55/150:  57%|█████▋    | 254/449 [00:01<00:00, 218.55it/s]
Epoch 55/150:  62%|██████▏   | 277/449 [00:01<00:00, 207.13it/s]
Epoch 55/150:  68%|██████▊   | 305/449 [00:01<00:00, 226.72it/s]
Epoch 55/150:  73%|███████▎  | 328/449 [00:01<00:00, 216.51it/s]
Epoch 55/150:  78%|███████▊  | 352/449 [00:01<00:00, 222.12it/s]
Epoch 55/150:  84%|████████▎ | 375/449 [00:01<00:00, 213.60it/s]
Epoch 55/150:  89%|████████▉ | 399/449 [00:01<00:00, 219.93it/s]
Epoch 55/150:  94%|█████████▍| 422/449 [00:02<00:00, 220.14it/s]
Epoch 55/150:  99%|█████████▉| 445/449 [00:02<00:00, 221.27it/s]
Epoch 55/150: 100%|██████████| 449/449 [00:02<00:00, 201.45it/s]

Epoch 56/150:   0%|          | 0/449 [00:00<?, ?it/s]
Epoch 56/150:   0%|          | 1/449 [00:00<00:53,  8.36it/s]
Epoch 56/150:   6%|▋         | 29/449 [00:00<00:02, 153.21it/s]
Epoch 56/150:  11%|█         | 48/449 [00:00<00:02, 166.30it/s]
Epoch 56/150:  16%|█▌        | 72/449 [00:00<00:01, 191.82it/s]
Epoch 56/150:  21%|██        | 93/449 [00:00<00:01, 197.87it/s]
Epoch 56/150:  26%|██▌       | 115/449 [00:00<00:01, 203.75it/s]
Epoch 56/150:  31%|███       | 139/449 [00:00<00:01, 213.65it/s]
Epoch 56/150:  36%|███▌      | 161/449 [00:00<00:01, 205.08it/s]
Epoch 56/150:  42%|████▏     | 188/449 [00:00<00:01, 223.10it/s]
Epoch 56/150:  47%|████▋     | 211/449 [00:01<00:01, 207.24it/s]
Epoch 56/150:  53%|█████▎    | 238/449 [00:01<00:00, 223.54it/s]
Epoch 56/150:  58%|█████▊    | 261/449 [00:01<00:00, 209.62it/s]
Epoch 56/150:  64%|██████▍   | 287/449 [00:01<00:00, 221.47it/s]
Epoch 56/150:  69%|██████▉   | 310/449 [00:01<00:00, 208.64it/s]
Epoch 56/150:  75%|███████▌  | 337/449 [00:01<00:00, 223.54it/s]
Epoch 56/150:  80%|████████  | 360/449 [00:01<00:00, 207.85it/s]
Epoch 56/150:  86%|████████▌ | 387/449 [00:01<00:00, 222.75it/s]
Epoch 56/150:  91%|█████████▏| 410/449 [00:02<00:00, 211.17it/s]
Epoch 56/150:  98%|█████████▊| 438/449 [00:02<00:00, 229.21it/s]
Epoch 56/150: 100%|██████████| 449/449 [00:02<00:00, 203.34it/s]

Epoch 57/150:   0%|          | 0/449 [00:00<?, ?it/s]
Epoch 57/150:   0%|          | 1/449 [00:00<00:55,  8.07it/s]
Epoch 57/150:   4%|▍         | 20/449 [00:00<00:04, 104.41it/s]
Epoch 57/150:  10%|█         | 47/449 [00:00<00:02, 174.60it/s]
Epoch 57/150:  15%|█▍        | 66/449 [00:00<00:02, 175.81it/s]
Epoch 57/150:  20%|██        | 90/449 [00:00<00:01, 196.81it/s]
Epoch 57/150:  26%|██▌       | 115/449 [00:00<00:01, 211.95it/s]
Epoch 57/150:  32%|███▏      | 142/449 [00:00<00:01, 227.85it/s]
Epoch 57/150:  38%|███▊      | 169/449 [00:00<00:01, 238.84it/s]
Epoch 57/150:  44%|████▎     | 196/449 [00:00<00:01, 247.92it/s]
Epoch 57/150:  50%|█████     | 225/449 [00:01<00:00, 258.22it/s]
Epoch 57/150:  56%|█████▋    | 253/449 [00:01<00:00, 263.85it/s]
Epoch 57/150:  63%|██████▎   | 282/449 [00:01<00:00, 269.50it/s]
Epoch 57/150:  69%|██████▉   | 309/449 [00:01<00:00, 266.71it/s]
Epoch 57/150:  75%|███████▍  | 336/449 [00:01<00:00, 264.69it/s]
Epoch 57/150:  81%|████████  | 363/449 [00:01<00:00, 261.87it/s]
Epoch 57/150:  87%|████████▋ | 390/449 [00:01<00:00, 260.69it/s]
Epoch 57/150:  93%|█████████▎| 417/449 [00:01<00:00, 260.91it/s]
Epoch 57/150:  99%|█████████▉| 444/449 [00:01<00:00, 261.39it/s]
Epoch 57/150: 100%|██████████| 449/449 [00:01<00:00, 230.32it/s]

Epoch 58/150:   0%|          | 0/449 [00:00<?, ?it/s]
Epoch 58/150:   0%|          | 1/449 [00:00<00:54,  8.20it/s]
Epoch 58/150:   6%|▋         | 29/449 [00:00<00:02, 154.69it/s]
Epoch 58/150:  13%|█▎        | 59/449 [00:00<00:01, 215.61it/s]
Epoch 58/150:  20%|██        | 90/449 [00:00<00:01, 248.88it/s]
Epoch 58/150:  27%|██▋       | 121/449 [00:00<00:01, 268.75it/s]
Epoch 58/150:  34%|███▍      | 152/449 [00:00<00:01, 279.70it/s]
Epoch 58/150:  41%|████      | 182/449 [00:00<00:00, 283.33it/s]
Epoch 58/150:  47%|████▋     | 211/449 [00:00<00:00, 285.13it/s]
Epoch 58/150:  54%|█████▎    | 241/449 [00:00<00:00, 287.89it/s]
Epoch 58/150:  60%|██████    | 271/449 [00:01<00:00, 288.72it/s]
Epoch 58/150:  67%|██████▋   | 300/449 [00:01<00:00, 288.58it/s]
Epoch 58/150:  73%|███████▎  | 329/449 [00:01<00:00, 288.83it/s]
Epoch 58/150:  80%|████████  | 360/449 [00:01<00:00, 293.64it/s]
Epoch 58/150:  87%|████████▋ | 391/449 [00:01<00:00, 297.02it/s]
Epoch 58/150:  94%|█████████▍| 422/449 [00:01<00:00, 298.31it/s]
Epoch 58/150: 100%|██████████| 449/449 [00:01<00:00, 264.54it/s]

Epoch 59/150:   0%|          | 0/449 [00:00<?, ?it/s]
Epoch 59/150:   0%|          | 1/449 [00:00<00:56,  7.89it/s]
Epoch 59/150:   7%|▋         | 32/449 [00:00<00:02, 166.23it/s]
Epoch 59/150:  14%|█▍        | 62/449 [00:00<00:01, 221.25it/s]
Epoch 59/150:  21%|██        | 93/449 [00:00<00:01, 252.60it/s]
Epoch 59/150:  28%|██▊       | 124/449 [00:00<00:01, 271.51it/s]
Epoch 59/150:  34%|███▍      | 154/449 [00:00<00:01, 280.14it/s]
Epoch 59/150:  41%|████      | 184/449 [00:00<00:00, 285.74it/s]
Epoch 59/150:  47%|████▋     | 213/449 [00:00<00:01, 201.28it/s]
Epoch 59/150:  54%|█████▍    | 243/449 [00:01<00:00, 224.63it/s]
Epoch 59/150:  61%|██████    | 273/449 [00:01<00:00, 242.71it/s]
Epoch 59/150:  68%|██████▊   | 304/449 [00:01<00:00, 259.49it/s]
Epoch 59/150:  75%|███████▍  | 336/449 [00:01<00:00, 274.71it/s]
Epoch 59/150:  82%|████████▏ | 367/449 [00:01<00:00, 282.72it/s]
Epoch 59/150:  89%|████████▊ | 398/449 [00:01<00:00, 288.61it/s]
Epoch 59/150:  96%|█████████▌| 429/449 [00:01<00:00, 293.98it/s]
Epoch 59/150: 100%|██████████| 449/449 [00:01<00:00, 250.25it/s]

Epoch 60/150:   0%|          | 0/449 [00:00<?, ?it/s]
Epoch 60/150:   0%|          | 1/449 [00:00<00:53,  8.31it/s]
Epoch 60/150:   7%|▋         | 32/449 [00:00<00:02, 171.38it/s]
Epoch 60/150:  14%|█▍        | 64/449 [00:00<00:01, 235.12it/s]
Epoch 60/150:  21%|██        | 95/449 [00:00<00:01, 262.40it/s]
Epoch 60/150:  28%|██▊       | 127/449 [00:00<00:01, 282.08it/s]
Epoch 60/150:  35%|███▌      | 159/449 [00:00<00:00, 294.51it/s]
Epoch 60/150:  42%|████▏     | 190/449 [00:00<00:00, 296.12it/s]
Epoch 60/150:  49%|████▉     | 221/449 [00:00<00:00, 299.35it/s]
Epoch 60/150:  56%|█████▌    | 252/449 [00:00<00:00, 300.56it/s]
Epoch 60/150:  63%|██████▎   | 283/449 [00:01<00:00, 302.10it/s]
Epoch 60/150:  70%|██████▉   | 314/449 [00:01<00:00, 302.46it/s]
Epoch 60/150:  77%|███████▋  | 345/449 [00:01<00:00, 304.06it/s]
Epoch 60/150:  84%|████████▍ | 377/449 [00:01<00:00, 306.84it/s]
Epoch 60/150:  91%|█████████ | 409/449 [00:01<00:00, 309.21it/s]
Epoch 60/150:  98%|█████████▊| 441/449 [00:01<00:00, 310.73it/s]
Epoch 60/150: 100%|██████████| 449/449 [00:01<00:00, 276.29it/s]
Applying augmentations: ['dtwwarp', 'shapedtw'] (this might take a while)...
Augmentations ['dtwwarp', 'shapedtw'] applied successfully.
Fold 0 | Input Dim: 70 | Train: 14367, Val: 720, Test: 1347
Epoch 1, Train Loss: 0.1968, Train F1: 0.5763, Val F1: 0.5745, LR: 0.000040
✅ Model Saved (Best F1-score)
Epoch 2, Train Loss: 0.1808, Train F1: 0.6358, Val F1: 0.6350, LR: 0.000060
✅ Model Saved (Best F1-score)
Epoch 3, Train Loss: 0.1738, Train F1: 0.6590, Val F1: 0.6299, LR: 0.000080
Epoch 4, Train Loss: 0.1682, Train F1: 0.6800, Val F1: 0.6624, LR: 0.000100
✅ Model Saved (Best F1-score)
Epoch 5, Train Loss: 0.1638, Train F1: 0.6905, Val F1: 0.6713, LR: 0.000100
✅ Model Saved (Best F1-score)
Epoch 6, Train Loss: 0.1599, Train F1: 0.7009, Val F1: 0.6657, LR: 0.000100
Epoch 7, Train Loss: 0.1559, Train F1: 0.7108, Val F1: 0.6553, LR: 0.000100
Epoch 8, Train Loss: 0.1513, Train F1: 0.7240, Val F1: 0.6571, LR: 0.000100
Epoch 9, Train Loss: 0.1473, Train F1: 0.7322, Val F1: 0.6583, LR: 0.000100
Epoch 10, Train Loss: 0.1432, Train F1: 0.7402, Val F1: 0.6714, LR: 0.000100
✅ Model Saved (Best F1-score)
Epoch 11, Train Loss: 0.1377, Train F1: 0.7492, Val F1: 0.6631, LR: 0.000100
Epoch 12, Train Loss: 0.1343, Train F1: 0.7557, Val F1: 0.6649, LR: 0.000099
Epoch 13, Train Loss: 0.1299, Train F1: 0.7649, Val F1: 0.6560, LR: 0.000099
Epoch 14, Train Loss: 0.1253, Train F1: 0.7738, Val F1: 0.6628, LR: 0.000099
Epoch 15, Train Loss: 0.1203, Train F1: 0.7821, Val F1: 0.6530, LR: 0.000099
Epoch 16, Train Loss: 0.1155, Train F1: 0.7917, Val F1: 0.6580, LR: 0.000099
Epoch 17, Train Loss: 0.1099, Train F1: 0.8006, Val F1: 0.6516, LR: 0.000098
Epoch 18, Train Loss: 0.1055, Train F1: 0.8083, Val F1: 0.6583, LR: 0.000098
Epoch 19, Train Loss: 0.1011, Train F1: 0.8148, Val F1: 0.6420, LR: 0.000098
Epoch 20, Train Loss: 0.0967, Train F1: 0.8230, Val F1: 0.6409, LR: 0.000097
Epoch 21, Train Loss: 0.0912, Train F1: 0.8323, Val F1: 0.6422, LR: 0.000097
Epoch 22, Train Loss: 0.0863, Train F1: 0.8418, Val F1: 0.6397, LR: 0.000097
Epoch 23, Train Loss: 0.0821, Train F1: 0.8506, Val F1: 0.6398, LR: 0.000096
Epoch 24, Train Loss: 0.0766, Train F1: 0.8600, Val F1: 0.6540, LR: 0.000096
Epoch 25, Train Loss: 0.0746, Train F1: 0.8652, Val F1: 0.6441, LR: 0.000095
Epoch 26, Train Loss: 0.0704, Train F1: 0.8716, Val F1: 0.6251, LR: 0.000095
Epoch 27, Train Loss: 0.0665, Train F1: 0.8797, Val F1: 0.6461, LR: 0.000094
Epoch 28, Train Loss: 0.0632, Train F1: 0.8866, Val F1: 0.6532, LR: 0.000094
Epoch 29, Train Loss: 0.0596, Train F1: 0.8942, Val F1: 0.6448, LR: 0.000093
Epoch 30, Train Loss: 0.0560, Train F1: 0.9007, Val F1: 0.6318, LR: 0.000093
Epoch 31, Train Loss: 0.0540, Train F1: 0.9042, Val F1: 0.6293, LR: 0.000092
Epoch 32, Train Loss: 0.0501, Train F1: 0.9115, Val F1: 0.6293, LR: 0.000092
Epoch 33, Train Loss: 0.0486, Train F1: 0.9143, Val F1: 0.6256, LR: 0.000091
Epoch 34, Train Loss: 0.0449, Train F1: 0.9215, Val F1: 0.6331, LR: 0.000090
Epoch 35, Train Loss: 0.0421, Train F1: 0.9266, Val F1: 0.6262, LR: 0.000090
Epoch 36, Train Loss: 0.0404, Train F1: 0.9300, Val F1: 0.6358, LR: 0.000089
Epoch 37, Train Loss: 0.0380, Train F1: 0.9359, Val F1: 0.6293, LR: 0.000088
Epoch 38, Train Loss: 0.0366, Train F1: 0.9388, Val F1: 0.6366, LR: 0.000088
Epoch 39, Train Loss: 0.0339, Train F1: 0.9435, Val F1: 0.6380, LR: 0.000087
Epoch 40, Train Loss: 0.0327, Train F1: 0.9468, Val F1: 0.6425, LR: 0.000086
Epoch 41, Train Loss: 0.0311, Train F1: 0.9485, Val F1: 0.6182, LR: 0.000086
Epoch 42, Train Loss: 0.0288, Train F1: 0.9529, Val F1: 0.6322, LR: 0.000085
Epoch 43, Train Loss: 0.0270, Train F1: 0.9556, Val F1: 0.6242, LR: 0.000084
Epoch 44, Train Loss: 0.0262, Train F1: 0.9572, Val F1: 0.6278, LR: 0.000083
Epoch 45, Train Loss: 0.0244, Train F1: 0.9596, Val F1: 0.6258, LR: 0.000082
Epoch 46, Train Loss: 0.0229, Train F1: 0.9626, Val F1: 0.6260, LR: 0.000082
Epoch 47, Train Loss: 0.0234, Train F1: 0.9634, Val F1: 0.6255, LR: 0.000081
Epoch 48, Train Loss: 0.0219, Train F1: 0.9664, Val F1: 0.6115, LR: 0.000080
Epoch 49, Train Loss: 0.0199, Train F1: 0.9694, Val F1: 0.6301, LR: 0.000079
Epoch 50, Train Loss: 0.0187, Train F1: 0.9711, Val F1: 0.6325, LR: 0.000078
Epoch 51, Train Loss: 0.0181, Train F1: 0.9713, Val F1: 0.6282, LR: 0.000077
Epoch 52, Train Loss: 0.0172, Train F1: 0.9735, Val F1: 0.6383, LR: 0.000076
Epoch 53, Train Loss: 0.0157, Train F1: 0.9761, Val F1: 0.6410, LR: 0.000075
Epoch 54, Train Loss: 0.0151, Train F1: 0.9777, Val F1: 0.6307, LR: 0.000074
Epoch 55, Train Loss: 0.0147, Train F1: 0.9776, Val F1: 0.6326, LR: 0.000073
Epoch 56, Train Loss: 0.0133, Train F1: 0.9801, Val F1: 0.6459, LR: 0.000072
Epoch 57, Train Loss: 0.0143, Train F1: 0.9802, Val F1: 0.6411, LR: 0.000071
Epoch 58, Train Loss: 0.0116, Train F1: 0.9823, Val F1: 0.6415, LR: 0.000071
Epoch 59, Train Loss: 0.0112, Train F1: 0.9836, Val F1: 0.6431, LR: 0.000070
Epoch 60, Train Loss: 0.0113, Train F1: 0.9843, Val F1: 0.6309, LR: 0.000069
⏹️ Early Stopping Triggered
Fold 0 Test F1: 0.6687, Accuracy: 0.3103, cost 1.2312098264517213e-05 sec

✅ F1 scores from each Fold:
Fold 0: Macro F1 = 0.6687, Accuracy: 0.3103, cost time = 0.000012 sec
  - Correct: F1 = 0.4405
  - Far from the shins: F1 = 0.7332
  - Hips rise first: F1 = 0.7094
  - Collide with the knees: F1 = 0.5798
  - Lower back rounding: F1 = 0.6524

📊 Average F1 Score: 0.6687 ± 0.0000
  Average F1 Score per Class:
  - Correct: 0.4405 ± 0.0000
  - Far from the shins: 0.7332 ± 0.0000
  - Hips rise first: 0.7094 ± 0.0000
  - Collide with the knees: 0.5798 ± 0.0000
  - Lower back rounding: 0.6524 ± 0.0000
🏆 Best F1: 0.6687 from Fold 0
📁 Best model saved at: ./models/deadlift/TST_Deadlift_3D/dtwwarp_shapedtw/PatchTST_model_fold0.pth

✅ 寫入完成：./models/deadlift/TST_Deadlift_3D/dtwwarp_shapedtw/results_summary.txt
Starting dtwwarp+discdtw

  0%|          | 0/4789 [00:00<?, ?it/s]
  2%|▏         | 83/4789 [00:00<00:05, 821.13it/s]
  3%|▎         | 166/4789 [00:00<00:05, 816.87it/s]
  5%|▌         | 248/4789 [00:00<00:05, 817.24it/s]
  7%|▋         | 330/4789 [00:00<00:05, 818.29it/s]
  9%|▊         | 415/4789 [00:00<00:05, 827.40it/s]
 10%|█         | 499/4789 [00:00<00:05, 829.52it/s]
 12%|█▏        | 582/4789 [00:00<00:05, 828.03it/s]
 14%|█▍        | 665/4789 [00:00<00:04, 825.78it/s]
 16%|█▌        | 748/4789 [00:00<00:04, 821.93it/s]
 17%|█▋        | 832/4789 [00:01<00:04, 824.64it/s]
 19%|█▉        | 915/4789 [00:01<00:04, 821.86it/s]
 21%|██        | 998/4789 [00:01<00:04, 821.27it/s]
 23%|██▎       | 1081/4789 [00:01<00:04, 819.19it/s]
 24%|██▍       | 1163/4789 [00:01<00:04, 819.36it/s]
 26%|██▌       | 1245/4789 [00:01<00:04, 817.88it/s]
 28%|██▊       | 1328/4789 [00:01<00:04, 821.12it/s]
 29%|██▉       | 1411/4789 [00:01<00:04, 823.50it/s]
 31%|███       | 1494/4789 [00:01<00:03, 823.87it/s]
 33%|███▎      | 1580/4789 [00:01<00:03, 832.05it/s]
 35%|███▍      | 1664/4789 [00:02<00:03, 828.10it/s]
 37%|███▋      | 1749/4789 [00:02<00:03, 832.37it/s]
 38%|███▊      | 1833/4789 [00:02<00:03, 828.70it/s]
 40%|████      | 1916/4789 [00:02<00:03, 827.53it/s]
 42%|████▏     | 1999/4789 [00:02<00:03, 824.39it/s]
 43%|████▎     | 2082/4789 [00:02<00:03, 820.16it/s]
 45%|████▌     | 2165/4789 [00:02<00:03, 822.34it/s]
 47%|████▋     | 2248/4789 [00:02<00:03, 824.10it/s]
 49%|████▊     | 2332/4789 [00:02<00:02, 826.89it/s]
 50%|█████     | 2415/4789 [00:02<00:02, 823.05it/s]
 52%|█████▏    | 2498/4789 [00:03<00:02, 823.12it/s]
 54%|█████▍    | 2581/4789 [00:03<00:02, 821.04it/s]
 56%|█████▌    | 2664/4789 [00:03<00:02, 821.29it/s]
 57%|█████▋    | 2747/4789 [00:03<00:02, 819.96it/s]
 59%|█████▉    | 2831/4789 [00:03<00:02, 824.37it/s]
 61%|██████    | 2915/4789 [00:03<00:02, 826.53it/s]
 63%|██████▎   | 2998/4789 [00:03<00:02, 823.23it/s]
 64%|██████▍   | 3081/4789 [00:03<00:02, 821.22it/s]
 66%|██████▌   | 3164/4789 [00:03<00:01, 822.81it/s]
 68%|██████▊   | 3247/4789 [00:03<00:01, 821.82it/s]
 70%|██████▉   | 3330/4789 [00:04<00:01, 820.49it/s]
 71%|███████▏  | 3416/4789 [00:04<00:01, 830.77it/s]
 73%|███████▎  | 3500/4789 [00:04<00:01, 827.26it/s]
 75%|███████▍  | 3584/4789 [00:04<00:01, 829.89it/s]
 77%|███████▋  | 3667/4789 [00:04<00:01, 826.80it/s]
 78%|███████▊  | 3750/4789 [00:04<00:01, 826.02it/s]
 80%|████████  | 3833/4789 [00:04<00:01, 826.16it/s]
 82%|████████▏ | 3916/4789 [00:04<00:01, 823.74it/s]
 84%|████████▎ | 4000/4789 [00:04<00:00, 826.97it/s]
 85%|████████▌ | 4083/4789 [00:04<00:00, 823.22it/s]
 87%|████████▋ | 4166/4789 [00:05<00:00, 822.71it/s]
 89%|████████▊ | 4249/4789 [00:05<00:00, 821.62it/s]
 90%|█████████ | 4332/4789 [00:05<00:00, 822.84it/s]
 92%|█████████▏| 4415/4789 [00:05<00:00, 821.79it/s]
 94%|█████████▍| 4498/4789 [00:05<00:00, 821.17it/s]
 96%|█████████▌| 4581/4789 [00:05<00:00, 820.45it/s]
 97%|█████████▋| 4664/4789 [00:05<00:00, 818.96it/s]
 99%|█████████▉| 4747/4789 [00:05<00:00, 819.77it/s]
100%|██████████| 4789/4789 [00:05<00:00, 823.45it/s]

  0%|          | 0/4789 [00:00<?, ?it/s]
  0%|          | 8/4789 [00:00<01:02, 75.91it/s]
  0%|          | 16/4789 [00:00<01:02, 75.86it/s]
  1%|          | 24/4789 [00:00<01:02, 76.49it/s]
  1%|          | 32/4789 [00:00<01:01, 77.05it/s]
  1%|          | 40/4789 [00:00<01:01, 76.88it/s]
  1%|          | 48/4789 [00:00<01:01, 77.41it/s]
  1%|          | 56/4789 [00:00<01:01, 76.75it/s]
  1%|▏         | 64/4789 [00:00<01:01, 76.40it/s]
  2%|▏         | 72/4789 [00:00<01:01, 76.22it/s]
  2%|▏         | 80/4789 [00:01<01:01, 76.98it/s]
  2%|▏         | 88/4789 [00:01<01:01, 76.89it/s]
  2%|▏         | 96/4789 [00:01<01:01, 76.83it/s]
  2%|▏         | 104/4789 [00:01<01:01, 76.33it/s]
  2%|▏         | 112/4789 [00:01<01:00, 76.73it/s]
  3%|▎         | 120/4789 [00:01<01:00, 76.71it/s]
  3%|▎         | 128/4789 [00:01<01:00, 76.46it/s]
  3%|▎         | 136/4789 [00:01<01:00, 76.59it/s]
  3%|▎         | 144/4789 [00:01<01:00, 76.21it/s]
  3%|▎         | 152/4789 [00:01<01:00, 76.13it/s]
  3%|▎         | 160/4789 [00:02<01:00, 76.05it/s]
  4%|▎         | 168/4789 [00:02<01:00, 76.66it/s]
  4%|▎         | 176/4789 [00:02<01:00, 76.19it/s]
  4%|▍         | 184/4789 [00:02<01:00, 76.10it/s]
  4%|▍         | 192/4789 [00:02<01:00, 75.89it/s]
  4%|▍         | 200/4789 [00:02<01:00, 75.92it/s]
  4%|▍         | 208/4789 [00:02<01:00, 75.73it/s]
  5%|▍         | 216/4789 [00:02<00:59, 76.52it/s]
  5%|▍         | 224/4789 [00:02<00:59, 76.15it/s]
  5%|▍         | 232/4789 [00:03<00:59, 76.98it/s]
  5%|▌         | 240/4789 [00:03<00:59, 76.90it/s]
  5%|▌         | 248/4789 [00:03<00:58, 77.31it/s]
  5%|▌         | 256/4789 [00:03<00:59, 76.71it/s]
  6%|▌         | 264/4789 [00:03<00:59, 76.43it/s]
  6%|▌         | 272/4789 [00:03<00:59, 76.22it/s]
  6%|▌         | 280/4789 [00:03<00:59, 75.98it/s]
  6%|▌         | 288/4789 [00:03<00:59, 76.07it/s]
  6%|▌         | 296/4789 [00:03<00:59, 76.13it/s]
  6%|▋         | 304/4789 [00:03<00:58, 76.23it/s]
  7%|▋         | 312/4789 [00:04<00:58, 75.92it/s]
  7%|▋         | 320/4789 [00:04<00:58, 76.09it/s]
  7%|▋         | 328/4789 [00:04<00:58, 75.89it/s]
  7%|▋         | 336/4789 [00:04<00:58, 75.82it/s]
  7%|▋         | 344/4789 [00:04<00:58, 75.73it/s]
  7%|▋         | 352/4789 [00:04<00:58, 75.97it/s]
  8%|▊         | 360/4789 [00:04<00:58, 75.68it/s]
  8%|▊         | 368/4789 [00:04<00:58, 75.77it/s]
  8%|▊         | 376/4789 [00:04<00:58, 75.66it/s]
  8%|▊         | 384/4789 [00:05<00:57, 76.09it/s]
  8%|▊         | 392/4789 [00:05<00:57, 76.57it/s]
  8%|▊         | 400/4789 [00:05<00:57, 76.54it/s]
  9%|▊         | 408/4789 [00:05<00:57, 76.65it/s]
  9%|▊         | 416/4789 [00:05<00:57, 76.20it/s]
  9%|▉         | 424/4789 [00:05<00:57, 76.14it/s]
  9%|▉         | 432/4789 [00:05<00:57, 75.99it/s]
  9%|▉         | 440/4789 [00:05<00:56, 76.44it/s]
  9%|▉         | 448/4789 [00:05<00:56, 76.17it/s]
 10%|▉         | 456/4789 [00:05<00:56, 76.56it/s]
 10%|▉         | 464/4789 [00:06<00:56, 76.21it/s]
 10%|▉         | 472/4789 [00:06<00:56, 76.33it/s]
 10%|█         | 480/4789 [00:06<00:56, 76.40it/s]
 10%|█         | 488/4789 [00:06<00:56, 76.51it/s]
 10%|█         | 496/4789 [00:06<00:55, 76.85it/s]
 11%|█         | 504/4789 [00:06<00:56, 76.25it/s]
 11%|█         | 512/4789 [00:06<00:56, 76.22it/s]
 11%|█         | 520/4789 [00:06<00:56, 75.83it/s]
 11%|█         | 528/4789 [00:06<00:56, 75.80it/s]
 11%|█         | 536/4789 [00:07<00:56, 75.60it/s]
 11%|█▏        | 544/4789 [00:07<00:56, 75.79it/s]
 12%|█▏        | 552/4789 [00:07<00:55, 75.72it/s]
 12%|█▏        | 560/4789 [00:07<00:55, 76.02it/s]
 12%|█▏        | 568/4789 [00:07<00:55, 76.07it/s]
 12%|█▏        | 576/4789 [00:07<00:55, 76.40it/s]
 12%|█▏        | 584/4789 [00:07<00:54, 76.48it/s]
 12%|█▏        | 592/4789 [00:07<00:54, 76.67it/s]
 13%|█▎        | 600/4789 [00:07<00:54, 76.38it/s]
 13%|█▎        | 608/4789 [00:07<00:54, 76.59it/s]
 13%|█▎        | 616/4789 [00:08<00:54, 76.40it/s]
 13%|█▎        | 624/4789 [00:08<00:54, 76.45it/s]
 13%|█▎        | 632/4789 [00:08<00:54, 76.56it/s]
 13%|█▎        | 640/4789 [00:08<00:54, 76.21it/s]
 14%|█▎        | 648/4789 [00:08<00:54, 75.97it/s]
 14%|█▎        | 656/4789 [00:08<00:54, 75.75it/s]
 14%|█▍        | 664/4789 [00:08<00:54, 75.78it/s]
 14%|█▍        | 672/4789 [00:08<00:54, 75.64it/s]
 14%|█▍        | 680/4789 [00:08<00:54, 75.97it/s]
 14%|█▍        | 688/4789 [00:09<00:54, 75.87it/s]
 15%|█▍        | 696/4789 [00:09<00:53, 76.87it/s]
 15%|█▍        | 704/4789 [00:09<00:53, 76.80it/s]
 15%|█▍        | 712/4789 [00:09<00:52, 77.08it/s]
 15%|█▌        | 720/4789 [00:09<00:52, 76.81it/s]
 15%|█▌        | 728/4789 [00:09<00:53, 76.44it/s]
 15%|█▌        | 736/4789 [00:09<00:53, 76.30it/s]
 16%|█▌        | 744/4789 [00:09<00:53, 76.29it/s]
 16%|█▌        | 752/4789 [00:09<00:52, 76.67it/s]
 16%|█▌        | 760/4789 [00:09<00:52, 76.58it/s]
 16%|█▌        | 768/4789 [00:10<00:52, 77.16it/s]
 16%|█▌        | 776/4789 [00:10<00:52, 76.80it/s]
 16%|█▋        | 784/4789 [00:10<00:52, 76.96it/s]
 17%|█▋        | 792/4789 [00:10<00:52, 76.67it/s]
 17%|█▋        | 800/4789 [00:10<00:51, 76.75it/s]
 17%|█▋        | 808/4789 [00:10<00:52, 76.34it/s]
 17%|█▋        | 816/4789 [00:10<00:52, 76.35it/s]
 17%|█▋        | 824/4789 [00:10<00:52, 76.04it/s]
 17%|█▋        | 832/4789 [00:10<00:51, 76.54it/s]
 18%|█▊        | 840/4789 [00:11<00:51, 76.45it/s]
 18%|█▊        | 848/4789 [00:11<00:51, 76.74it/s]
 18%|█▊        | 856/4789 [00:11<00:51, 76.65it/s]
 18%|█▊        | 864/4789 [00:11<00:51, 76.54it/s]
 18%|█▊        | 872/4789 [00:11<00:51, 76.37it/s]
 18%|█▊        | 880/4789 [00:11<00:51, 76.15it/s]
 19%|█▊        | 888/4789 [00:11<00:51, 76.04it/s]
 19%|█▊        | 896/4789 [00:11<00:51, 76.03it/s]
 19%|█▉        | 904/4789 [00:11<00:50, 76.71it/s]
 19%|█▉        | 912/4789 [00:11<00:50, 76.32it/s]
 19%|█▉        | 920/4789 [00:12<00:50, 77.01it/s]
 19%|█▉        | 928/4789 [00:12<00:50, 76.52it/s]
 20%|█▉        | 936/4789 [00:12<00:50, 76.41it/s]
 20%|█▉        | 944/4789 [00:12<00:50, 76.09it/s]
 20%|█▉        | 952/4789 [00:12<00:50, 75.98it/s]
 20%|██        | 960/4789 [00:12<00:50, 75.85it/s]
 20%|██        | 968/4789 [00:12<00:50, 76.04it/s]
 20%|██        | 976/4789 [00:12<00:50, 75.97it/s]
 21%|██        | 984/4789 [00:12<00:50, 75.83it/s]
 21%|██        | 992/4789 [00:12<00:49, 76.08it/s]
 21%|██        | 1000/4789 [00:13<00:49, 76.11it/s]
 21%|██        | 1008/4789 [00:13<00:49, 76.89it/s]
 21%|██        | 1016/4789 [00:13<00:49, 76.71it/s]
 21%|██▏       | 1024/4789 [00:13<00:48, 77.21it/s]
 22%|██▏       | 1032/4789 [00:13<00:48, 76.69it/s]
 22%|██▏       | 1040/4789 [00:13<00:48, 76.89it/s]
 22%|██▏       | 1048/4789 [00:13<00:49, 76.32it/s]
 22%|██▏       | 1056/4789 [00:13<00:49, 76.18it/s]
 22%|██▏       | 1064/4789 [00:13<00:49, 75.90it/s]
 22%|██▏       | 1072/4789 [00:14<00:49, 75.76it/s]
 23%|██▎       | 1080/4789 [00:14<00:49, 75.69it/s]
 23%|██▎       | 1088/4789 [00:14<00:48, 76.18it/s]
 23%|██▎       | 1096/4789 [00:14<00:48, 76.33it/s]
 23%|██▎       | 1104/4789 [00:14<00:48, 76.21it/s]
 23%|██▎       | 1112/4789 [00:14<00:47, 76.85it/s]
 23%|██▎       | 1120/4789 [00:14<00:47, 76.72it/s]
 24%|██▎       | 1128/4789 [00:14<00:47, 76.78it/s]
 24%|██▎       | 1136/4789 [00:14<00:47, 76.55it/s]
 24%|██▍       | 1144/4789 [00:14<00:47, 76.90it/s]
 24%|██▍       | 1152/4789 [00:15<00:47, 76.46it/s]
 24%|██▍       | 1160/4789 [00:15<00:47, 76.33it/s]
 24%|██▍       | 1168/4789 [00:15<00:47, 76.16it/s]
 25%|██▍       | 1176/4789 [00:15<00:47, 76.05it/s]
 25%|██▍       | 1184/4789 [00:15<00:47, 75.80it/s]
 25%|██▍       | 1192/4789 [00:15<00:47, 75.72it/s]
 25%|██▌       | 1200/4789 [00:15<00:47, 75.53it/s]
 25%|██▌       | 1208/4789 [00:15<00:47, 75.89it/s]
 25%|██▌       | 1216/4789 [00:15<00:47, 75.70it/s]
 26%|██▌       | 1224/4789 [00:16<00:47, 75.76it/s]
 26%|██▌       | 1232/4789 [00:16<00:46, 75.69it/s]
 26%|██▌       | 1240/4789 [00:16<00:46, 75.57it/s]
 26%|██▌       | 1248/4789 [00:16<00:46, 76.03it/s]
 26%|██▌       | 1256/4789 [00:16<00:46, 76.23it/s]
 26%|██▋       | 1264/4789 [00:16<00:45, 76.86it/s]
 27%|██▋       | 1272/4789 [00:16<00:45, 76.57it/s]
 27%|██▋       | 1280/4789 [00:16<00:45, 76.42it/s]
 27%|██▋       | 1288/4789 [00:16<00:45, 76.24it/s]
 27%|██▋       | 1296/4789 [00:16<00:45, 76.62it/s]
 27%|██▋       | 1304/4789 [00:17<00:45, 76.35it/s]
 27%|██▋       | 1312/4789 [00:17<00:45, 76.39it/s]
 28%|██▊       | 1320/4789 [00:17<00:45, 76.23it/s]
 28%|██▊       | 1328/4789 [00:17<00:45, 76.46it/s]
 28%|██▊       | 1336/4789 [00:17<00:45, 76.14it/s]
 28%|██▊       | 1344/4789 [00:17<00:44, 76.91it/s]
 28%|██▊       | 1352/4789 [00:17<00:44, 76.54it/s]
 28%|██▊       | 1360/4789 [00:17<00:44, 76.39it/s]
 29%|██▊       | 1368/4789 [00:17<00:44, 76.17it/s]
 29%|██▊       | 1376/4789 [00:18<00:44, 76.33it/s]
 29%|██▉       | 1384/4789 [00:18<00:44, 76.11it/s]
 29%|██▉       | 1392/4789 [00:18<00:44, 75.90it/s]
 29%|██▉       | 1400/4789 [00:18<00:44, 75.80it/s]
 29%|██▉       | 1408/4789 [00:18<00:44, 75.82it/s]
 30%|██▉       | 1416/4789 [00:18<00:44, 75.82it/s]
 30%|██▉       | 1424/4789 [00:18<00:44, 75.87it/s]
 30%|██▉       | 1432/4789 [00:18<00:43, 76.30it/s]
 30%|███       | 1440/4789 [00:18<00:44, 76.08it/s]
 30%|███       | 1448/4789 [00:18<00:43, 76.26it/s]
 30%|███       | 1456/4789 [00:19<00:43, 76.03it/s]
 31%|███       | 1464/4789 [00:19<00:43, 76.54it/s]
 31%|███       | 1472/4789 [00:19<00:43, 76.53it/s]
 31%|███       | 1480/4789 [00:19<00:43, 76.52it/s]
 31%|███       | 1488/4789 [00:19<00:43, 76.22it/s]
 31%|███       | 1496/4789 [00:19<00:42, 76.66it/s]
 31%|███▏      | 1504/4789 [00:19<00:42, 77.09it/s]
 32%|███▏      | 1512/4789 [00:19<00:42, 76.71it/s]
 32%|███▏      | 1520/4789 [00:19<00:42, 76.31it/s]
 32%|███▏      | 1528/4789 [00:20<00:42, 76.28it/s]
 32%|███▏      | 1536/4789 [00:20<00:42, 76.76it/s]
 32%|███▏      | 1544/4789 [00:20<00:42, 76.68it/s]
 32%|███▏      | 1552/4789 [00:20<00:41, 77.32it/s]
 33%|███▎      | 1560/4789 [00:20<00:41, 76.89it/s]
 33%|███▎      | 1568/4789 [00:20<00:42, 76.66it/s]
 33%|███▎      | 1576/4789 [00:20<00:42, 76.45it/s]
 33%|███▎      | 1584/4789 [00:20<00:41, 77.01it/s]
 33%|███▎      | 1592/4789 [00:20<00:41, 77.08it/s]
 33%|███▎      | 1600/4789 [00:20<00:41, 76.92it/s]
 34%|███▎      | 1608/4789 [00:21<00:41, 77.15it/s]
 34%|███▎      | 1616/4789 [00:21<00:41, 77.05it/s]
 34%|███▍      | 1624/4789 [00:21<00:41, 77.09it/s]
 34%|███▍      | 1632/4789 [00:21<00:41, 76.82it/s]
 34%|███▍      | 1640/4789 [00:21<00:40, 77.29it/s]
 34%|███▍      | 1648/4789 [00:21<00:40, 76.77it/s]
 35%|███▍      | 1656/4789 [00:21<00:40, 77.15it/s]
 35%|███▍      | 1664/4789 [00:21<00:40, 76.62it/s]
 35%|███▍      | 1672/4789 [00:21<00:40, 76.21it/s]
 35%|███▌      | 1680/4789 [00:22<00:40, 75.99it/s]
 35%|███▌      | 1688/4789 [00:22<00:40, 76.11it/s]
 35%|███▌      | 1696/4789 [00:22<00:40, 76.14it/s]
 36%|███▌      | 1704/4789 [00:22<00:40, 76.14it/s]
 36%|███▌      | 1712/4789 [00:22<00:40, 75.80it/s]
 36%|███▌      | 1720/4789 [00:22<00:40, 76.35it/s]
 36%|███▌      | 1728/4789 [00:22<00:39, 76.68it/s]
 36%|███▌      | 1736/4789 [00:22<00:39, 76.79it/s]
 36%|███▋      | 1744/4789 [00:22<00:39, 77.25it/s]
 37%|███▋      | 1752/4789 [00:22<00:39, 76.66it/s]
 37%|███▋      | 1760/4789 [00:23<00:39, 76.30it/s]
 37%|███▋      | 1768/4789 [00:23<00:39, 76.35it/s]
 37%|███▋      | 1776/4789 [00:23<00:39, 76.84it/s]
 37%|███▋      | 1784/4789 [00:23<00:39, 76.51it/s]
 37%|███▋      | 1792/4789 [00:23<00:39, 76.82it/s]
 38%|███▊      | 1800/4789 [00:23<00:39, 76.53it/s]
 38%|███▊      | 1808/4789 [00:23<00:39, 76.18it/s]
 38%|███▊      | 1816/4789 [00:23<00:39, 75.83it/s]
 38%|███▊      | 1824/4789 [00:23<00:39, 75.70it/s]
 38%|███▊      | 1832/4789 [00:23<00:39, 75.60it/s]
 38%|███▊      | 1840/4789 [00:24<00:38, 75.69it/s]
 39%|███▊      | 1848/4789 [00:24<00:38, 75.61it/s]
 39%|███▉      | 1856/4789 [00:24<00:38, 76.08it/s]
 39%|███▉      | 1864/4789 [00:24<00:38, 76.25it/s]
 39%|███▉      | 1872/4789 [00:24<00:38, 76.46it/s]
 39%|███▉      | 1880/4789 [00:24<00:37, 76.86it/s]
 39%|███▉      | 1888/4789 [00:24<00:37, 76.86it/s]
 40%|███▉      | 1896/4789 [00:24<00:37, 76.35it/s]
 40%|███▉      | 1904/4789 [00:24<00:37, 76.39it/s]
 40%|███▉      | 1912/4789 [00:25<00:37, 76.88it/s]
 40%|████      | 1920/4789 [00:25<00:37, 76.41it/s]
 40%|████      | 1928/4789 [00:25<00:37, 76.30it/s]
 40%|████      | 1936/4789 [00:25<00:37, 75.92it/s]
 41%|████      | 1944/4789 [00:25<00:37, 75.95it/s]
 41%|████      | 1952/4789 [00:25<00:37, 75.71it/s]
 41%|████      | 1960/4789 [00:25<00:37, 75.71it/s]
 41%|████      | 1968/4789 [00:25<00:37, 75.57it/s]
 41%|████▏     | 1976/4789 [00:25<00:37, 75.92it/s]
 41%|████▏     | 1984/4789 [00:25<00:37, 75.75it/s]
 42%|████▏     | 1992/4789 [00:26<00:36, 75.99it/s]
 42%|████▏     | 2000/4789 [00:26<00:36, 75.88it/s]
 42%|████▏     | 2008/4789 [00:26<00:36, 75.85it/s]
 42%|████▏     | 2016/4789 [00:26<00:36, 75.77it/s]
 42%|████▏     | 2024/4789 [00:26<00:36, 75.81it/s]
 42%|████▏     | 2032/4789 [00:26<00:36, 76.47it/s]
 43%|████▎     | 2040/4789 [00:26<00:36, 76.27it/s]
 43%|████▎     | 2048/4789 [00:26<00:35, 76.84it/s]
 43%|████▎     | 2056/4789 [00:26<00:35, 76.35it/s]
 43%|████▎     | 2064/4789 [00:27<00:35, 76.61it/s]
 43%|████▎     | 2072/4789 [00:27<00:35, 76.20it/s]
 43%|████▎     | 2080/4789 [00:27<00:35, 76.84it/s]
 44%|████▎     | 2088/4789 [00:27<00:35, 77.01it/s]
 44%|████▍     | 2096/4789 [00:27<00:35, 76.80it/s]
 44%|████▍     | 2104/4789 [00:27<00:35, 76.40it/s]
 44%|████▍     | 2112/4789 [00:27<00:35, 76.30it/s]
 44%|████▍     | 2120/4789 [00:27<00:35, 76.14it/s]
 44%|████▍     | 2128/4789 [00:27<00:34, 76.25it/s]
 45%|████▍     | 2136/4789 [00:27<00:34, 76.31it/s]
 45%|████▍     | 2144/4789 [00:28<00:34, 75.97it/s]
 45%|████▍     | 2152/4789 [00:28<00:34, 75.71it/s]
 45%|████▌     | 2160/4789 [00:28<00:34, 75.60it/s]
 45%|████▌     | 2168/4789 [00:28<00:34, 76.32it/s]
 45%|████▌     | 2176/4789 [00:28<00:34, 76.24it/s]
 46%|████▌     | 2184/4789 [00:28<00:33, 76.73it/s]
 46%|████▌     | 2192/4789 [00:28<00:33, 76.46it/s]
 46%|████▌     | 2200/4789 [00:28<00:33, 76.83it/s]
 46%|████▌     | 2208/4789 [00:28<00:33, 76.58it/s]
 46%|████▋     | 2216/4789 [00:29<00:33, 76.86it/s]
 46%|████▋     | 2224/4789 [00:29<00:33, 76.75it/s]
 47%|████▋     | 2232/4789 [00:29<00:33, 77.02it/s]
 47%|████▋     | 2240/4789 [00:29<00:33, 76.88it/s]
 47%|████▋     | 2248/4789 [00:29<00:33, 76.43it/s]
 47%|████▋     | 2256/4789 [00:29<00:33, 76.27it/s]
 47%|████▋     | 2264/4789 [00:29<00:33, 76.15it/s]
 47%|████▋     | 2272/4789 [00:29<00:33, 76.13it/s]
 48%|████▊     | 2280/4789 [00:29<00:33, 75.98it/s]
 48%|████▊     | 2288/4789 [00:29<00:32, 75.95it/s]
 48%|████▊     | 2296/4789 [00:30<00:32, 75.72it/s]
 48%|████▊     | 2304/4789 [00:30<00:32, 75.71it/s]
 48%|████▊     | 2312/4789 [00:30<00:32, 75.85it/s]
 48%|████▊     | 2320/4789 [00:30<00:32, 76.64it/s]
 49%|████▊     | 2328/4789 [00:30<00:32, 76.28it/s]
 49%|████▉     | 2336/4789 [00:30<00:31, 76.99it/s]
 49%|████▉     | 2344/4789 [00:30<00:31, 76.58it/s]
 49%|████▉     | 2352/4789 [00:30<00:31, 76.28it/s]
 49%|████▉     | 2360/4789 [00:30<00:31, 75.95it/s]
 49%|████▉     | 2368/4789 [00:31<00:31, 76.55it/s]
 50%|████▉     | 2376/4789 [00:31<00:31, 76.45it/s]
 50%|████▉     | 2384/4789 [00:31<00:31, 76.25it/s]
 50%|████▉     | 2392/4789 [00:31<00:31, 76.21it/s]
 50%|█████     | 2400/4789 [00:31<00:31, 76.04it/s]
 50%|█████     | 2408/4789 [00:31<00:31, 75.88it/s]
 50%|█████     | 2416/4789 [00:31<00:31, 76.20it/s]
 51%|█████     | 2424/4789 [00:31<00:30, 76.34it/s]
 51%|█████     | 2432/4789 [00:31<00:31, 75.99it/s]
 51%|█████     | 2440/4789 [00:31<00:30, 76.00it/s]
 51%|█████     | 2448/4789 [00:32<00:30, 75.90it/s]
 51%|█████▏    | 2456/4789 [00:32<00:30, 75.97it/s]
 51%|█████▏    | 2464/4789 [00:32<00:30, 75.78it/s]
 52%|█████▏    | 2472/4789 [00:32<00:30, 75.77it/s]
 52%|█████▏    | 2480/4789 [00:32<00:30, 75.68it/s]
 52%|█████▏    | 2488/4789 [00:32<00:30, 76.36it/s]
 52%|█████▏    | 2496/4789 [00:32<00:30, 76.04it/s]
 52%|█████▏    | 2504/4789 [00:32<00:30, 76.10it/s]
 52%|█████▏    | 2512/4789 [00:32<00:30, 75.86it/s]
 53%|█████▎    | 2520/4789 [00:33<00:29, 75.73it/s]
 53%|█████▎    | 2528/4789 [00:33<00:29, 75.70it/s]
 53%|█████▎    | 2536/4789 [00:33<00:29, 75.63it/s]
 53%|█████▎    | 2544/4789 [00:33<00:29, 75.54it/s]
 53%|█████▎    | 2552/4789 [00:33<00:29, 75.46it/s]
 53%|█████▎    | 2560/4789 [00:33<00:29, 75.35it/s]
 54%|█████▎    | 2568/4789 [00:33<00:29, 75.40it/s]
 54%|█████▍    | 2576/4789 [00:33<00:29, 75.59it/s]
 54%|█████▍    | 2584/4789 [00:33<00:29, 75.54it/s]
 54%|█████▍    | 2592/4789 [00:33<00:28, 76.25it/s]
 54%|█████▍    | 2600/4789 [00:34<00:28, 75.92it/s]
 54%|█████▍    | 2608/4789 [00:34<00:28, 75.95it/s]
 55%|█████▍    | 2616/4789 [00:34<00:28, 75.88it/s]
 55%|█████▍    | 2624/4789 [00:34<00:28, 75.82it/s]
 55%|█████▍    | 2632/4789 [00:34<00:28, 75.69it/s]
 55%|█████▌    | 2640/4789 [00:34<00:28, 76.42it/s]
 55%|█████▌    | 2648/4789 [00:34<00:27, 76.64it/s]
 55%|█████▌    | 2656/4789 [00:34<00:27, 76.62it/s]
 56%|█████▌    | 2664/4789 [00:34<00:27, 76.31it/s]
 56%|█████▌    | 2672/4789 [00:35<00:27, 76.58it/s]
 56%|█████▌    | 2680/4789 [00:35<00:27, 76.98it/s]
 56%|█████▌    | 2688/4789 [00:35<00:27, 76.95it/s]
 56%|█████▋    | 2696/4789 [00:35<00:27, 77.47it/s]
 56%|█████▋    | 2704/4789 [00:35<00:27, 77.08it/s]
 57%|█████▋    | 2712/4789 [00:35<00:26, 77.10it/s]
 57%|█████▋    | 2720/4789 [00:35<00:26, 76.79it/s]
 57%|█████▋    | 2728/4789 [00:35<00:26, 76.80it/s]
 57%|█████▋    | 2736/4789 [00:35<00:26, 76.43it/s]
 57%|█████▋    | 2744/4789 [00:35<00:26, 76.35it/s]
 57%|█████▋    | 2752/4789 [00:36<00:26, 76.05it/s]
 58%|█████▊    | 2760/4789 [00:36<00:26, 76.22it/s]
 58%|█████▊    | 2768/4789 [00:36<00:26, 76.08it/s]
 58%|█████▊    | 2776/4789 [00:36<00:26, 75.98it/s]
 58%|█████▊    | 2784/4789 [00:36<00:26, 76.11it/s]
 58%|█████▊    | 2792/4789 [00:36<00:26, 76.32it/s]
 58%|█████▊    | 2800/4789 [00:36<00:25, 76.54it/s]
 59%|█████▊    | 2808/4789 [00:36<00:25, 76.52it/s]
 59%|█████▉    | 2816/4789 [00:36<00:25, 76.62it/s]
 59%|█████▉    | 2824/4789 [00:37<00:25, 76.46it/s]
 59%|█████▉    | 2832/4789 [00:37<00:25, 77.23it/s]
 59%|█████▉    | 2840/4789 [00:37<00:25, 76.90it/s]
 59%|█████▉    | 2848/4789 [00:37<00:25, 77.14it/s]
 60%|█████▉    | 2856/4789 [00:37<00:25, 76.65it/s]
 60%|█████▉    | 2864/4789 [00:37<00:24, 77.10it/s]
 60%|█████▉    | 2872/4789 [00:37<00:24, 76.84it/s]
 60%|██████    | 2880/4789 [00:37<00:24, 76.53it/s]
 60%|██████    | 2888/4789 [00:37<00:24, 76.23it/s]
 60%|██████    | 2896/4789 [00:37<00:24, 76.18it/s]
 61%|██████    | 2904/4789 [00:38<00:24, 76.14it/s]
 61%|██████    | 2912/4789 [00:38<00:24, 76.46it/s]
 61%|██████    | 2920/4789 [00:38<00:24, 76.40it/s]
 61%|██████    | 2928/4789 [00:38<00:24, 76.03it/s]
 61%|██████▏   | 2936/4789 [00:38<00:24, 75.82it/s]
 61%|██████▏   | 2944/4789 [00:38<00:24, 75.99it/s]
 62%|██████▏   | 2952/4789 [00:38<00:24, 76.10it/s]
 62%|██████▏   | 2960/4789 [00:38<00:24, 75.86it/s]
 62%|██████▏   | 2968/4789 [00:38<00:24, 75.84it/s]
 62%|██████▏   | 2976/4789 [00:38<00:23, 75.75it/s]
 62%|██████▏   | 2984/4789 [00:39<00:23, 75.71it/s]
 62%|██████▏   | 2992/4789 [00:39<00:23, 75.66it/s]
 63%|██████▎   | 3000/4789 [00:39<00:23, 75.72it/s]
 63%|██████▎   | 3008/4789 [00:39<00:23, 75.60it/s]
 63%|██████▎   | 3016/4789 [00:39<00:23, 75.55it/s]
 63%|██████▎   | 3024/4789 [00:39<00:23, 75.41it/s]
 63%|██████▎   | 3032/4789 [00:39<00:23, 76.27it/s]
 63%|██████▎   | 3040/4789 [00:39<00:23, 76.00it/s]
 64%|██████▎   | 3048/4789 [00:39<00:22, 75.99it/s]
 64%|██████▍   | 3056/4789 [00:40<00:22, 75.66it/s]
 64%|██████▍   | 3064/4789 [00:40<00:22, 75.73it/s]
 64%|██████▍   | 3072/4789 [00:40<00:22, 75.64it/s]
 64%|██████▍   | 3080/4789 [00:40<00:22, 76.19it/s]
 64%|██████▍   | 3088/4789 [00:40<00:22, 76.09it/s]
 65%|██████▍   | 3096/4789 [00:40<00:22, 76.30it/s]
 65%|██████▍   | 3104/4789 [00:40<00:22, 76.03it/s]
 65%|██████▍   | 3112/4789 [00:40<00:22, 75.74it/s]
 65%|██████▌   | 3120/4789 [00:40<00:22, 75.64it/s]
 65%|██████▌   | 3128/4789 [00:41<00:21, 75.55it/s]
 65%|██████▌   | 3136/4789 [00:41<00:21, 76.52it/s]
 66%|██████▌   | 3144/4789 [00:41<00:21, 76.41it/s]
 66%|██████▌   | 3152/4789 [00:41<00:21, 76.84it/s]
 66%|██████▌   | 3160/4789 [00:41<00:21, 76.53it/s]
 66%|██████▌   | 3168/4789 [00:41<00:21, 76.78it/s]
 66%|██████▋   | 3176/4789 [00:41<00:21, 76.70it/s]
 66%|██████▋   | 3184/4789 [00:41<00:20, 77.01it/s]
 67%|██████▋   | 3192/4789 [00:41<00:20, 77.31it/s]
 67%|██████▋   | 3200/4789 [00:41<00:20, 77.24it/s]
 67%|██████▋   | 3208/4789 [00:42<00:20, 77.66it/s]
 67%|██████▋   | 3216/4789 [00:42<00:20, 77.28it/s]
 67%|██████▋   | 3224/4789 [00:42<00:20, 76.94it/s]
 67%|██████▋   | 3232/4789 [00:42<00:20, 76.38it/s]
 68%|██████▊   | 3240/4789 [00:42<00:20, 76.00it/s]
 68%|██████▊   | 3248/4789 [00:42<00:20, 75.87it/s]
 68%|██████▊   | 3256/4789 [00:42<00:20, 76.55it/s]
 68%|██████▊   | 3264/4789 [00:42<00:20, 76.23it/s]
 68%|██████▊   | 3272/4789 [00:42<00:19, 76.35it/s]
 68%|██████▊   | 3280/4789 [00:42<00:19, 76.12it/s]
 69%|██████▊   | 3288/4789 [00:43<00:19, 76.73it/s]
 69%|██████▉   | 3296/4789 [00:43<00:19, 76.67it/s]
 69%|██████▉   | 3304/4789 [00:43<00:19, 76.97it/s]
 69%|██████▉   | 3312/4789 [00:43<00:19, 76.92it/s]
 69%|██████▉   | 3320/4789 [00:43<00:19, 76.72it/s]
 69%|██████▉   | 3328/4789 [00:43<00:19, 76.56it/s]
 70%|██████▉   | 3336/4789 [00:43<00:19, 76.18it/s]
 70%|██████▉   | 3344/4789 [00:43<00:18, 76.19it/s]
 70%|██████▉   | 3352/4789 [00:43<00:18, 75.93it/s]
 70%|███████   | 3360/4789 [00:44<00:18, 75.90it/s]
 70%|███████   | 3368/4789 [00:44<00:18, 75.96it/s]
 70%|███████   | 3376/4789 [00:44<00:18, 76.47it/s]
 71%|███████   | 3384/4789 [00:44<00:18, 76.27it/s]
 71%|███████   | 3392/4789 [00:44<00:18, 76.17it/s]
 71%|███████   | 3400/4789 [00:44<00:18, 75.97it/s]
 71%|███████   | 3408/4789 [00:44<00:18, 75.98it/s]
 71%|███████▏  | 3416/4789 [00:44<00:18, 75.82it/s]
 71%|███████▏  | 3424/4789 [00:44<00:17, 75.93it/s]
 72%|███████▏  | 3432/4789 [00:44<00:17, 75.93it/s]
 72%|███████▏  | 3440/4789 [00:45<00:17, 75.84it/s]
 72%|███████▏  | 3448/4789 [00:45<00:17, 75.74it/s]
 72%|███████▏  | 3456/4789 [00:45<00:17, 75.87it/s]
 72%|███████▏  | 3464/4789 [00:45<00:17, 75.72it/s]
 72%|███████▏  | 3472/4789 [00:45<00:17, 75.92it/s]
 73%|███████▎  | 3480/4789 [00:45<00:17, 75.97it/s]
 73%|███████▎  | 3488/4789 [00:45<00:17, 76.14it/s]
 73%|███████▎  | 3496/4789 [00:45<00:16, 76.26it/s]
 73%|███████▎  | 3504/4789 [00:45<00:16, 75.95it/s]
 73%|███████▎  | 3512/4789 [00:46<00:16, 75.94it/s]
 74%|███████▎  | 3520/4789 [00:46<00:16, 76.02it/s]
 74%|███████▎  | 3528/4789 [00:46<00:16, 76.28it/s]
 74%|███████▍  | 3536/4789 [00:46<00:16, 76.00it/s]
 74%|███████▍  | 3544/4789 [00:46<00:16, 76.22it/s]
 74%|███████▍  | 3552/4789 [00:46<00:16, 76.02it/s]
 74%|███████▍  | 3560/4789 [00:46<00:16, 76.24it/s]
 75%|███████▍  | 3568/4789 [00:46<00:16, 76.07it/s]
 75%|███████▍  | 3576/4789 [00:46<00:15, 76.02it/s]
 75%|███████▍  | 3584/4789 [00:46<00:15, 75.86it/s]
 75%|███████▌  | 3592/4789 [00:47<00:15, 75.77it/s]
 75%|███████▌  | 3600/4789 [00:47<00:15, 75.64it/s]
 75%|███████▌  | 3608/4789 [00:47<00:15, 76.20it/s]
 76%|███████▌  | 3616/4789 [00:47<00:15, 76.38it/s]
 76%|███████▌  | 3624/4789 [00:47<00:15, 76.25it/s]
 76%|███████▌  | 3632/4789 [00:47<00:15, 76.14it/s]
 76%|███████▌  | 3640/4789 [00:47<00:15, 75.90it/s]
 76%|███████▌  | 3648/4789 [00:47<00:15, 75.87it/s]
 76%|███████▋  | 3656/4789 [00:47<00:14, 75.74it/s]
 77%|███████▋  | 3664/4789 [00:48<00:14, 76.00it/s]
 77%|███████▋  | 3672/4789 [00:48<00:14, 75.97it/s]
 77%|███████▋  | 3680/4789 [00:48<00:14, 76.12it/s]
 77%|███████▋  | 3688/4789 [00:48<00:14, 75.98it/s]
 77%|███████▋  | 3696/4789 [00:48<00:14, 76.61it/s]
 77%|███████▋  | 3704/4789 [00:48<00:14, 76.63it/s]
 78%|███████▊  | 3712/4789 [00:48<00:14, 76.40it/s]
 78%|███████▊  | 3720/4789 [00:48<00:14, 76.04it/s]
 78%|███████▊  | 3728/4789 [00:48<00:13, 75.96it/s]
 78%|███████▊  | 3736/4789 [00:48<00:13, 75.82it/s]
 78%|███████▊  | 3744/4789 [00:49<00:13, 75.68it/s]
 78%|███████▊  | 3752/4789 [00:49<00:13, 75.56it/s]
 79%|███████▊  | 3760/4789 [00:49<00:13, 75.45it/s]
 79%|███████▊  | 3768/4789 [00:49<00:13, 75.38it/s]
 79%|███████▉  | 3776/4789 [00:49<00:13, 75.49it/s]
 79%|███████▉  | 3784/4789 [00:49<00:13, 75.65it/s]
 79%|███████▉  | 3792/4789 [00:49<00:13, 75.82it/s]
 79%|███████▉  | 3800/4789 [00:49<00:12, 76.58it/s]
 80%|███████▉  | 3808/4789 [00:49<00:12, 76.19it/s]
 80%|███████▉  | 3816/4789 [00:50<00:12, 76.10it/s]
 80%|███████▉  | 3824/4789 [00:50<00:12, 75.91it/s]
 80%|████████  | 3832/4789 [00:50<00:12, 76.06it/s]
 80%|████████  | 3840/4789 [00:50<00:12, 75.98it/s]
 80%|████████  | 3848/4789 [00:50<00:12, 75.69it/s]
 81%|████████  | 3856/4789 [00:50<00:12, 75.65it/s]
 81%|████████  | 3864/4789 [00:50<00:12, 75.58it/s]
 81%|████████  | 3872/4789 [00:50<00:12, 75.48it/s]
 81%|████████  | 3880/4789 [00:50<00:12, 75.32it/s]
 81%|████████  | 3888/4789 [00:50<00:11, 75.35it/s]
 81%|████████▏ | 3896/4789 [00:51<00:11, 75.87it/s]
 82%|████████▏ | 3904/4789 [00:51<00:11, 75.87it/s]
 82%|████████▏ | 3912/4789 [00:51<00:11, 75.84it/s]
 82%|████████▏ | 3920/4789 [00:51<00:11, 75.87it/s]
 82%|████████▏ | 3928/4789 [00:51<00:11, 75.94it/s]
 82%|████████▏ | 3936/4789 [00:51<00:11, 75.85it/s]
 82%|████████▏ | 3944/4789 [00:51<00:11, 75.99it/s]
 83%|████████▎ | 3952/4789 [00:51<00:10, 76.70it/s]
 83%|████████▎ | 3960/4789 [00:51<00:10, 76.40it/s]
 83%|████████▎ | 3968/4789 [00:52<00:10, 76.52it/s]
 83%|████████▎ | 3976/4789 [00:52<00:10, 76.51it/s]
 83%|████████▎ | 3984/4789 [00:52<00:10, 76.28it/s]
 83%|████████▎ | 3992/4789 [00:52<00:10, 75.94it/s]
 84%|████████▎ | 4000/4789 [00:52<00:10, 75.62it/s]
 84%|████████▎ | 4008/4789 [00:52<00:10, 75.46it/s]
 84%|████████▍ | 4016/4789 [00:52<00:10, 75.44it/s]
 84%|████████▍ | 4024/4789 [00:52<00:10, 75.39it/s]
 84%|████████▍ | 4032/4789 [00:52<00:10, 75.44it/s]
 84%|████████▍ | 4040/4789 [00:52<00:09, 75.51it/s]
 85%|████████▍ | 4048/4789 [00:53<00:09, 75.36it/s]
 85%|████████▍ | 4056/4789 [00:53<00:09, 75.44it/s]
 85%|████████▍ | 4064/4789 [00:53<00:09, 75.53it/s]
 85%|████████▌ | 4072/4789 [00:53<00:09, 75.67it/s]
 85%|████████▌ | 4080/4789 [00:53<00:09, 75.52it/s]
 85%|████████▌ | 4088/4789 [00:53<00:09, 75.66it/s]
 86%|████████▌ | 4096/4789 [00:53<00:09, 75.46it/s]
 86%|████████▌ | 4104/4789 [00:53<00:09, 75.43it/s]
 86%|████████▌ | 4112/4789 [00:53<00:08, 75.50it/s]
 86%|████████▌ | 4120/4789 [00:54<00:08, 75.71it/s]
 86%|████████▌ | 4128/4789 [00:54<00:08, 75.53it/s]
 86%|████████▋ | 4136/4789 [00:54<00:08, 75.61it/s]
 87%|████████▋ | 4144/4789 [00:54<00:08, 75.56it/s]
 87%|████████▋ | 4152/4789 [00:54<00:08, 75.46it/s]
 87%|████████▋ | 4160/4789 [00:54<00:08, 75.37it/s]
 87%|████████▋ | 4168/4789 [00:54<00:08, 76.00it/s]
 87%|████████▋ | 4176/4789 [00:54<00:08, 76.23it/s]
 87%|████████▋ | 4184/4789 [00:54<00:07, 76.49it/s]
 88%|████████▊ | 4192/4789 [00:54<00:07, 76.15it/s]
 88%|████████▊ | 4200/4789 [00:55<00:07, 76.48it/s]
 88%|████████▊ | 4208/4789 [00:55<00:07, 76.91it/s]
 88%|████████▊ | 4216/4789 [00:55<00:07, 76.76it/s]
 88%|████████▊ | 4224/4789 [00:55<00:07, 76.60it/s]
 88%|████████▊ | 4232/4789 [00:55<00:07, 76.17it/s]
 89%|████████▊ | 4240/4789 [00:55<00:07, 76.40it/s]
 89%|████████▊ | 4248/4789 [00:55<00:07, 76.26it/s]
 89%|████████▉ | 4256/4789 [00:55<00:06, 76.59it/s]
 89%|████████▉ | 4264/4789 [00:55<00:06, 76.26it/s]
 89%|████████▉ | 4272/4789 [00:56<00:06, 76.19it/s]
 89%|████████▉ | 4280/4789 [00:56<00:06, 75.95it/s]
 90%|████████▉ | 4288/4789 [00:56<00:06, 76.65it/s]
 90%|████████▉ | 4296/4789 [00:56<00:06, 76.47it/s]
 90%|████████▉ | 4304/4789 [00:56<00:06, 76.98it/s]
 90%|█████████ | 4312/4789 [00:56<00:06, 76.68it/s]
 90%|█████████ | 4320/4789 [00:56<00:06, 76.39it/s]
 90%|█████████ | 4328/4789 [00:56<00:06, 76.05it/s]
 91%|█████████ | 4336/4789 [00:56<00:05, 75.76it/s]
 91%|█████████ | 4344/4789 [00:56<00:05, 75.42it/s]
 91%|█████████ | 4352/4789 [00:57<00:05, 75.26it/s]
 91%|█████████ | 4360/4789 [00:57<00:05, 75.35it/s]
 91%|█████████ | 4368/4789 [00:57<00:05, 75.36it/s]
 91%|█████████▏| 4376/4789 [00:57<00:05, 75.24it/s]
 92%|█████████▏| 4384/4789 [00:57<00:05, 75.16it/s]
 92%|█████████▏| 4392/4789 [00:57<00:05, 75.08it/s]
 92%|█████████▏| 4400/4789 [00:57<00:05, 75.13it/s]
 92%|█████████▏| 4408/4789 [00:57<00:05, 75.14it/s]
 92%|█████████▏| 4416/4789 [00:57<00:04, 75.14it/s]
 92%|█████████▏| 4424/4789 [00:58<00:04, 75.10it/s]
 93%|█████████▎| 4432/4789 [00:58<00:04, 75.16it/s]
 93%|█████████▎| 4440/4789 [00:58<00:04, 75.08it/s]
 93%|█████████▎| 4448/4789 [00:58<00:04, 75.01it/s]
 93%|█████████▎| 4456/4789 [00:58<00:04, 74.95it/s]
 93%|█████████▎| 4464/4789 [00:58<00:04, 74.96it/s]
 93%|█████████▎| 4472/4789 [00:58<00:04, 74.92it/s]
 94%|█████████▎| 4480/4789 [00:58<00:04, 74.96it/s]
 94%|█████████▎| 4488/4789 [00:58<00:04, 74.96it/s]
 94%|█████████▍| 4496/4789 [00:59<00:03, 74.98it/s]
 94%|█████████▍| 4504/4789 [00:59<00:03, 75.19it/s]
 94%|█████████▍| 4512/4789 [00:59<00:03, 75.16it/s]
 94%|█████████▍| 4520/4789 [00:59<00:03, 75.07it/s]
 95%|█████████▍| 4528/4789 [00:59<00:03, 75.03it/s]
 95%|█████████▍| 4536/4789 [00:59<00:03, 75.07it/s]
 95%|█████████▍| 4544/4789 [00:59<00:03, 75.00it/s]
 95%|█████████▌| 4552/4789 [00:59<00:03, 75.06it/s]
 95%|█████████▌| 4560/4789 [00:59<00:03, 75.11it/s]
 95%|█████████▌| 4568/4789 [00:59<00:02, 75.04it/s]
 96%|█████████▌| 4576/4789 [01:00<00:02, 74.95it/s]
 96%|█████████▌| 4584/4789 [01:00<00:02, 75.13it/s]
 96%|█████████▌| 4592/4789 [01:00<00:02, 75.42it/s]
 96%|█████████▌| 4600/4789 [01:00<00:02, 75.68it/s]
 96%|█████████▌| 4608/4789 [01:00<00:02, 75.75it/s]
 96%|█████████▋| 4616/4789 [01:00<00:02, 75.64it/s]
 97%|█████████▋| 4624/4789 [01:00<00:02, 76.04it/s]
 97%|█████████▋| 4632/4789 [01:00<00:02, 76.56it/s]
 97%|█████████▋| 4640/4789 [01:00<00:01, 76.42it/s]
 97%|█████████▋| 4648/4789 [01:01<00:01, 76.67it/s]
 97%|█████████▋| 4656/4789 [01:01<00:01, 76.46it/s]
 97%|█████████▋| 4664/4789 [01:01<00:01, 76.54it/s]
 98%|█████████▊| 4672/4789 [01:01<00:01, 76.24it/s]
 98%|█████████▊| 4680/4789 [01:01<00:01, 76.57it/s]
 98%|█████████▊| 4688/4789 [01:01<00:01, 76.41it/s]
 98%|█████████▊| 4696/4789 [01:01<00:01, 76.88it/s]
 98%|█████████▊| 4704/4789 [01:01<00:01, 76.68it/s]
 98%|█████████▊| 4712/4789 [01:01<00:01, 76.98it/s]
 99%|█████████▊| 4720/4789 [01:01<00:00, 76.62it/s]
 99%|█████████▊| 4728/4789 [01:02<00:00, 76.79it/s]
 99%|█████████▉| 4736/4789 [01:02<00:00, 77.08it/s]
 99%|█████████▉| 4744/4789 [01:02<00:00, 76.97it/s]
 99%|█████████▉| 4752/4789 [01:02<00:00, 77.58it/s]
 99%|█████████▉| 4760/4789 [01:02<00:00, 77.13it/s]
100%|█████████▉| 4768/4789 [01:02<00:00, 77.08it/s]
100%|█████████▉| 4776/4789 [01:02<00:00, 76.71it/s]
100%|█████████▉| 4784/4789 [01:02<00:00, 76.50it/s]
100%|██████████| 4789/4789 [01:02<00:00, 76.19it/s]

Epoch 1/150:   0%|          | 0/449 [00:00<?, ?it/s]
Epoch 1/150:   0%|          | 1/449 [00:00<03:45,  1.98it/s]
Epoch 1/150:   6%|▌         | 28/449 [00:00<00:06, 60.92it/s]
Epoch 1/150:  11%|█         | 48/449 [00:00<00:04, 93.58it/s]
Epoch 1/150:  16%|█▌        | 72/449 [00:00<00:02, 129.52it/s]
Epoch 1/150:  21%|██        | 94/449 [00:00<00:02, 151.97it/s]
Epoch 1/150:  26%|██▌       | 115/449 [00:01<00:02, 165.77it/s]
Epoch 1/150:  31%|███       | 140/449 [00:01<00:01, 187.56it/s]
Epoch 1/150:  36%|███▌      | 162/449 [00:01<00:01, 187.33it/s]
Epoch 1/150:  41%|████▏     | 186/449 [00:01<00:01, 199.41it/s]
Epoch 1/150:  46%|████▋     | 208/449 [00:01<00:01, 195.27it/s]
Epoch 1/150:  52%|█████▏    | 234/449 [00:01<00:01, 211.92it/s]
Epoch 1/150:  57%|█████▋    | 257/449 [00:01<00:00, 202.43it/s]
Epoch 1/150:  63%|██████▎   | 285/449 [00:01<00:00, 220.77it/s]
Epoch 1/150:  69%|██████▊   | 308/449 [00:01<00:00, 209.74it/s]
Epoch 1/150:  75%|███████▍  | 336/449 [00:02<00:00, 226.37it/s]
Epoch 1/150:  80%|████████  | 360/449 [00:02<00:00, 215.42it/s]
Epoch 1/150:  86%|████████▌ | 386/449 [00:02<00:00, 225.65it/s]
Epoch 1/150:  91%|█████████ | 409/449 [00:02<00:00, 217.44it/s]
Epoch 1/150:  96%|█████████▋| 433/449 [00:02<00:00, 223.19it/s]
Epoch 1/150: 100%|██████████| 449/449 [00:02<00:00, 174.14it/s]

Epoch 2/150:   0%|          | 0/449 [00:00<?, ?it/s]
Epoch 2/150:   0%|          | 1/449 [00:00<00:52,  8.53it/s]
Epoch 2/150:   5%|▍         | 22/449 [00:00<00:03, 115.88it/s]
Epoch 2/150:  10%|█         | 47/449 [00:00<00:02, 171.78it/s]
Epoch 2/150:  15%|█▌        | 69/449 [00:00<00:02, 186.90it/s]
Epoch 2/150:  20%|██        | 90/449 [00:00<00:01, 193.31it/s]
Epoch 2/150:  26%|██▌       | 116/449 [00:00<00:01, 211.71it/s]
Epoch 2/150:  31%|███       | 138/449 [00:00<00:01, 205.69it/s]
Epoch 2/150:  37%|███▋      | 165/449 [00:00<00:01, 223.27it/s]
Epoch 2/150:  42%|████▏     | 188/449 [00:00<00:01, 202.20it/s]
Epoch 2/150:  47%|████▋     | 211/449 [00:01<00:01, 209.07it/s]
Epoch 2/150:  52%|█████▏    | 233/449 [00:01<00:01, 197.86it/s]
Epoch 2/150:  58%|█████▊    | 261/449 [00:01<00:00, 219.24it/s]
Epoch 2/150:  63%|██████▎   | 284/449 [00:01<00:00, 210.41it/s]
Epoch 2/150:  69%|██████▉   | 310/449 [00:01<00:00, 222.24it/s]
Epoch 2/150:  74%|███████▍  | 333/449 [00:01<00:00, 210.42it/s]
Epoch 2/150:  80%|███████▉  | 357/449 [00:01<00:00, 218.15it/s]
Epoch 2/150:  85%|████████▍ | 380/449 [00:01<00:00, 211.90it/s]
Epoch 2/150:  90%|████████▉ | 404/449 [00:01<00:00, 218.33it/s]
Epoch 2/150:  95%|█████████▌| 427/449 [00:02<00:00, 213.59it/s]
Epoch 2/150: 100%|██████████| 449/449 [00:02<00:00, 214.41it/s]
Epoch 2/150: 100%|██████████| 449/449 [00:02<00:00, 198.86it/s]

Epoch 3/150:   0%|          | 0/449 [00:00<?, ?it/s]
Epoch 3/150:   0%|          | 1/449 [00:00<00:52,  8.53it/s]
Epoch 3/150:   6%|▌         | 28/449 [00:00<00:02, 148.87it/s]
Epoch 3/150:  10%|█         | 46/449 [00:00<00:02, 161.83it/s]
Epoch 3/150:  16%|█▌        | 71/449 [00:00<00:01, 194.95it/s]
Epoch 3/150:  20%|██        | 92/449 [00:00<00:01, 197.44it/s]
Epoch 3/150:  25%|██▌       | 113/449 [00:00<00:01, 200.09it/s]
Epoch 3/150:  31%|███       | 138/449 [00:00<00:01, 206.28it/s]
Epoch 3/150:  35%|███▌      | 159/449 [00:00<00:01, 203.84it/s]
Epoch 3/150:  41%|████▏     | 186/449 [00:00<00:01, 222.28it/s]
Epoch 3/150:  47%|████▋     | 209/449 [00:01<00:01, 209.73it/s]
Epoch 3/150:  52%|█████▏    | 235/449 [00:01<00:00, 223.03it/s]
Epoch 3/150:  57%|█████▋    | 258/449 [00:01<00:00, 208.59it/s]
Epoch 3/150:  64%|██████▎   | 286/449 [00:01<00:00, 225.51it/s]
Epoch 3/150:  69%|██████▉   | 309/449 [00:01<00:00, 209.59it/s]
Epoch 3/150:  75%|███████▍  | 336/449 [00:01<00:00, 224.00it/s]
Epoch 3/150:  80%|███████▉  | 359/449 [00:01<00:00, 209.99it/s]
Epoch 3/150:  86%|████████▌ | 387/449 [00:01<00:00, 227.98it/s]
Epoch 3/150:  92%|█████████▏| 411/449 [00:02<00:00, 210.98it/s]
Epoch 3/150:  98%|█████████▊| 438/449 [00:02<00:00, 225.46it/s]
Epoch 3/150: 100%|██████████| 449/449 [00:02<00:00, 202.56it/s]

Epoch 4/150:   0%|          | 0/449 [00:00<?, ?it/s]
Epoch 4/150:   0%|          | 1/449 [00:00<00:55,  8.03it/s]
Epoch 4/150:   6%|▌         | 25/449 [00:00<00:03, 130.19it/s]
Epoch 4/150:  12%|█▏        | 56/449 [00:00<00:01, 207.22it/s]
Epoch 4/150:  17%|█▋        | 78/449 [00:00<00:01, 204.44it/s]
Epoch 4/150:  24%|██▍       | 107/449 [00:00<00:01, 232.03it/s]
Epoch 4/150:  29%|██▉       | 131/449 [00:00<00:01, 213.59it/s]
Epoch 4/150:  35%|███▍      | 157/449 [00:00<00:01, 225.04it/s]
Epoch 4/150:  40%|████      | 180/449 [00:00<00:01, 214.85it/s]
Epoch 4/150:  45%|████▌     | 204/449 [00:00<00:01, 222.01it/s]
Epoch 4/150:  51%|█████     | 227/449 [00:01<00:01, 219.55it/s]
Epoch 4/150:  56%|█████▌    | 250/449 [00:01<00:00, 220.34it/s]
Epoch 4/150:  61%|██████    | 275/449 [00:01<00:00, 228.21it/s]
Epoch 4/150:  66%|██████▋   | 298/449 [00:01<00:00, 213.47it/s]
Epoch 4/150:  72%|███████▏  | 324/449 [00:01<00:00, 221.97it/s]
Epoch 4/150:  77%|███████▋  | 347/449 [00:01<00:00, 211.54it/s]
Epoch 4/150:  83%|████████▎ | 374/449 [00:01<00:00, 226.06it/s]
Epoch 4/150:  88%|████████▊ | 397/449 [00:01<00:00, 211.18it/s]
Epoch 4/150:  94%|█████████▍| 424/449 [00:01<00:00, 225.98it/s]
Epoch 4/150: 100%|█████████▉| 447/449 [00:02<00:00, 216.19it/s]
Epoch 4/150: 100%|██████████| 449/449 [00:02<00:00, 206.01it/s]

Epoch 5/150:   0%|          | 0/449 [00:00<?, ?it/s]
Epoch 5/150:   0%|          | 1/449 [00:00<00:54,  8.26it/s]
Epoch 5/150:   6%|▌         | 27/449 [00:00<00:02, 144.41it/s]
Epoch 5/150:  10%|█         | 47/449 [00:00<00:02, 165.67it/s]
Epoch 5/150:  15%|█▌        | 69/449 [00:00<00:02, 186.02it/s]
Epoch 5/150:  20%|██        | 91/449 [00:00<00:01, 195.97it/s]
Epoch 5/150:  25%|██▌       | 113/449 [00:00<00:01, 202.70it/s]
Epoch 5/150:  31%|███       | 139/449 [00:00<00:01, 220.46it/s]
Epoch 5/150:  36%|███▌      | 162/449 [00:00<00:01, 206.70it/s]
Epoch 5/150:  42%|████▏     | 189/449 [00:00<00:01, 222.20it/s]
Epoch 5/150:  47%|████▋     | 212/449 [00:01<00:01, 205.46it/s]
Epoch 5/150:  53%|█████▎    | 238/449 [00:01<00:00, 218.18it/s]
Epoch 5/150:  58%|█████▊    | 261/449 [00:01<00:00, 204.65it/s]
Epoch 5/150:  64%|██████▍   | 288/449 [00:01<00:00, 221.52it/s]
Epoch 5/150:  69%|██████▉   | 311/449 [00:01<00:00, 207.38it/s]
Epoch 5/150:  76%|███████▌  | 339/449 [00:01<00:00, 224.42it/s]
Epoch 5/150:  81%|████████  | 362/449 [00:01<00:00, 206.44it/s]
Epoch 5/150:  87%|████████▋ | 389/449 [00:01<00:00, 221.00it/s]
Epoch 5/150:  92%|█████████▏| 412/449 [00:02<00:00, 203.80it/s]
Epoch 5/150:  98%|█████████▊| 438/449 [00:02<00:00, 218.41it/s]
Epoch 5/150: 100%|██████████| 449/449 [00:02<00:00, 199.46it/s]

Epoch 6/150:   0%|          | 0/449 [00:00<?, ?it/s]
Epoch 6/150:   0%|          | 1/449 [00:00<00:59,  7.54it/s]
Epoch 6/150:   6%|▌         | 25/449 [00:00<00:03, 127.19it/s]
Epoch 6/150:  11%|█         | 50/449 [00:00<00:02, 170.29it/s]
Epoch 6/150:  16%|█▌        | 70/449 [00:00<00:02, 180.39it/s]
Epoch 6/150:  21%|██▏       | 96/449 [00:00<00:01, 207.57it/s]
Epoch 6/150:  26%|██▋       | 118/449 [00:00<00:01, 194.69it/s]
Epoch 6/150:  32%|███▏      | 145/449 [00:00<00:01, 215.48it/s]
Epoch 6/150:  37%|███▋      | 168/449 [00:00<00:01, 207.32it/s]
Epoch 6/150:  43%|████▎     | 193/449 [00:01<00:01, 217.51it/s]
Epoch 6/150:  48%|████▊     | 216/449 [00:01<00:01, 209.83it/s]
Epoch 6/150:  54%|█████▎    | 241/449 [00:01<00:00, 219.51it/s]
Epoch 6/150:  59%|█████▉    | 264/449 [00:01<00:00, 217.44it/s]
Epoch 6/150:  64%|██████▎   | 286/449 [00:01<00:00, 215.58it/s]
Epoch 6/150:  69%|██████▉   | 311/449 [00:01<00:00, 224.75it/s]
Epoch 6/150:  74%|███████▍  | 334/449 [00:01<00:00, 211.18it/s]
Epoch 6/150:  80%|███████▉  | 359/449 [00:01<00:00, 221.01it/s]
Epoch 6/150:  85%|████████▌ | 382/449 [00:01<00:00, 210.84it/s]
Epoch 6/150:  91%|█████████ | 409/449 [00:01<00:00, 226.48it/s]
Epoch 6/150:  96%|█████████▌| 432/449 [00:02<00:00, 212.75it/s]
Epoch 6/150: 100%|██████████| 449/449 [00:02<00:00, 202.06it/s]

Epoch 7/150:   0%|          | 0/449 [00:00<?, ?it/s]
Epoch 7/150:   0%|          | 1/449 [00:00<00:53,  8.34it/s]
Epoch 7/150:   6%|▌         | 25/449 [00:00<00:03, 126.10it/s]
Epoch 7/150:   8%|▊         | 38/449 [00:00<00:04, 88.47it/s] 
Epoch 7/150:  13%|█▎        | 58/449 [00:00<00:03, 120.30it/s]
Epoch 7/150:  18%|█▊        | 83/449 [00:00<00:02, 157.04it/s]
Epoch 7/150:  23%|██▎       | 102/449 [00:00<00:02, 166.60it/s]
Epoch 7/150:  28%|██▊       | 127/449 [00:00<00:01, 189.78it/s]
Epoch 7/150:  33%|███▎      | 148/449 [00:00<00:01, 194.62it/s]
Epoch 7/150:  38%|███▊      | 171/449 [00:01<00:01, 204.12it/s]
Epoch 7/150:  44%|████▍     | 197/449 [00:01<00:01, 217.12it/s]
Epoch 7/150:  49%|████▉     | 220/449 [00:01<00:01, 207.66it/s]
Epoch 7/150:  55%|█████▌    | 247/449 [00:01<00:00, 223.82it/s]
Epoch 7/150:  60%|██████    | 270/449 [00:01<00:00, 209.25it/s]
Epoch 7/150:  66%|██████▌   | 296/449 [00:01<00:00, 223.18it/s]
Epoch 7/150:  71%|███████   | 319/449 [00:01<00:00, 209.12it/s]
Epoch 7/150:  77%|███████▋  | 345/449 [00:01<00:00, 222.76it/s]
Epoch 7/150:  82%|████████▏ | 368/449 [00:01<00:00, 209.98it/s]
Epoch 7/150:  88%|████████▊ | 396/449 [00:02<00:00, 227.08it/s]
Epoch 7/150:  94%|█████████▎| 420/449 [00:02<00:00, 209.68it/s]
Epoch 7/150: 100%|█████████▉| 448/449 [00:02<00:00, 227.54it/s]
Epoch 7/150: 100%|██████████| 449/449 [00:02<00:00, 190.58it/s]

Epoch 8/150:   0%|          | 0/449 [00:00<?, ?it/s]
Epoch 8/150:   0%|          | 1/449 [00:00<00:54,  8.23it/s]
Epoch 8/150:   5%|▍         | 22/449 [00:00<00:03, 117.10it/s]
Epoch 8/150:  10%|█         | 45/449 [00:00<00:02, 163.54it/s]
Epoch 8/150:  16%|█▌        | 70/449 [00:00<00:01, 193.86it/s]
Epoch 8/150:  20%|██        | 90/449 [00:00<00:01, 190.90it/s]
Epoch 8/150:  26%|██▌       | 117/449 [00:00<00:01, 215.43it/s]
Epoch 8/150:  31%|███       | 139/449 [00:00<00:01, 206.20it/s]
Epoch 8/150:  37%|███▋      | 165/449 [00:00<00:01, 219.95it/s]
Epoch 8/150:  42%|████▏     | 188/449 [00:00<00:01, 211.51it/s]
Epoch 8/150:  48%|████▊     | 214/449 [00:01<00:01, 224.32it/s]
Epoch 8/150:  53%|█████▎    | 237/449 [00:01<00:00, 216.91it/s]
Epoch 8/150:  58%|█████▊    | 260/449 [00:01<00:00, 219.32it/s]
Epoch 8/150:  63%|██████▎   | 283/449 [00:01<00:00, 218.75it/s]
Epoch 8/150:  68%|██████▊   | 305/449 [00:01<00:00, 210.79it/s]
Epoch 8/150:  74%|███████▎  | 331/449 [00:01<00:00, 224.43it/s]
Epoch 8/150:  79%|███████▉  | 354/449 [00:01<00:00, 210.21it/s]
Epoch 8/150:  85%|████████▍ | 381/449 [00:01<00:00, 225.02it/s]
Epoch 8/150:  90%|████████▉ | 404/449 [00:01<00:00, 209.43it/s]
Epoch 8/150:  96%|█████████▌| 432/449 [00:02<00:00, 226.02it/s]
Epoch 8/150: 100%|██████████| 449/449 [00:02<00:00, 202.52it/s]

Epoch 9/150:   0%|          | 0/449 [00:00<?, ?it/s]
Epoch 9/150:   0%|          | 1/449 [00:00<00:56,  7.86it/s]
Epoch 9/150:   6%|▌         | 26/449 [00:00<00:03, 133.57it/s]
Epoch 9/150:  11%|█         | 50/449 [00:00<00:02, 173.14it/s]
Epoch 9/150:  16%|█▋        | 74/449 [00:00<00:01, 195.11it/s]
Epoch 9/150:  22%|██▏       | 100/449 [00:00<00:01, 214.59it/s]
Epoch 9/150:  27%|██▋       | 122/449 [00:00<00:01, 201.30it/s]
Epoch 9/150:  33%|███▎      | 149/449 [00:00<00:01, 220.72it/s]
Epoch 9/150:  38%|███▊      | 172/449 [00:00<00:01, 205.49it/s]
Epoch 9/150:  44%|████▍     | 198/449 [00:01<00:01, 219.69it/s]
Epoch 9/150:  49%|████▉     | 221/449 [00:01<00:01, 206.58it/s]
Epoch 9/150:  55%|█████▌    | 249/449 [00:01<00:00, 224.35it/s]
Epoch 9/150:  61%|██████    | 272/449 [00:01<00:00, 208.28it/s]
Epoch 9/150:  67%|██████▋   | 299/449 [00:01<00:00, 224.05it/s]
Epoch 9/150:  72%|███████▏  | 322/449 [00:01<00:00, 214.46it/s]
Epoch 9/150:  78%|███████▊  | 348/449 [00:01<00:00, 226.77it/s]
Epoch 9/150:  83%|████████▎ | 372/449 [00:01<00:00, 215.23it/s]
Epoch 9/150:  89%|████████▉ | 399/449 [00:01<00:00, 228.68it/s]
Epoch 9/150:  94%|█████████▍| 423/449 [00:02<00:00, 217.89it/s]
Epoch 9/150: 100%|██████████| 449/449 [00:02<00:00, 227.76it/s]
Epoch 9/150: 100%|██████████| 449/449 [00:02<00:00, 204.65it/s]

Epoch 10/150:   0%|          | 0/449 [00:00<?, ?it/s]
Epoch 10/150:   0%|          | 1/449 [00:00<00:53,  8.45it/s]
Epoch 10/150:   6%|▋         | 29/449 [00:00<00:02, 153.64it/s]
Epoch 10/150:  11%|█         | 48/449 [00:00<00:02, 162.69it/s]
Epoch 10/150:  17%|█▋        | 76/449 [00:00<00:01, 203.77it/s]
Epoch 10/150:  22%|██▏       | 97/449 [00:00<00:01, 198.63it/s]
Epoch 10/150:  27%|██▋       | 121/449 [00:00<00:01, 211.48it/s]
Epoch 10/150:  32%|███▏      | 143/449 [00:00<00:01, 205.88it/s]
Epoch 10/150:  37%|███▋      | 168/449 [00:00<00:01, 217.66it/s]
Epoch 10/150:  42%|████▏     | 190/449 [00:00<00:01, 213.96it/s]
Epoch 10/150:  47%|████▋     | 212/449 [00:01<00:01, 211.06it/s]
Epoch 10/150:  52%|█████▏    | 235/449 [00:01<00:00, 216.40it/s]
Epoch 10/150:  57%|█████▋    | 257/449 [00:01<00:00, 209.04it/s]
Epoch 10/150:  63%|██████▎   | 284/449 [00:01<00:00, 224.81it/s]
Epoch 10/150:  68%|██████▊   | 307/449 [00:01<00:00, 205.92it/s]
Epoch 10/150:  74%|███████▍  | 333/449 [00:01<00:00, 218.81it/s]
Epoch 10/150:  79%|███████▉  | 356/449 [00:01<00:00, 208.06it/s]
Epoch 10/150:  85%|████████▌ | 383/449 [00:01<00:00, 223.06it/s]
Epoch 10/150:  90%|█████████ | 406/449 [00:01<00:00, 207.26it/s]
Epoch 10/150:  97%|█████████▋| 434/449 [00:02<00:00, 224.30it/s]
Epoch 10/150: 100%|██████████| 449/449 [00:02<00:00, 202.75it/s]

Epoch 11/150:   0%|          | 0/449 [00:00<?, ?it/s]
Epoch 11/150:   0%|          | 1/449 [00:00<00:53,  8.38it/s]
Epoch 11/150:   5%|▌         | 24/449 [00:00<00:03, 127.41it/s]
Epoch 11/150:  11%|█         | 50/449 [00:00<00:02, 180.07it/s]
Epoch 11/150:  15%|█▌        | 69/449 [00:00<00:02, 181.06it/s]
Epoch 11/150:  21%|██▏       | 96/449 [00:00<00:01, 208.80it/s]
Epoch 11/150:  26%|██▋       | 118/449 [00:00<00:01, 200.38it/s]
Epoch 11/150:  32%|███▏      | 144/449 [00:00<00:01, 218.11it/s]
Epoch 11/150:  37%|███▋      | 167/449 [00:00<00:01, 209.40it/s]
Epoch 11/150:  42%|████▏     | 190/449 [00:00<00:01, 215.16it/s]
Epoch 11/150:  47%|████▋     | 212/449 [00:01<00:01, 207.05it/s]
Epoch 11/150:  53%|█████▎    | 236/449 [00:01<00:00, 215.67it/s]
Epoch 11/150:  57%|█████▋    | 258/449 [00:01<00:00, 216.05it/s]
Epoch 11/150:  62%|██████▏   | 280/449 [00:01<00:00, 214.35it/s]
Epoch 11/150:  68%|██████▊   | 306/449 [00:01<00:00, 226.18it/s]
Epoch 11/150:  73%|███████▎  | 329/449 [00:01<00:00, 213.63it/s]
Epoch 11/150:  79%|███████▉  | 356/449 [00:01<00:00, 227.00it/s]
Epoch 11/150:  84%|████████▍ | 379/449 [00:01<00:00, 210.04it/s]
Epoch 11/150:  91%|█████████ | 407/449 [00:01<00:00, 227.00it/s]
Epoch 11/150:  96%|█████████▌| 431/449 [00:02<00:00, 214.58it/s]
Epoch 11/150: 100%|██████████| 449/449 [00:02<00:00, 202.77it/s]

Epoch 12/150:   0%|          | 0/449 [00:00<?, ?it/s]
Epoch 12/150:   0%|          | 1/449 [00:00<00:52,  8.54it/s]
Epoch 12/150:   6%|▌         | 28/449 [00:00<00:02, 149.51it/s]
Epoch 12/150:  10%|█         | 45/449 [00:00<00:02, 158.35it/s]
Epoch 12/150:  15%|█▌        | 69/449 [00:00<00:02, 189.24it/s]
Epoch 12/150:  20%|█▉        | 89/449 [00:00<00:01, 192.73it/s]
Epoch 12/150:  25%|██▌       | 113/449 [00:00<00:01, 207.19it/s]
Epoch 12/150:  31%|███       | 137/449 [00:00<00:01, 209.08it/s]
Epoch 12/150:  35%|███▌      | 159/449 [00:00<00:01, 209.99it/s]
Epoch 12/150:  41%|████▏     | 186/449 [00:00<00:01, 225.42it/s]
Epoch 12/150:  47%|████▋     | 209/449 [00:01<00:01, 208.49it/s]
Epoch 12/150:  53%|█████▎    | 236/449 [00:01<00:00, 224.79it/s]
Epoch 12/150:  58%|█████▊    | 259/449 [00:01<00:00, 209.81it/s]
Epoch 12/150:  63%|██████▎   | 285/449 [00:01<00:00, 222.33it/s]
Epoch 12/150:  69%|██████▊   | 308/449 [00:01<00:00, 207.56it/s]
Epoch 12/150:  75%|███████▍  | 335/449 [00:01<00:00, 224.42it/s]
Epoch 12/150:  80%|███████▉  | 358/449 [00:01<00:00, 209.35it/s]
Epoch 12/150:  86%|████████▌ | 386/449 [00:01<00:00, 226.92it/s]
Epoch 12/150:  91%|█████████▏| 410/449 [00:01<00:00, 210.32it/s]
Epoch 12/150:  98%|█████████▊| 438/449 [00:02<00:00, 228.44it/s]
Epoch 12/150: 100%|██████████| 449/449 [00:02<00:00, 203.17it/s]

Epoch 13/150:   0%|          | 0/449 [00:00<?, ?it/s]
Epoch 13/150:   0%|          | 1/449 [00:00<00:54,  8.19it/s]
Epoch 13/150:   4%|▍         | 20/449 [00:00<00:04, 105.50it/s]
Epoch 13/150:  10%|█         | 47/449 [00:00<00:02, 175.76it/s]
Epoch 13/150:  15%|█▍        | 66/449 [00:00<00:02, 178.88it/s]
Epoch 13/150:  20%|██        | 90/449 [00:00<00:01, 199.90it/s]
Epoch 13/150:  25%|██▍       | 111/449 [00:00<00:01, 199.30it/s]
Epoch 13/150:  30%|██▉       | 134/449 [00:00<00:01, 207.86it/s]
Epoch 13/150:  35%|███▌      | 159/449 [00:00<00:01, 215.90it/s]
Epoch 13/150:  40%|████      | 181/449 [00:00<00:01, 208.31it/s]
Epoch 13/150:  46%|████▌     | 207/449 [00:01<00:01, 222.15it/s]
Epoch 13/150:  51%|█████     | 230/449 [00:01<00:01, 207.79it/s]
Epoch 13/150:  57%|█████▋    | 257/449 [00:01<00:00, 223.45it/s]
Epoch 13/150:  62%|██████▏   | 280/449 [00:01<00:00, 207.69it/s]
Epoch 13/150:  68%|██████▊   | 306/449 [00:01<00:00, 221.00it/s]
Epoch 13/150:  73%|███████▎  | 329/449 [00:01<00:00, 207.68it/s]
Epoch 13/150:  79%|███████▉  | 356/449 [00:01<00:00, 223.53it/s]
Epoch 13/150:  84%|████████▍ | 379/449 [00:01<00:00, 212.82it/s]
Epoch 13/150:  90%|█████████ | 406/449 [00:01<00:00, 226.33it/s]
Epoch 13/150:  96%|█████████▌| 429/449 [00:02<00:00, 212.98it/s]
Epoch 13/150: 100%|██████████| 449/449 [00:02<00:00, 200.63it/s]

Epoch 14/150:   0%|          | 0/449 [00:00<?, ?it/s]
Epoch 14/150:   0%|          | 1/449 [00:00<00:52,  8.48it/s]
Epoch 14/150:   6%|▌         | 27/449 [00:00<00:02, 143.63it/s]
Epoch 14/150:  10%|█         | 47/449 [00:00<00:02, 166.84it/s]
Epoch 14/150:  16%|█▋        | 73/449 [00:00<00:01, 201.46it/s]
Epoch 14/150:  21%|██        | 94/449 [00:00<00:01, 203.75it/s]
Epoch 14/150:  26%|██▌       | 116/449 [00:00<00:01, 207.38it/s]
Epoch 14/150:  32%|███▏      | 142/449 [00:00<00:01, 220.67it/s]
Epoch 14/150:  37%|███▋      | 165/449 [00:00<00:01, 212.16it/s]
Epoch 14/150:  43%|████▎     | 193/449 [00:00<00:01, 229.33it/s]
Epoch 14/150:  48%|████▊     | 217/449 [00:01<00:01, 211.57it/s]
Epoch 14/150:  55%|█████▍    | 245/449 [00:01<00:00, 229.22it/s]
Epoch 14/150:  60%|█████▉    | 269/449 [00:01<00:00, 214.85it/s]
Epoch 14/150:  66%|██████▌   | 296/449 [00:01<00:00, 229.60it/s]
Epoch 14/150:  71%|███████▏  | 320/449 [00:01<00:00, 212.17it/s]
Epoch 14/150:  77%|███████▋  | 346/449 [00:01<00:00, 224.18it/s]
Epoch 14/150:  82%|████████▏ | 369/449 [00:01<00:00, 210.80it/s]
Epoch 14/150:  88%|████████▊ | 394/449 [00:01<00:00, 219.79it/s]
Epoch 14/150:  93%|█████████▎| 417/449 [00:02<00:00, 209.14it/s]
Epoch 14/150:  99%|█████████▊| 443/449 [00:02<00:00, 221.46it/s]
Epoch 14/150: 100%|██████████| 449/449 [00:02<00:00, 205.28it/s]

Epoch 15/150:   0%|          | 0/449 [00:00<?, ?it/s]
Epoch 15/150:   0%|          | 1/449 [00:00<00:53,  8.36it/s]
Epoch 15/150:   5%|▍         | 22/449 [00:00<00:03, 117.23it/s]
Epoch 15/150:  10%|█         | 46/449 [00:00<00:02, 168.22it/s]
Epoch 15/150:  16%|█▌        | 71/449 [00:00<00:01, 197.33it/s]
Epoch 15/150:  20%|██        | 92/449 [00:00<00:01, 191.46it/s]
Epoch 15/150:  27%|██▋       | 120/449 [00:00<00:01, 217.26it/s]
Epoch 15/150:  32%|███▏      | 143/449 [00:00<00:01, 204.14it/s]
Epoch 15/150:  38%|███▊      | 170/449 [00:00<00:01, 221.49it/s]
Epoch 15/150:  43%|████▎     | 193/449 [00:01<00:01, 203.70it/s]
Epoch 15/150:  49%|████▉     | 222/449 [00:01<00:01, 225.21it/s]
Epoch 15/150:  55%|█████▍    | 246/449 [00:01<00:00, 210.83it/s]
Epoch 15/150:  60%|██████    | 271/449 [00:01<00:00, 220.06it/s]
Epoch 15/150:  65%|██████▌   | 294/449 [00:01<00:00, 211.23it/s]
Epoch 15/150:  71%|███████▏  | 321/449 [00:01<00:00, 226.36it/s]
Epoch 15/150:  77%|███████▋  | 345/449 [00:01<00:00, 213.40it/s]
Epoch 15/150:  82%|████████▏ | 370/449 [00:01<00:00, 222.25it/s]
Epoch 15/150:  88%|████████▊ | 393/449 [00:02<00:00, 153.86it/s]
Epoch 15/150:  92%|█████████▏| 413/449 [00:02<00:00, 163.34it/s]
Epoch 15/150:  98%|█████████▊| 440/449 [00:02<00:00, 187.71it/s]
Epoch 15/150: 100%|██████████| 449/449 [00:02<00:00, 190.99it/s]

Epoch 16/150:   0%|          | 0/449 [00:00<?, ?it/s]
Epoch 16/150:   0%|          | 1/449 [00:00<00:52,  8.47it/s]
Epoch 16/150:   5%|▍         | 21/449 [00:00<00:03, 110.16it/s]
Epoch 16/150:  10%|█         | 46/449 [00:00<00:02, 170.51it/s]
Epoch 16/150:  15%|█▍        | 67/449 [00:00<00:02, 184.12it/s]
Epoch 16/150:  20%|█▉        | 89/449 [00:00<00:01, 195.39it/s]
Epoch 16/150:  26%|██▌       | 115/449 [00:00<00:01, 213.51it/s]
Epoch 16/150:  31%|███       | 137/449 [00:00<00:01, 202.99it/s]
Epoch 16/150:  37%|███▋      | 164/449 [00:00<00:01, 222.61it/s]
Epoch 16/150:  42%|████▏     | 187/449 [00:00<00:01, 208.61it/s]
Epoch 16/150:  48%|████▊     | 215/449 [00:01<00:01, 227.03it/s]
Epoch 16/150:  53%|█████▎    | 239/449 [00:01<00:01, 209.19it/s]
Epoch 16/150:  59%|█████▉    | 267/449 [00:01<00:00, 226.40it/s]
Epoch 16/150:  65%|██████▍   | 291/449 [00:01<00:00, 208.87it/s]
Epoch 16/150:  71%|███████   | 318/449 [00:01<00:00, 224.31it/s]
Epoch 16/150:  76%|███████▌  | 342/449 [00:01<00:00, 208.77it/s]
Epoch 16/150:  82%|████████▏ | 369/449 [00:01<00:00, 222.55it/s]
Epoch 16/150:  87%|████████▋ | 392/449 [00:01<00:00, 210.82it/s]
Epoch 16/150:  93%|█████████▎| 417/449 [00:02<00:00, 221.20it/s]
Epoch 16/150:  98%|█████████▊| 440/449 [00:02<00:00, 209.10it/s]
Epoch 16/150: 100%|██████████| 449/449 [00:02<00:00, 200.73it/s]

Epoch 17/150:   0%|          | 0/449 [00:00<?, ?it/s]
Epoch 17/150:   0%|          | 1/449 [00:00<00:54,  8.28it/s]
Epoch 17/150:   6%|▌         | 26/449 [00:00<00:03, 138.15it/s]
Epoch 17/150:  10%|█         | 47/449 [00:00<00:02, 168.67it/s]
Epoch 17/150:  15%|█▌        | 69/449 [00:00<00:02, 186.93it/s]
Epoch 17/150:  21%|██        | 95/449 [00:00<00:01, 208.69it/s]
Epoch 17/150:  26%|██▌       | 117/449 [00:00<00:01, 201.63it/s]
Epoch 17/150:  32%|███▏      | 144/449 [00:00<00:01, 220.42it/s]
Epoch 17/150:  37%|███▋      | 167/449 [00:00<00:01, 206.24it/s]
Epoch 17/150:  43%|████▎     | 193/449 [00:00<00:01, 218.99it/s]
Epoch 17/150:  48%|████▊     | 216/449 [00:01<00:01, 205.58it/s]
Epoch 17/150:  54%|█████▍    | 243/449 [00:01<00:00, 222.53it/s]
Epoch 17/150:  59%|█████▉    | 266/449 [00:01<00:00, 209.15it/s]
Epoch 17/150:  65%|██████▌   | 293/449 [00:01<00:00, 223.55it/s]
Epoch 17/150:  70%|███████   | 316/449 [00:01<00:00, 211.50it/s]
Epoch 17/150:  76%|███████▌  | 342/449 [00:01<00:00, 224.53it/s]
Epoch 17/150:  81%|████████▏ | 365/449 [00:01<00:00, 213.05it/s]
Epoch 17/150:  87%|████████▋ | 389/449 [00:01<00:00, 218.68it/s]
Epoch 17/150:  92%|█████████▏| 412/449 [00:02<00:00, 211.57it/s]
Epoch 17/150:  97%|█████████▋| 436/449 [00:02<00:00, 219.21it/s]
Epoch 17/150: 100%|██████████| 449/449 [00:02<00:00, 203.34it/s]

Epoch 18/150:   0%|          | 0/449 [00:00<?, ?it/s]
Epoch 18/150:   0%|          | 1/449 [00:00<00:52,  8.51it/s]
Epoch 18/150:   5%|▌         | 24/449 [00:00<00:03, 125.15it/s]
Epoch 18/150:  10%|█         | 47/449 [00:00<00:02, 168.48it/s]
Epoch 18/150:  16%|█▋        | 73/449 [00:00<00:01, 202.10it/s]
Epoch 18/150:  21%|██        | 94/449 [00:00<00:01, 189.94it/s]
Epoch 18/150:  27%|██▋       | 120/449 [00:00<00:01, 211.64it/s]
Epoch 18/150:  32%|███▏      | 142/449 [00:00<00:01, 204.15it/s]
Epoch 18/150:  37%|███▋      | 167/449 [00:00<00:01, 216.95it/s]
Epoch 18/150:  42%|████▏     | 189/449 [00:00<00:01, 207.30it/s]
Epoch 18/150:  47%|████▋     | 213/449 [00:01<00:01, 214.58it/s]
Epoch 18/150:  52%|█████▏    | 235/449 [00:01<00:01, 208.70it/s]
Epoch 18/150:  57%|█████▋    | 257/449 [00:01<00:00, 209.89it/s]
Epoch 18/150:  62%|██████▏   | 279/449 [00:01<00:00, 210.64it/s]
Epoch 18/150:  67%|██████▋   | 301/449 [00:01<00:00, 209.65it/s]
Epoch 18/150:  73%|███████▎  | 328/449 [00:01<00:00, 225.00it/s]
Epoch 18/150:  78%|███████▊  | 351/449 [00:01<00:00, 211.63it/s]
Epoch 18/150:  84%|████████▍ | 379/449 [00:01<00:00, 229.53it/s]
Epoch 18/150:  90%|████████▉ | 403/449 [00:01<00:00, 208.72it/s]
Epoch 18/150:  96%|█████████▌| 431/449 [00:02<00:00, 226.24it/s]
Epoch 18/150: 100%|██████████| 449/449 [00:02<00:00, 200.39it/s]

Epoch 19/150:   0%|          | 0/449 [00:00<?, ?it/s]
Epoch 19/150:   0%|          | 1/449 [00:00<00:53,  8.30it/s]
Epoch 19/150:   6%|▌         | 25/449 [00:00<00:03, 132.13it/s]
Epoch 19/150:  11%|█         | 50/449 [00:00<00:02, 182.53it/s]
Epoch 19/150:  15%|█▌        | 69/449 [00:00<00:02, 181.56it/s]
Epoch 19/150:  21%|██▏       | 96/449 [00:00<00:01, 211.36it/s]
Epoch 19/150:  26%|██▋       | 118/449 [00:00<00:01, 199.20it/s]
Epoch 19/150:  32%|███▏      | 145/449 [00:00<00:01, 218.46it/s]
Epoch 19/150:  37%|███▋      | 168/449 [00:00<00:01, 210.24it/s]
Epoch 19/150:  43%|████▎     | 194/449 [00:00<00:01, 223.58it/s]
Epoch 19/150:  48%|████▊     | 217/449 [00:01<00:01, 214.31it/s]
Epoch 19/150:  54%|█████▎    | 241/449 [00:01<00:00, 219.65it/s]
Epoch 19/150:  59%|█████▉    | 264/449 [00:01<00:00, 214.76it/s]
Epoch 19/150:  64%|██████▍   | 288/449 [00:01<00:00, 219.93it/s]
Epoch 19/150:  69%|██████▉   | 312/449 [00:01<00:00, 220.15it/s]
Epoch 19/150:  75%|███████▍  | 335/449 [00:01<00:00, 221.49it/s]
Epoch 19/150:  81%|████████  | 362/449 [00:01<00:00, 233.94it/s]
Epoch 19/150:  86%|████████▌ | 386/449 [00:01<00:00, 215.65it/s]
Epoch 19/150:  92%|█████████▏| 413/449 [00:01<00:00, 229.20it/s]
Epoch 19/150:  97%|█████████▋| 437/449 [00:02<00:00, 212.64it/s]
Epoch 19/150: 100%|██████████| 449/449 [00:02<00:00, 204.71it/s]

Epoch 20/150:   0%|          | 0/449 [00:00<?, ?it/s]
Epoch 20/150:   0%|          | 1/449 [00:00<00:54,  8.27it/s]
Epoch 20/150:   6%|▌         | 26/449 [00:00<00:03, 136.53it/s]
Epoch 20/150:  10%|█         | 45/449 [00:00<00:02, 156.09it/s]
Epoch 20/150:  16%|█▌        | 71/449 [00:00<00:01, 193.39it/s]
Epoch 20/150:  20%|██        | 91/449 [00:00<00:01, 189.10it/s]
Epoch 20/150:  26%|██▌       | 117/449 [00:00<00:01, 210.48it/s]
Epoch 20/150:  31%|███       | 139/449 [00:00<00:01, 200.44it/s]
Epoch 20/150:  36%|███▋      | 163/449 [00:00<00:01, 211.00it/s]
Epoch 20/150:  41%|████      | 185/449 [00:00<00:01, 203.70it/s]
Epoch 20/150:  47%|████▋     | 209/449 [00:01<00:01, 212.08it/s]
Epoch 20/150:  51%|█████▏    | 231/449 [00:01<00:01, 208.93it/s]
Epoch 20/150:  56%|█████▋    | 253/449 [00:01<00:00, 209.68it/s]
Epoch 20/150:  61%|██████▏   | 276/449 [00:01<00:00, 210.48it/s]
Epoch 20/150:  66%|██████▋   | 298/449 [00:01<00:00, 210.88it/s]
Epoch 20/150:  72%|███████▏  | 325/449 [00:01<00:00, 222.63it/s]
Epoch 20/150:  78%|███████▊  | 348/449 [00:01<00:00, 210.81it/s]
Epoch 20/150:  84%|████████▎ | 375/449 [00:01<00:00, 224.64it/s]
Epoch 20/150:  89%|████████▊ | 398/449 [00:01<00:00, 210.83it/s]
Epoch 20/150:  94%|█████████▍| 424/449 [00:02<00:00, 222.93it/s]
Epoch 20/150: 100%|█████████▉| 447/449 [00:02<00:00, 213.14it/s]
Epoch 20/150: 100%|██████████| 449/449 [00:02<00:00, 199.30it/s]

Epoch 21/150:   0%|          | 0/449 [00:00<?, ?it/s]
Epoch 21/150:   0%|          | 1/449 [00:00<00:53,  8.32it/s]
Epoch 21/150:   6%|▌         | 27/449 [00:00<00:02, 142.40it/s]
Epoch 21/150:  11%|█         | 48/449 [00:00<00:02, 169.34it/s]
Epoch 21/150:  16%|█▌        | 72/449 [00:00<00:01, 193.71it/s]
Epoch 21/150:  22%|██▏       | 97/449 [00:00<00:01, 212.68it/s]
Epoch 21/150:  27%|██▋       | 119/449 [00:00<00:01, 204.57it/s]
Epoch 21/150:  33%|███▎      | 146/449 [00:00<00:01, 223.28it/s]
Epoch 21/150:  38%|███▊      | 169/449 [00:00<00:01, 207.64it/s]
Epoch 21/150:  44%|████▎     | 196/449 [00:00<00:01, 223.25it/s]
Epoch 21/150:  49%|████▉     | 219/449 [00:01<00:01, 207.67it/s]
Epoch 21/150:  55%|█████▍    | 246/449 [00:01<00:00, 224.56it/s]
Epoch 21/150:  60%|█████▉    | 269/449 [00:01<00:00, 213.29it/s]
Epoch 21/150:  66%|██████▌   | 295/449 [00:01<00:00, 225.03it/s]
Epoch 21/150:  71%|███████   | 318/449 [00:01<00:00, 218.05it/s]
Epoch 21/150:  76%|███████▌  | 341/449 [00:01<00:00, 218.58it/s]
Epoch 21/150:  81%|████████  | 364/449 [00:01<00:00, 215.20it/s]
Epoch 21/150:  86%|████████▌ | 386/449 [00:01<00:00, 213.50it/s]
Epoch 21/150:  92%|█████████▏| 412/449 [00:01<00:00, 223.21it/s]
Epoch 21/150:  97%|█████████▋| 435/449 [00:02<00:00, 209.33it/s]
Epoch 21/150: 100%|██████████| 449/449 [00:02<00:00, 203.82it/s]

Epoch 22/150:   0%|          | 0/449 [00:00<?, ?it/s]
Epoch 22/150:   0%|          | 1/449 [00:00<00:53,  8.37it/s]
Epoch 22/150:   6%|▌         | 25/449 [00:00<00:03, 132.10it/s]
Epoch 22/150:   9%|▉         | 42/449 [00:00<00:02, 147.02it/s]
Epoch 22/150:  15%|█▌        | 69/449 [00:00<00:01, 191.01it/s]
Epoch 22/150:  20%|█▉        | 89/449 [00:00<00:01, 183.90it/s]
Epoch 22/150:  25%|██▌       | 114/449 [00:00<00:01, 203.73it/s]
Epoch 22/150:  30%|███       | 136/449 [00:00<00:01, 206.07it/s]
Epoch 22/150:  35%|███▌      | 159/449 [00:00<00:01, 213.08it/s]
Epoch 22/150:  41%|████      | 183/449 [00:00<00:01, 220.84it/s]
Epoch 22/150:  46%|████▌     | 206/449 [00:01<00:01, 213.40it/s]
Epoch 22/150:  52%|█████▏    | 233/449 [00:01<00:00, 227.57it/s]
Epoch 22/150:  57%|█████▋    | 256/449 [00:01<00:00, 211.16it/s]
Epoch 22/150:  63%|██████▎   | 284/449 [00:01<00:00, 227.61it/s]
Epoch 22/150:  69%|██████▊   | 308/449 [00:01<00:00, 213.86it/s]
Epoch 22/150:  75%|███████▍  | 336/449 [00:01<00:00, 229.92it/s]
Epoch 22/150:  80%|████████  | 360/449 [00:01<00:00, 213.06it/s]
Epoch 22/150:  86%|████████▌ | 387/449 [00:01<00:00, 227.88it/s]
Epoch 22/150:  92%|█████████▏| 411/449 [00:01<00:00, 214.20it/s]
Epoch 22/150:  97%|█████████▋| 437/449 [00:02<00:00, 225.66it/s]
Epoch 22/150: 100%|██████████| 449/449 [00:02<00:00, 202.24it/s]

Epoch 23/150:   0%|          | 0/449 [00:00<?, ?it/s]
Epoch 23/150:   0%|          | 1/449 [00:00<00:58,  7.71it/s]
Epoch 23/150:   5%|▌         | 24/449 [00:00<00:03, 123.89it/s]
Epoch 23/150:  11%|█▏        | 51/449 [00:00<00:02, 184.51it/s]
Epoch 23/150:  16%|█▌        | 71/449 [00:00<00:02, 186.12it/s]
Epoch 23/150:  22%|██▏       | 97/449 [00:00<00:01, 210.37it/s]
Epoch 23/150:  27%|██▋       | 119/449 [00:00<00:01, 200.57it/s]
Epoch 23/150:  32%|███▏      | 144/449 [00:00<00:01, 215.00it/s]
Epoch 23/150:  37%|███▋      | 166/449 [00:00<00:01, 209.44it/s]
Epoch 23/150:  42%|████▏     | 189/449 [00:00<00:01, 214.00it/s]
Epoch 23/150:  47%|████▋     | 213/449 [00:01<00:01, 215.89it/s]
Epoch 23/150:  52%|█████▏    | 235/449 [00:01<00:00, 216.31it/s]
Epoch 23/150:  59%|█████▊    | 263/449 [00:01<00:00, 232.54it/s]
Epoch 23/150:  64%|██████▍   | 287/449 [00:01<00:00, 216.75it/s]
Epoch 23/150:  70%|███████   | 316/449 [00:01<00:00, 235.16it/s]
Epoch 23/150:  76%|███████▌  | 340/449 [00:01<00:00, 217.28it/s]
Epoch 23/150:  82%|████████▏ | 368/449 [00:01<00:00, 233.59it/s]
Epoch 23/150:  87%|████████▋ | 392/449 [00:01<00:00, 217.05it/s]
Epoch 23/150:  93%|█████████▎| 417/449 [00:01<00:00, 224.99it/s]
Epoch 23/150:  98%|█████████▊| 440/449 [00:02<00:00, 213.55it/s]
Epoch 23/150: 100%|██████████| 449/449 [00:02<00:00, 203.99it/s]

Epoch 24/150:   0%|          | 0/449 [00:00<?, ?it/s]
Epoch 24/150:   0%|          | 1/449 [00:00<00:57,  7.80it/s]
Epoch 24/150:   6%|▌         | 28/449 [00:00<00:02, 143.52it/s]
Epoch 24/150:  11%|█         | 48/449 [00:00<00:02, 166.15it/s]
Epoch 24/150:  16%|█▌        | 72/449 [00:00<00:01, 193.60it/s]
Epoch 24/150:  21%|██▏       | 96/449 [00:00<00:01, 205.98it/s]
Epoch 24/150:  26%|██▋       | 118/449 [00:00<00:01, 205.43it/s]
Epoch 24/150:  33%|███▎      | 146/449 [00:00<00:01, 225.75it/s]
Epoch 24/150:  38%|███▊      | 169/449 [00:00<00:01, 209.55it/s]
Epoch 24/150:  44%|████▍     | 197/449 [00:00<00:01, 228.05it/s]
Epoch 24/150:  49%|████▉     | 221/449 [00:01<00:01, 213.38it/s]
Epoch 24/150:  55%|█████▍    | 246/449 [00:01<00:00, 223.10it/s]
Epoch 24/150:  60%|█████▉    | 269/449 [00:01<00:00, 208.12it/s]
Epoch 24/150:  66%|██████▌   | 295/449 [00:01<00:00, 220.03it/s]
Epoch 24/150:  71%|███████   | 318/449 [00:01<00:00, 157.26it/s]
Epoch 24/150:  75%|███████▌  | 338/449 [00:01<00:00, 166.14it/s]
Epoch 24/150:  82%|████████▏ | 367/449 [00:01<00:00, 193.66it/s]
Epoch 24/150:  87%|████████▋ | 389/449 [00:02<00:00, 192.35it/s]
Epoch 24/150:  92%|█████████▏| 414/449 [00:02<00:00, 206.01it/s]
Epoch 24/150:  97%|█████████▋| 436/449 [00:02<00:00, 204.19it/s]
Epoch 24/150: 100%|██████████| 449/449 [00:02<00:00, 191.72it/s]

Epoch 25/150:   0%|          | 0/449 [00:00<?, ?it/s]
Epoch 25/150:   0%|          | 1/449 [00:00<00:56,  7.87it/s]
Epoch 25/150:   6%|▌         | 26/449 [00:00<00:03, 134.80it/s]
Epoch 25/150:  11%|█         | 50/449 [00:00<00:02, 172.97it/s]
Epoch 25/150:  16%|█▌        | 70/449 [00:00<00:02, 182.65it/s]
Epoch 25/150:  22%|██▏       | 97/449 [00:00<00:01, 210.86it/s]
Epoch 25/150:  27%|██▋       | 119/449 [00:00<00:01, 198.30it/s]
Epoch 25/150:  33%|███▎      | 147/449 [00:00<00:01, 221.25it/s]
Epoch 25/150:  38%|███▊      | 170/449 [00:00<00:01, 208.40it/s]
Epoch 25/150:  43%|████▎     | 195/449 [00:00<00:01, 219.43it/s]
Epoch 25/150:  49%|████▊     | 218/449 [00:01<00:01, 207.25it/s]
Epoch 25/150:  54%|█████▍    | 243/449 [00:01<00:00, 218.87it/s]
Epoch 25/150:  59%|█████▉    | 266/449 [00:01<00:00, 210.48it/s]
Epoch 25/150:  65%|██████▍   | 291/449 [00:01<00:00, 221.28it/s]
Epoch 25/150:  70%|██████▉   | 314/449 [00:01<00:00, 215.86it/s]
Epoch 25/150:  76%|███████▌  | 339/449 [00:01<00:00, 223.95it/s]
Epoch 25/150:  81%|████████  | 362/449 [00:01<00:00, 221.41it/s]
Epoch 25/150:  86%|████████▌ | 385/449 [00:01<00:00, 218.18it/s]
Epoch 25/150:  92%|█████████▏| 411/449 [00:01<00:00, 229.37it/s]
Epoch 25/150:  97%|█████████▋| 435/449 [00:02<00:00, 214.28it/s]
Epoch 25/150: 100%|██████████| 449/449 [00:02<00:00, 203.46it/s]

Epoch 26/150:   0%|          | 0/449 [00:00<?, ?it/s]
Epoch 26/150:   0%|          | 1/449 [00:00<00:53,  8.37it/s]
Epoch 26/150:   5%|▌         | 23/449 [00:00<00:03, 122.14it/s]
Epoch 26/150:  10%|█         | 46/449 [00:00<00:02, 168.87it/s]
Epoch 26/150:  16%|█▋        | 73/449 [00:00<00:01, 202.58it/s]
Epoch 26/150:  21%|██        | 94/449 [00:00<00:01, 197.14it/s]
Epoch 26/150:  27%|██▋       | 122/449 [00:00<00:01, 221.34it/s]
Epoch 26/150:  32%|███▏      | 145/449 [00:00<00:01, 206.64it/s]
Epoch 26/150:  39%|███▊      | 173/449 [00:00<00:01, 225.33it/s]
Epoch 26/150:  44%|████▎     | 196/449 [00:01<00:01, 210.19it/s]
Epoch 26/150:  50%|████▉     | 223/449 [00:01<00:00, 226.20it/s]
Epoch 26/150:  55%|█████▌    | 247/449 [00:01<00:00, 212.50it/s]
Epoch 26/150:  61%|██████    | 273/449 [00:01<00:00, 223.71it/s]
Epoch 26/150:  66%|██████▌   | 296/449 [00:01<00:00, 216.57it/s]
Epoch 26/150:  72%|███████▏  | 322/449 [00:01<00:00, 227.56it/s]
Epoch 26/150:  77%|███████▋  | 346/449 [00:01<00:00, 219.93it/s]
Epoch 26/150:  83%|████████▎ | 371/449 [00:01<00:00, 227.02it/s]
Epoch 26/150:  88%|████████▊ | 394/449 [00:01<00:00, 222.72it/s]
Epoch 26/150:  93%|█████████▎| 417/449 [00:01<00:00, 220.28it/s]
Epoch 26/150:  99%|█████████▊| 443/449 [00:02<00:00, 229.58it/s]
Epoch 26/150: 100%|██████████| 449/449 [00:02<00:00, 205.65it/s]

Epoch 27/150:   0%|          | 0/449 [00:00<?, ?it/s]
Epoch 27/150:   0%|          | 1/449 [00:00<00:52,  8.52it/s]
Epoch 27/150:   5%|▍         | 21/449 [00:00<00:03, 112.04it/s]
Epoch 27/150:  11%|█         | 49/449 [00:00<00:02, 182.22it/s]
Epoch 27/150:  15%|█▌        | 68/449 [00:00<00:02, 181.69it/s]
Epoch 27/150:  21%|██        | 93/449 [00:00<00:01, 204.95it/s]
Epoch 27/150:  25%|██▌       | 114/449 [00:00<00:01, 201.51it/s]
Epoch 27/150:  31%|███       | 138/449 [00:00<00:01, 212.20it/s]
Epoch 27/150:  36%|███▌      | 161/449 [00:00<00:01, 215.01it/s]
Epoch 27/150:  41%|████      | 183/449 [00:00<00:01, 211.36it/s]
Epoch 27/150:  47%|████▋     | 209/449 [00:01<00:01, 222.51it/s]
Epoch 27/150:  52%|█████▏    | 232/449 [00:01<00:01, 211.63it/s]
Epoch 27/150:  58%|█████▊    | 259/449 [00:01<00:00, 226.85it/s]
Epoch 27/150:  63%|██████▎   | 282/449 [00:01<00:00, 211.73it/s]
Epoch 27/150:  69%|██████▊   | 308/449 [00:01<00:00, 224.58it/s]
Epoch 27/150:  74%|███████▎  | 331/449 [00:01<00:00, 217.53it/s]
Epoch 27/150:  80%|███████▉  | 358/449 [00:01<00:00, 229.57it/s]
Epoch 27/150:  85%|████████▌ | 382/449 [00:01<00:00, 215.77it/s]
Epoch 27/150:  91%|█████████ | 409/449 [00:01<00:00, 227.94it/s]
Epoch 27/150:  96%|█████████▋| 433/449 [00:02<00:00, 214.92it/s]
Epoch 27/150: 100%|██████████| 449/449 [00:02<00:00, 203.82it/s]

Epoch 28/150:   0%|          | 0/449 [00:00<?, ?it/s]
Epoch 28/150:   0%|          | 1/449 [00:00<00:54,  8.18it/s]
Epoch 28/150:   6%|▌         | 27/449 [00:00<00:02, 143.86it/s]
Epoch 28/150:  10%|█         | 45/449 [00:00<00:02, 156.31it/s]
Epoch 28/150:  16%|█▌        | 71/449 [00:00<00:01, 193.42it/s]
Epoch 28/150:  20%|██        | 91/449 [00:00<00:01, 191.48it/s]
Epoch 28/150:  25%|██▌       | 113/449 [00:00<00:01, 200.05it/s]
Epoch 28/150:  30%|███       | 135/449 [00:00<00:01, 202.46it/s]
Epoch 28/150:  35%|███▍      | 156/449 [00:00<00:01, 202.14it/s]
Epoch 28/150:  41%|████      | 183/449 [00:00<00:01, 216.87it/s]
Epoch 28/150:  46%|████▌     | 205/449 [00:01<00:01, 210.80it/s]
Epoch 28/150:  52%|█████▏    | 232/449 [00:01<00:00, 227.25it/s]
Epoch 28/150:  57%|█████▋    | 255/449 [00:01<00:00, 210.99it/s]
Epoch 28/150:  63%|██████▎   | 282/449 [00:01<00:00, 226.41it/s]
Epoch 28/150:  68%|██████▊   | 305/449 [00:01<00:00, 215.18it/s]
Epoch 28/150:  74%|███████▎  | 331/449 [00:01<00:00, 227.56it/s]
Epoch 28/150:  79%|███████▉  | 355/449 [00:01<00:00, 215.34it/s]
Epoch 28/150:  85%|████████▍ | 380/449 [00:01<00:00, 223.74it/s]
Epoch 28/150:  90%|████████▉ | 403/449 [00:01<00:00, 214.10it/s]
Epoch 28/150:  95%|█████████▌| 427/449 [00:02<00:00, 220.95it/s]
Epoch 28/150: 100%|██████████| 449/449 [00:02<00:00, 202.86it/s]

Epoch 29/150:   0%|          | 0/449 [00:00<?, ?it/s]
Epoch 29/150:   0%|          | 1/449 [00:00<00:51,  8.62it/s]
Epoch 29/150:   5%|▍         | 22/449 [00:00<00:03, 118.76it/s]
Epoch 29/150:  11%|█         | 49/449 [00:00<00:02, 182.55it/s]
Epoch 29/150:  15%|█▌        | 68/449 [00:00<00:02, 180.43it/s]
Epoch 29/150:  20%|██        | 92/449 [00:00<00:01, 198.68it/s]
Epoch 29/150:  25%|██▌       | 113/449 [00:00<00:01, 197.36it/s]
Epoch 29/150:  30%|███       | 135/449 [00:00<00:01, 202.26it/s]
Epoch 29/150:  35%|███▍      | 157/449 [00:00<00:01, 207.12it/s]
Epoch 29/150:  40%|███▉      | 178/449 [00:00<00:01, 205.95it/s]
Epoch 29/150:  45%|████▌     | 204/449 [00:01<00:01, 221.24it/s]
Epoch 29/150:  51%|█████     | 227/449 [00:01<00:01, 209.88it/s]
Epoch 29/150:  57%|█████▋    | 255/449 [00:01<00:00, 227.50it/s]
Epoch 29/150:  62%|██████▏   | 278/449 [00:01<00:00, 207.80it/s]
Epoch 29/150:  68%|██████▊   | 304/449 [00:01<00:00, 220.61it/s]
Epoch 29/150:  73%|███████▎  | 327/449 [00:01<00:00, 209.99it/s]
Epoch 29/150:  79%|███████▊  | 353/449 [00:01<00:00, 221.33it/s]
Epoch 29/150:  84%|████████▎ | 376/449 [00:01<00:00, 210.03it/s]
Epoch 29/150:  89%|████████▉ | 401/449 [00:01<00:00, 220.24it/s]
Epoch 29/150:  94%|█████████▍| 424/449 [00:02<00:00, 212.54it/s]
Epoch 29/150: 100%|█████████▉| 447/449 [00:02<00:00, 216.17it/s]
Epoch 29/150: 100%|██████████| 449/449 [00:02<00:00, 200.00it/s]

Epoch 30/150:   0%|          | 0/449 [00:00<?, ?it/s]
Epoch 30/150:   0%|          | 1/449 [00:00<00:52,  8.48it/s]
Epoch 30/150:   6%|▌         | 27/449 [00:00<00:02, 145.35it/s]
Epoch 30/150:  11%|█         | 48/449 [00:00<00:02, 172.30it/s]
Epoch 30/150:  17%|█▋        | 75/449 [00:00<00:01, 208.43it/s]
Epoch 30/150:  22%|██▏       | 97/449 [00:00<00:01, 197.71it/s]
Epoch 30/150:  27%|██▋       | 123/449 [00:00<00:01, 215.70it/s]
Epoch 30/150:  32%|███▏      | 145/449 [00:00<00:01, 204.73it/s]
Epoch 30/150:  38%|███▊      | 170/449 [00:00<00:01, 217.57it/s]
Epoch 30/150:  43%|████▎     | 193/449 [00:00<00:01, 210.00it/s]
Epoch 30/150:  48%|████▊     | 216/449 [00:01<00:01, 214.79it/s]
Epoch 30/150:  53%|█████▎    | 238/449 [00:01<00:00, 213.37it/s]
Epoch 30/150:  58%|█████▊    | 260/449 [00:01<00:00, 209.70it/s]
Epoch 30/150:  63%|██████▎   | 285/449 [00:01<00:00, 213.32it/s]
Epoch 30/150:  68%|██████▊   | 307/449 [00:01<00:00, 211.65it/s]
Epoch 30/150:  74%|███████▍  | 332/449 [00:01<00:00, 220.67it/s]
Epoch 30/150:  79%|███████▉  | 355/449 [00:01<00:00, 208.13it/s]
Epoch 30/150:  85%|████████▍ | 381/449 [00:01<00:00, 219.51it/s]
Epoch 30/150:  90%|████████▉ | 404/449 [00:01<00:00, 208.91it/s]
Epoch 30/150:  96%|█████████▌| 430/449 [00:02<00:00, 220.55it/s]
Epoch 30/150: 100%|██████████| 449/449 [00:02<00:00, 201.74it/s]

Epoch 31/150:   0%|          | 0/449 [00:00<?, ?it/s]
Epoch 31/150:   0%|          | 1/449 [00:00<00:53,  8.40it/s]
Epoch 31/150:   6%|▌         | 25/449 [00:00<00:03, 134.19it/s]
Epoch 31/150:  11%|█         | 50/449 [00:00<00:02, 183.55it/s]
Epoch 31/150:  16%|█▌        | 70/449 [00:00<00:02, 181.71it/s]
Epoch 31/150:  22%|██▏       | 97/449 [00:00<00:01, 210.42it/s]
Epoch 31/150:  27%|██▋       | 119/449 [00:00<00:01, 201.92it/s]
Epoch 31/150:  33%|███▎      | 147/449 [00:00<00:01, 224.39it/s]
Epoch 31/150:  38%|███▊      | 170/449 [00:00<00:01, 211.49it/s]
Epoch 31/150:  43%|████▎     | 194/449 [00:00<00:01, 218.19it/s]
Epoch 31/150:  48%|████▊     | 217/449 [00:01<00:01, 209.39it/s]
Epoch 31/150:  54%|█████▍    | 242/449 [00:01<00:00, 219.97it/s]
Epoch 31/150:  59%|█████▉    | 265/449 [00:01<00:00, 212.78it/s]
Epoch 31/150:  64%|██████▍   | 288/449 [00:01<00:00, 216.52it/s]
Epoch 31/150:  69%|██████▉   | 310/449 [00:01<00:00, 216.18it/s]
Epoch 31/150:  74%|███████▍  | 333/449 [00:01<00:00, 218.18it/s]
Epoch 31/150:  80%|████████  | 360/449 [00:01<00:00, 230.54it/s]
Epoch 31/150:  86%|████████▌ | 384/449 [00:01<00:00, 213.51it/s]
Epoch 31/150:  92%|█████████▏| 411/449 [00:01<00:00, 228.06it/s]
Epoch 31/150:  97%|█████████▋| 435/449 [00:02<00:00, 211.93it/s]
Epoch 31/150: 100%|██████████| 449/449 [00:02<00:00, 204.24it/s]

Epoch 32/150:   0%|          | 0/449 [00:00<?, ?it/s]
Epoch 32/150:   0%|          | 1/449 [00:00<00:52,  8.60it/s]
Epoch 32/150:   6%|▌         | 28/449 [00:00<00:02, 151.45it/s]
Epoch 32/150:  10%|█         | 47/449 [00:00<00:02, 166.72it/s]
Epoch 32/150:  16%|█▋        | 73/449 [00:00<00:01, 201.52it/s]
Epoch 32/150:  21%|██        | 94/449 [00:00<00:01, 195.82it/s]
Epoch 32/150:  26%|██▌       | 117/449 [00:00<00:01, 205.74it/s]
Epoch 32/150:  31%|███       | 139/449 [00:00<00:01, 208.70it/s]
Epoch 32/150:  36%|███▌      | 161/449 [00:00<00:01, 207.02it/s]
Epoch 32/150:  41%|████▏     | 186/449 [00:00<00:01, 218.82it/s]
Epoch 32/150:  46%|████▋     | 208/449 [00:01<00:01, 206.73it/s]
Epoch 32/150:  53%|█████▎    | 236/449 [00:01<00:00, 224.90it/s]
Epoch 32/150:  58%|█████▊    | 259/449 [00:01<00:00, 209.57it/s]
Epoch 32/150:  64%|██████▎   | 286/449 [00:01<00:00, 223.94it/s]
Epoch 32/150:  69%|██████▉   | 309/449 [00:01<00:00, 211.75it/s]
Epoch 32/150:  74%|███████▍  | 334/449 [00:01<00:00, 220.66it/s]
Epoch 32/150:  80%|███████▉  | 357/449 [00:01<00:00, 209.50it/s]
Epoch 32/150:  85%|████████▍ | 381/449 [00:01<00:00, 217.61it/s]
Epoch 32/150:  90%|████████▉ | 404/449 [00:01<00:00, 211.01it/s]
Epoch 32/150:  95%|█████████▌| 428/449 [00:02<00:00, 217.83it/s]
Epoch 32/150: 100%|██████████| 449/449 [00:02<00:00, 202.81it/s]

Epoch 33/150:   0%|          | 0/449 [00:00<?, ?it/s]
Epoch 33/150:   0%|          | 1/449 [00:00<00:54,  8.22it/s]
Epoch 33/150:   5%|▍         | 21/449 [00:00<00:03, 109.98it/s]
Epoch 33/150:  11%|█         | 49/449 [00:00<00:02, 181.86it/s]
Epoch 33/150:  15%|█▌        | 68/449 [00:00<00:02, 183.87it/s]
Epoch 33/150:  20%|██        | 90/449 [00:00<00:01, 194.98it/s]
Epoch 33/150:  25%|██▌       | 113/449 [00:00<00:01, 200.31it/s]
Epoch 33/150:  30%|██▉       | 134/449 [00:00<00:01, 200.26it/s]
Epoch 33/150:  35%|███▌      | 159/449 [00:00<00:01, 215.12it/s]
Epoch 33/150:  40%|████      | 181/449 [00:00<00:01, 200.82it/s]
Epoch 33/150:  45%|████▍     | 202/449 [00:01<00:01, 145.97it/s]
Epoch 33/150:  51%|█████     | 229/449 [00:01<00:01, 174.03it/s]
Epoch 33/150:  55%|█████▌    | 249/449 [00:01<00:01, 174.18it/s]
Epoch 33/150:  61%|██████    | 274/449 [00:01<00:00, 191.73it/s]
Epoch 33/150:  66%|██████▌   | 295/449 [00:01<00:00, 190.14it/s]
Epoch 33/150:  71%|███████▏  | 320/449 [00:01<00:00, 205.17it/s]
Epoch 33/150:  76%|███████▌  | 342/449 [00:01<00:00, 203.89it/s]
Epoch 33/150:  81%|████████  | 364/449 [00:01<00:00, 207.96it/s]
Epoch 33/150:  86%|████████▋ | 388/449 [00:02<00:00, 209.46it/s]
Epoch 33/150:  91%|█████████▏| 410/449 [00:02<00:00, 208.62it/s]
Epoch 33/150:  97%|█████████▋| 436/449 [00:02<00:00, 220.92it/s]
Epoch 33/150: 100%|██████████| 449/449 [00:02<00:00, 187.71it/s]

Epoch 34/150:   0%|          | 0/449 [00:00<?, ?it/s]
Epoch 34/150:   0%|          | 1/449 [00:00<00:56,  7.90it/s]
Epoch 34/150:   5%|▌         | 23/449 [00:00<00:03, 118.50it/s]
Epoch 34/150:  11%|█         | 48/449 [00:00<00:02, 171.57it/s]
Epoch 34/150:  15%|█▍        | 66/449 [00:00<00:02, 169.95it/s]
Epoch 34/150:  21%|██        | 93/449 [00:00<00:01, 201.90it/s]
Epoch 34/150:  25%|██▌       | 114/449 [00:00<00:01, 194.25it/s]
Epoch 34/150:  32%|███▏      | 142/449 [00:00<00:01, 218.80it/s]
Epoch 34/150:  37%|███▋      | 165/449 [00:00<00:01, 207.27it/s]
Epoch 34/150:  43%|████▎     | 191/449 [00:00<00:01, 220.02it/s]
Epoch 34/150:  48%|████▊     | 214/449 [00:01<00:01, 210.42it/s]
Epoch 34/150:  53%|█████▎    | 240/449 [00:01<00:00, 222.75it/s]
Epoch 34/150:  59%|█████▊    | 263/449 [00:01<00:00, 217.15it/s]
Epoch 34/150:  64%|██████▎   | 286/449 [00:01<00:00, 218.91it/s]
Epoch 34/150:  69%|██████▉   | 309/449 [00:01<00:00, 215.04it/s]
Epoch 34/150:  74%|███████▎  | 331/449 [00:01<00:00, 209.01it/s]
Epoch 34/150:  80%|███████▉  | 357/449 [00:01<00:00, 219.73it/s]
Epoch 34/150:  85%|████████▍ | 380/449 [00:01<00:00, 212.48it/s]
Epoch 34/150:  91%|█████████ | 408/449 [00:01<00:00, 229.10it/s]
Epoch 34/150:  96%|█████████▌| 432/449 [00:02<00:00, 213.31it/s]
Epoch 34/150: 100%|██████████| 449/449 [00:02<00:00, 201.96it/s]

Epoch 35/150:   0%|          | 0/449 [00:00<?, ?it/s]
Epoch 35/150:   0%|          | 1/449 [00:00<00:53,  8.35it/s]
Epoch 35/150:   6%|▌         | 26/449 [00:00<00:03, 135.33it/s]
Epoch 35/150:  10%|█         | 45/449 [00:00<00:02, 155.33it/s]
Epoch 35/150:  16%|█▌        | 72/449 [00:00<00:01, 195.53it/s]
Epoch 35/150:  20%|██        | 92/449 [00:00<00:01, 193.79it/s]
Epoch 35/150:  26%|██▌       | 116/449 [00:00<00:01, 208.11it/s]
Epoch 35/150:  31%|███       | 138/449 [00:00<00:01, 208.80it/s]
Epoch 35/150:  36%|███▌      | 160/449 [00:00<00:01, 209.34it/s]
Epoch 35/150:  41%|████▏     | 186/449 [00:00<00:01, 220.34it/s]
Epoch 35/150:  47%|████▋     | 209/449 [00:01<00:01, 212.27it/s]
Epoch 35/150:  53%|█████▎    | 236/449 [00:01<00:00, 228.08it/s]
Epoch 35/150:  58%|█████▊    | 259/449 [00:01<00:00, 212.17it/s]
Epoch 35/150:  63%|██████▎   | 285/449 [00:01<00:00, 224.36it/s]
Epoch 35/150:  69%|██████▊   | 308/449 [00:01<00:00, 207.48it/s]
Epoch 35/150:  74%|███████▍  | 334/449 [00:01<00:00, 221.54it/s]
Epoch 35/150:  80%|███████▉  | 357/449 [00:01<00:00, 212.22it/s]
Epoch 35/150:  85%|████████▌ | 382/449 [00:01<00:00, 221.84it/s]
Epoch 35/150:  90%|█████████ | 405/449 [00:01<00:00, 210.32it/s]
Epoch 35/150:  95%|█████████▌| 428/449 [00:02<00:00, 215.62it/s]
Epoch 35/150: 100%|██████████| 449/449 [00:02<00:00, 200.73it/s]

Epoch 36/150:   0%|          | 0/449 [00:00<?, ?it/s]
Epoch 36/150:   0%|          | 1/449 [00:00<00:59,  7.59it/s]
Epoch 36/150:   5%|▌         | 24/449 [00:00<00:03, 121.76it/s]
Epoch 36/150:  11%|█         | 50/449 [00:00<00:02, 174.82it/s]
Epoch 36/150:  15%|█▌        | 69/449 [00:00<00:02, 178.06it/s]
Epoch 36/150:  22%|██▏       | 97/449 [00:00<00:01, 212.12it/s]
Epoch 36/150:  27%|██▋       | 119/449 [00:00<00:01, 202.07it/s]
Epoch 36/150:  32%|███▏      | 144/449 [00:00<00:01, 215.66it/s]
Epoch 36/150:  37%|███▋      | 166/449 [00:00<00:01, 208.03it/s]
Epoch 36/150:  43%|████▎     | 191/449 [00:00<00:01, 219.72it/s]
Epoch 36/150:  48%|████▊     | 214/449 [00:01<00:01, 212.91it/s]
Epoch 36/150:  53%|█████▎    | 236/449 [00:01<00:00, 213.08it/s]
Epoch 36/150:  57%|█████▋    | 258/449 [00:01<00:00, 210.20it/s]
Epoch 36/150:  62%|██████▏   | 280/449 [00:01<00:00, 207.88it/s]
Epoch 36/150:  68%|██████▊   | 304/449 [00:01<00:00, 211.27it/s]
Epoch 36/150:  73%|███████▎  | 326/449 [00:01<00:00, 209.79it/s]
Epoch 36/150:  78%|███████▊  | 351/449 [00:01<00:00, 221.21it/s]
Epoch 36/150:  83%|████████▎ | 374/449 [00:01<00:00, 206.26it/s]
Epoch 36/150:  89%|████████▉ | 400/449 [00:01<00:00, 220.39it/s]
Epoch 36/150:  94%|█████████▍| 423/449 [00:02<00:00, 205.15it/s]
Epoch 36/150: 100%|██████████| 449/449 [00:02<00:00, 199.95it/s]

Epoch 37/150:   0%|          | 0/449 [00:00<?, ?it/s]
Epoch 37/150:   0%|          | 1/449 [00:00<00:53,  8.41it/s]
Epoch 37/150:   5%|▍         | 22/449 [00:00<00:03, 117.75it/s]
Epoch 37/150:  10%|█         | 45/449 [00:00<00:02, 164.07it/s]
Epoch 37/150:  16%|█▌        | 71/449 [00:00<00:01, 198.44it/s]
Epoch 37/150:  20%|██        | 92/449 [00:00<00:01, 192.60it/s]
Epoch 37/150:  26%|██▋       | 118/449 [00:00<00:01, 211.59it/s]
Epoch 37/150:  31%|███       | 140/449 [00:00<00:01, 199.44it/s]
Epoch 37/150:  37%|███▋      | 167/449 [00:00<00:01, 218.48it/s]
Epoch 37/150:  42%|████▏     | 190/449 [00:00<00:01, 208.86it/s]
Epoch 37/150:  48%|████▊     | 216/449 [00:01<00:01, 220.66it/s]
Epoch 37/150:  53%|█████▎    | 239/449 [00:01<00:00, 210.65it/s]
Epoch 37/150:  59%|█████▉    | 264/449 [00:01<00:00, 220.70it/s]
Epoch 37/150:  64%|██████▍   | 287/449 [00:01<00:00, 210.18it/s]
Epoch 37/150:  69%|██████▉   | 311/449 [00:01<00:00, 218.00it/s]
Epoch 37/150:  74%|███████▍  | 334/449 [00:01<00:00, 213.43it/s]
Epoch 37/150:  79%|███████▉  | 356/449 [00:01<00:00, 214.52it/s]
Epoch 37/150:  85%|████████▍ | 380/449 [00:01<00:00, 214.01it/s]
Epoch 37/150:  90%|████████▉ | 402/449 [00:01<00:00, 208.87it/s]
Epoch 37/150:  95%|█████████▌| 428/449 [00:02<00:00, 222.82it/s]
Epoch 37/150: 100%|██████████| 449/449 [00:02<00:00, 199.01it/s]

Epoch 38/150:   0%|          | 0/449 [00:00<?, ?it/s]
Epoch 38/150:   0%|          | 1/449 [00:00<00:54,  8.29it/s]
Epoch 38/150:   6%|▌         | 26/449 [00:00<00:03, 138.04it/s]
Epoch 38/150:  10%|█         | 47/449 [00:00<00:02, 167.65it/s]
Epoch 38/150:  15%|█▌        | 69/449 [00:00<00:02, 186.22it/s]
Epoch 38/150:  21%|██        | 93/449 [00:00<00:01, 203.92it/s]
Epoch 38/150:  25%|██▌       | 114/449 [00:00<00:01, 197.85it/s]
Epoch 38/150:  31%|███▏      | 141/449 [00:00<00:01, 220.40it/s]
Epoch 38/150:  37%|███▋      | 164/449 [00:00<00:01, 205.38it/s]
Epoch 38/150:  43%|████▎     | 191/449 [00:00<00:01, 223.76it/s]
Epoch 38/150:  48%|████▊     | 214/449 [00:01<00:01, 210.59it/s]
Epoch 38/150:  53%|█████▎    | 239/449 [00:01<00:00, 219.50it/s]
Epoch 38/150:  58%|█████▊    | 262/449 [00:01<00:00, 210.64it/s]
Epoch 38/150:  64%|██████▎   | 286/449 [00:01<00:00, 218.00it/s]
Epoch 38/150:  69%|██████▉   | 309/449 [00:01<00:00, 209.59it/s]
Epoch 38/150:  74%|███████▍  | 332/449 [00:01<00:00, 214.61it/s]
Epoch 38/150:  79%|███████▉  | 356/449 [00:01<00:00, 216.67it/s]
Epoch 38/150:  84%|████████▍ | 378/449 [00:01<00:00, 216.25it/s]
Epoch 38/150:  90%|█████████ | 406/449 [00:01<00:00, 231.35it/s]
Epoch 38/150:  96%|█████████▌| 430/449 [00:02<00:00, 214.08it/s]
Epoch 38/150: 100%|██████████| 449/449 [00:02<00:00, 203.51it/s]

Epoch 39/150:   0%|          | 0/449 [00:00<?, ?it/s]
Epoch 39/150:   0%|          | 1/449 [00:00<00:52,  8.47it/s]
Epoch 39/150:   6%|▌         | 28/449 [00:00<00:02, 149.14it/s]
Epoch 39/150:  10%|█         | 47/449 [00:00<00:02, 162.47it/s]
Epoch 39/150:  17%|█▋        | 75/449 [00:00<00:01, 204.98it/s]
Epoch 39/150:  21%|██▏       | 96/449 [00:00<00:01, 200.67it/s]
Epoch 39/150:  27%|██▋       | 121/449 [00:00<00:01, 214.83it/s]
Epoch 39/150:  32%|███▏      | 143/449 [00:00<00:01, 212.31it/s]
Epoch 39/150:  37%|███▋      | 165/449 [00:00<00:01, 210.08it/s]
Epoch 39/150:  42%|████▏     | 187/449 [00:00<00:01, 209.13it/s]
Epoch 39/150:  46%|████▋     | 208/449 [00:01<00:01, 206.33it/s]
Epoch 39/150:  52%|█████▏    | 234/449 [00:01<00:00, 218.97it/s]
Epoch 39/150:  57%|█████▋    | 256/449 [00:01<00:00, 208.57it/s]
Epoch 39/150:  63%|██████▎   | 282/449 [00:01<00:00, 221.81it/s]
Epoch 39/150:  68%|██████▊   | 305/449 [00:01<00:00, 205.18it/s]
Epoch 39/150:  74%|███████▎  | 331/449 [00:01<00:00, 219.92it/s]
Epoch 39/150:  79%|███████▉  | 354/449 [00:01<00:00, 206.90it/s]
Epoch 39/150:  85%|████████▍ | 380/449 [00:01<00:00, 220.69it/s]
Epoch 39/150:  90%|████████▉ | 403/449 [00:01<00:00, 211.88it/s]
Epoch 39/150:  95%|█████████▌| 428/449 [00:02<00:00, 220.85it/s]
Epoch 39/150: 100%|██████████| 449/449 [00:02<00:00, 201.57it/s]

Epoch 40/150:   0%|          | 0/449 [00:00<?, ?it/s]
Epoch 40/150:   0%|          | 1/449 [00:00<00:52,  8.59it/s]
Epoch 40/150:   5%|▍         | 21/449 [00:00<00:03, 111.97it/s]
Epoch 40/150:  11%|█         | 49/449 [00:00<00:02, 184.42it/s]
Epoch 40/150:  15%|█▌        | 69/449 [00:00<00:02, 185.85it/s]
Epoch 40/150:  21%|██        | 94/449 [00:00<00:01, 205.77it/s]
Epoch 40/150:  26%|██▌       | 115/449 [00:00<00:01, 201.43it/s]
Epoch 40/150:  31%|███       | 139/449 [00:00<00:01, 211.59it/s]
Epoch 40/150:  36%|███▌      | 162/449 [00:00<00:01, 212.56it/s]
Epoch 40/150:  41%|████      | 184/449 [00:00<00:01, 212.67it/s]
Epoch 40/150:  47%|████▋     | 211/449 [00:01<00:01, 227.52it/s]
Epoch 40/150:  52%|█████▏    | 234/449 [00:01<00:01, 206.68it/s]
Epoch 40/150:  58%|█████▊    | 259/449 [00:01<00:00, 214.35it/s]
Epoch 40/150:  63%|██████▎   | 281/449 [00:01<00:00, 203.47it/s]
Epoch 40/150:  68%|██████▊   | 307/449 [00:01<00:00, 217.73it/s]
Epoch 40/150:  73%|███████▎  | 330/449 [00:01<00:00, 207.22it/s]
Epoch 40/150:  80%|███████▉  | 357/449 [00:01<00:00, 223.30it/s]
Epoch 40/150:  85%|████████▍ | 380/449 [00:01<00:00, 209.99it/s]
Epoch 40/150:  91%|█████████ | 408/449 [00:01<00:00, 226.35it/s]
Epoch 40/150:  96%|█████████▌| 432/449 [00:02<00:00, 211.08it/s]
Epoch 40/150: 100%|██████████| 449/449 [00:02<00:00, 201.91it/s]

Epoch 41/150:   0%|          | 0/449 [00:00<?, ?it/s]
Epoch 41/150:   0%|          | 1/449 [00:00<00:54,  8.26it/s]
Epoch 41/150:   6%|▌         | 28/449 [00:00<00:02, 148.23it/s]
Epoch 41/150:  10%|█         | 46/449 [00:00<00:02, 159.45it/s]
Epoch 41/150:  16%|█▌        | 71/449 [00:00<00:01, 191.46it/s]
Epoch 41/150:  20%|██        | 91/449 [00:00<00:01, 188.66it/s]
Epoch 41/150:  25%|██▌       | 114/449 [00:00<00:01, 200.42it/s]
Epoch 41/150:  30%|███       | 135/449 [00:00<00:01, 200.19it/s]
Epoch 41/150:  35%|███▍      | 156/449 [00:00<00:01, 203.10it/s]
Epoch 41/150:  41%|████      | 183/449 [00:00<00:01, 217.75it/s]
Epoch 41/150:  46%|████▌     | 205/449 [00:01<00:01, 209.42it/s]
Epoch 41/150:  52%|█████▏    | 233/449 [00:01<00:00, 226.68it/s]
Epoch 41/150:  57%|█████▋    | 256/449 [00:01<00:00, 212.32it/s]
Epoch 41/150:  63%|██████▎   | 283/449 [00:01<00:00, 227.56it/s]
Epoch 41/150:  68%|██████▊   | 307/449 [00:01<00:00, 209.26it/s]
Epoch 41/150:  75%|███████▍  | 335/449 [00:01<00:00, 226.09it/s]
Epoch 41/150:  80%|███████▉  | 359/449 [00:01<00:00, 212.45it/s]
Epoch 41/150:  86%|████████▋ | 388/449 [00:01<00:00, 231.30it/s]
Epoch 41/150:  92%|█████████▏| 412/449 [00:02<00:00, 212.99it/s]
Epoch 41/150:  98%|█████████▊| 439/449 [00:02<00:00, 226.20it/s]
Epoch 41/150: 100%|██████████| 449/449 [00:02<00:00, 202.50it/s]

Epoch 42/150:   0%|          | 0/449 [00:00<?, ?it/s]
Epoch 42/150:   0%|          | 1/449 [00:00<00:54,  8.22it/s]
Epoch 42/150:   5%|▍         | 21/449 [00:00<00:03, 110.07it/s]
Epoch 42/150:   7%|▋         | 33/449 [00:00<00:05, 82.57it/s] 
Epoch 42/150:  13%|█▎        | 57/449 [00:00<00:02, 131.05it/s]
Epoch 42/150:  18%|█▊        | 79/449 [00:00<00:02, 156.49it/s]
Epoch 42/150:  22%|██▏       | 101/449 [00:00<00:01, 175.08it/s]
Epoch 42/150:  28%|██▊       | 126/449 [00:00<00:01, 193.52it/s]
Epoch 42/150:  33%|███▎      | 147/449 [00:00<00:01, 191.34it/s]
Epoch 42/150:  39%|███▉      | 174/449 [00:01<00:01, 212.15it/s]
Epoch 42/150:  44%|████▎     | 196/449 [00:01<00:01, 198.84it/s]
Epoch 42/150:  49%|████▉     | 222/449 [00:01<00:01, 214.74it/s]
Epoch 42/150:  54%|█████▍    | 244/449 [00:01<00:00, 206.88it/s]
Epoch 42/150:  60%|██████    | 270/449 [00:01<00:00, 220.70it/s]
Epoch 42/150:  65%|██████▌   | 293/449 [00:01<00:00, 209.21it/s]
Epoch 42/150:  71%|███████   | 317/449 [00:01<00:00, 217.66it/s]
Epoch 42/150:  76%|███████▌  | 340/449 [00:01<00:00, 211.06it/s]
Epoch 42/150:  81%|████████  | 364/449 [00:01<00:00, 218.99it/s]
Epoch 42/150:  86%|████████▌ | 387/449 [00:02<00:00, 217.44it/s]
Epoch 42/150:  91%|█████████ | 409/449 [00:02<00:00, 214.85it/s]
Epoch 42/150:  96%|█████████▋| 433/449 [00:02<00:00, 221.04it/s]
Epoch 42/150: 100%|██████████| 449/449 [00:02<00:00, 188.76it/s]

Epoch 43/150:   0%|          | 0/449 [00:00<?, ?it/s]
Epoch 43/150:   0%|          | 1/449 [00:00<00:54,  8.28it/s]
Epoch 43/150:   6%|▌         | 25/449 [00:00<00:03, 131.90it/s]
Epoch 43/150:  11%|█         | 49/449 [00:00<00:02, 171.01it/s]
Epoch 43/150:  15%|█▌        | 69/449 [00:00<00:02, 179.44it/s]
Epoch 43/150:  21%|██        | 95/449 [00:00<00:01, 205.42it/s]
Epoch 43/150:  26%|██▌       | 116/449 [00:00<00:01, 194.64it/s]
Epoch 43/150:  32%|███▏      | 143/449 [00:00<00:01, 216.70it/s]
Epoch 43/150:  37%|███▋      | 165/449 [00:00<00:01, 206.22it/s]
Epoch 43/150:  42%|████▏     | 190/449 [00:00<00:01, 217.15it/s]
Epoch 43/150:  47%|████▋     | 212/449 [00:01<00:01, 207.39it/s]
Epoch 43/150:  53%|█████▎    | 237/449 [00:01<00:00, 217.61it/s]
Epoch 43/150:  58%|█████▊    | 259/449 [00:01<00:00, 212.37it/s]
Epoch 43/150:  63%|██████▎   | 282/449 [00:01<00:00, 215.63it/s]
Epoch 43/150:  68%|██████▊   | 304/449 [00:01<00:00, 215.01it/s]
Epoch 43/150:  73%|███████▎  | 326/449 [00:01<00:00, 211.01it/s]
Epoch 43/150:  78%|███████▊  | 351/449 [00:01<00:00, 221.60it/s]
Epoch 43/150:  83%|████████▎ | 374/449 [00:01<00:00, 214.35it/s]
Epoch 43/150:  89%|████████▉ | 401/449 [00:01<00:00, 227.33it/s]
Epoch 43/150:  94%|█████████▍| 424/449 [00:02<00:00, 212.95it/s]
Epoch 43/150: 100%|██████████| 449/449 [00:02<00:00, 202.20it/s]

Epoch 44/150:   0%|          | 0/449 [00:00<?, ?it/s]
Epoch 44/150:   0%|          | 1/449 [00:00<00:53,  8.32it/s]
Epoch 44/150:   5%|▌         | 23/449 [00:00<00:03, 120.46it/s]
Epoch 44/150:  10%|█         | 46/449 [00:00<00:02, 167.61it/s]
Epoch 44/150:  16%|█▌        | 70/449 [00:00<00:01, 192.20it/s]
Epoch 44/150:  20%|██        | 90/449 [00:00<00:01, 193.80it/s]
Epoch 44/150:  26%|██▌       | 117/449 [00:00<00:01, 218.31it/s]
Epoch 44/150:  31%|███       | 140/449 [00:00<00:01, 207.07it/s]
Epoch 44/150:  37%|███▋      | 167/449 [00:00<00:01, 224.89it/s]
Epoch 44/150:  42%|████▏     | 190/449 [00:00<00:01, 209.50it/s]
Epoch 44/150:  49%|████▊     | 218/449 [00:01<00:01, 227.30it/s]
Epoch 44/150:  54%|█████▍    | 242/449 [00:01<00:00, 210.83it/s]
Epoch 44/150:  60%|█████▉    | 269/449 [00:01<00:00, 225.47it/s]
Epoch 44/150:  65%|██████▌   | 293/449 [00:01<00:00, 209.30it/s]
Epoch 44/150:  71%|███████▏  | 320/449 [00:01<00:00, 222.98it/s]
Epoch 44/150:  76%|███████▋  | 343/449 [00:01<00:00, 213.61it/s]
Epoch 44/150:  82%|████████▏ | 369/449 [00:01<00:00, 224.51it/s]
Epoch 44/150:  87%|████████▋ | 392/449 [00:01<00:00, 212.42it/s]
Epoch 44/150:  93%|█████████▎| 416/449 [00:02<00:00, 218.62it/s]
Epoch 44/150:  98%|█████████▊| 439/449 [00:02<00:00, 209.69it/s]
Epoch 44/150: 100%|██████████| 449/449 [00:02<00:00, 201.34it/s]

Epoch 45/150:   0%|          | 0/449 [00:00<?, ?it/s]
Epoch 45/150:   0%|          | 1/449 [00:00<00:52,  8.48it/s]
Epoch 45/150:   6%|▌         | 28/449 [00:00<00:02, 150.31it/s]
Epoch 45/150:  11%|█         | 48/449 [00:00<00:02, 170.46it/s]
Epoch 45/150:  16%|█▌        | 72/449 [00:00<00:01, 195.12it/s]
Epoch 45/150:  21%|██        | 94/449 [00:00<00:01, 201.44it/s]
Epoch 45/150:  26%|██▌       | 116/449 [00:00<00:01, 206.48it/s]
Epoch 45/150:  32%|███▏      | 143/449 [00:00<00:01, 225.80it/s]
Epoch 45/150:  37%|███▋      | 166/449 [00:00<00:01, 209.14it/s]
Epoch 45/150:  43%|████▎     | 193/449 [00:00<00:01, 224.34it/s]
Epoch 45/150:  48%|████▊     | 216/449 [00:01<00:01, 208.53it/s]
Epoch 45/150:  54%|█████▍    | 242/449 [00:01<00:00, 222.14it/s]
Epoch 45/150:  59%|█████▉    | 265/449 [00:01<00:00, 206.78it/s]
Epoch 45/150:  65%|██████▌   | 292/449 [00:01<00:00, 221.94it/s]
Epoch 45/150:  70%|███████   | 315/449 [00:01<00:00, 211.98it/s]
Epoch 45/150:  76%|███████▌  | 340/449 [00:01<00:00, 219.74it/s]
Epoch 45/150:  81%|████████  | 363/449 [00:01<00:00, 213.00it/s]
Epoch 45/150:  87%|████████▋ | 389/449 [00:01<00:00, 224.47it/s]
Epoch 45/150:  92%|█████████▏| 412/449 [00:01<00:00, 214.77it/s]
Epoch 45/150:  97%|█████████▋| 436/449 [00:02<00:00, 220.24it/s]
Epoch 45/150: 100%|██████████| 449/449 [00:02<00:00, 204.48it/s]

Epoch 46/150:   0%|          | 0/449 [00:00<?, ?it/s]
Epoch 46/150:   0%|          | 1/449 [00:00<00:52,  8.45it/s]
Epoch 46/150:   5%|▍         | 21/449 [00:00<00:03, 112.99it/s]
Epoch 46/150:  10%|▉         | 44/449 [00:00<00:02, 162.85it/s]
Epoch 46/150:  15%|█▌        | 69/449 [00:00<00:01, 195.55it/s]
Epoch 46/150:  20%|█▉        | 89/449 [00:00<00:01, 188.93it/s]
Epoch 46/150:  26%|██▌       | 116/449 [00:00<00:01, 213.50it/s]
Epoch 46/150:  31%|███       | 138/449 [00:00<00:01, 204.15it/s]
Epoch 46/150:  37%|███▋      | 166/449 [00:00<00:01, 226.25it/s]
Epoch 46/150:  42%|████▏     | 189/449 [00:00<00:01, 212.58it/s]
Epoch 46/150:  48%|████▊     | 215/449 [00:01<00:01, 225.53it/s]
Epoch 46/150:  53%|█████▎    | 238/449 [00:01<00:00, 213.60it/s]
Epoch 46/150:  59%|█████▊    | 263/449 [00:01<00:00, 222.37it/s]
Epoch 46/150:  64%|██████▎   | 286/449 [00:01<00:00, 209.38it/s]
Epoch 46/150:  69%|██████▉   | 310/449 [00:01<00:00, 217.12it/s]
Epoch 46/150:  74%|███████▍  | 332/449 [00:01<00:00, 203.20it/s]
Epoch 46/150:  79%|███████▉  | 355/449 [00:01<00:00, 210.37it/s]
Epoch 46/150:  84%|████████▍ | 377/449 [00:01<00:00, 205.86it/s]
Epoch 46/150:  89%|████████▊ | 398/449 [00:01<00:00, 206.38it/s]
Epoch 46/150:  94%|█████████▍| 422/449 [00:02<00:00, 215.02it/s]
Epoch 46/150:  99%|█████████▉| 444/449 [00:02<00:00, 203.07it/s]
Epoch 46/150: 100%|██████████| 449/449 [00:02<00:00, 198.62it/s]

Epoch 47/150:   0%|          | 0/449 [00:00<?, ?it/s]
Epoch 47/150:   0%|          | 1/449 [00:00<00:55,  8.06it/s]
Epoch 47/150:   6%|▌         | 27/449 [00:00<00:02, 141.66it/s]
Epoch 47/150:  10%|█         | 45/449 [00:00<00:02, 156.17it/s]
Epoch 47/150:  15%|█▌        | 69/449 [00:00<00:02, 187.85it/s]
Epoch 47/150:  20%|██        | 90/449 [00:00<00:01, 193.63it/s]
Epoch 47/150:  25%|██▍       | 112/449 [00:00<00:01, 200.83it/s]
Epoch 47/150:  30%|███       | 136/449 [00:00<00:01, 207.15it/s]
Epoch 47/150:  35%|███▌      | 158/449 [00:00<00:01, 209.88it/s]
Epoch 47/150:  41%|████      | 185/449 [00:00<00:01, 222.36it/s]
Epoch 47/150:  46%|████▋     | 208/449 [00:01<00:01, 212.96it/s]
Epoch 47/150:  53%|█████▎    | 236/449 [00:01<00:00, 231.19it/s]
Epoch 47/150:  58%|█████▊    | 260/449 [00:01<00:00, 215.36it/s]
Epoch 47/150:  64%|██████▍   | 289/449 [00:01<00:00, 235.10it/s]
Epoch 47/150:  70%|██████▉   | 313/449 [00:01<00:00, 220.95it/s]
Epoch 47/150:  75%|███████▌  | 338/449 [00:01<00:00, 228.84it/s]
Epoch 47/150:  81%|████████  | 362/449 [00:01<00:00, 216.67it/s]
Epoch 47/150:  86%|████████▌ | 386/449 [00:01<00:00, 222.46it/s]
Epoch 47/150:  91%|█████████ | 409/449 [00:01<00:00, 214.63it/s]
Epoch 47/150:  96%|█████████▌| 431/449 [00:02<00:00, 211.71it/s]
Epoch 47/150: 100%|██████████| 449/449 [00:02<00:00, 203.75it/s]

Epoch 48/150:   0%|          | 0/449 [00:00<?, ?it/s]
Epoch 48/150:   0%|          | 1/449 [00:00<00:56,  7.90it/s]
Epoch 48/150:   5%|▍         | 21/449 [00:00<00:03, 108.41it/s]
Epoch 48/150:  10%|▉         | 44/449 [00:00<00:02, 158.87it/s]
Epoch 48/150:  16%|█▌        | 70/449 [00:00<00:01, 192.77it/s]
Epoch 48/150:  20%|██        | 90/449 [00:00<00:01, 184.68it/s]
Epoch 48/150:  26%|██▌       | 115/449 [00:00<00:01, 203.99it/s]
Epoch 48/150:  30%|███       | 136/449 [00:00<00:01, 191.31it/s]
Epoch 48/150:  36%|███▋      | 163/449 [00:00<00:01, 212.30it/s]
Epoch 48/150:  41%|████      | 185/449 [00:01<00:01, 195.94it/s]
Epoch 48/150:  47%|████▋     | 212/449 [00:01<00:01, 214.79it/s]
Epoch 48/150:  52%|█████▏    | 234/449 [00:01<00:01, 202.49it/s]
Epoch 48/150:  58%|█████▊    | 261/449 [00:01<00:00, 220.15it/s]
Epoch 48/150:  63%|██████▎   | 284/449 [00:01<00:00, 207.75it/s]
Epoch 48/150:  69%|██████▉   | 309/449 [00:01<00:00, 218.34it/s]
Epoch 48/150:  74%|███████▍  | 332/449 [00:01<00:00, 212.45it/s]
Epoch 48/150:  80%|███████▉  | 357/449 [00:01<00:00, 221.26it/s]
Epoch 48/150:  85%|████████▍ | 380/449 [00:01<00:00, 220.21it/s]
Epoch 48/150:  90%|████████▉ | 403/449 [00:02<00:00, 217.30it/s]
Epoch 48/150:  95%|█████████▍| 426/449 [00:02<00:00, 219.11it/s]
Epoch 48/150: 100%|██████████| 449/449 [00:02<00:00, 212.63it/s]
Epoch 48/150: 100%|██████████| 449/449 [00:02<00:00, 197.11it/s]

Epoch 49/150:   0%|          | 0/449 [00:00<?, ?it/s]
Epoch 49/150:   0%|          | 1/449 [00:00<00:52,  8.51it/s]
Epoch 49/150:   6%|▌         | 28/449 [00:00<00:02, 151.30it/s]
Epoch 49/150:  11%|█         | 49/449 [00:00<00:02, 173.51it/s]
Epoch 49/150:  16%|█▌        | 71/449 [00:00<00:01, 189.68it/s]
Epoch 49/150:  21%|██        | 95/449 [00:00<00:01, 202.10it/s]
Epoch 49/150:  26%|██▌       | 116/449 [00:00<00:01, 201.16it/s]
Epoch 49/150:  32%|███▏      | 142/449 [00:00<00:01, 219.38it/s]
Epoch 49/150:  37%|███▋      | 165/449 [00:00<00:01, 204.77it/s]
Epoch 49/150:  43%|████▎     | 192/449 [00:00<00:01, 221.84it/s]
Epoch 49/150:  48%|████▊     | 215/449 [00:01<00:01, 210.09it/s]
Epoch 49/150:  54%|█████▍    | 243/449 [00:01<00:00, 227.81it/s]
Epoch 49/150:  59%|█████▉    | 267/449 [00:01<00:00, 211.59it/s]
Epoch 49/150:  65%|██████▌   | 293/449 [00:01<00:00, 224.49it/s]
Epoch 49/150:  70%|███████   | 316/449 [00:01<00:00, 209.89it/s]
Epoch 49/150:  76%|███████▋  | 343/449 [00:01<00:00, 224.51it/s]
Epoch 49/150:  82%|████████▏ | 366/449 [00:01<00:00, 209.19it/s]
Epoch 49/150:  88%|████████▊ | 393/449 [00:01<00:00, 225.19it/s]
Epoch 49/150:  93%|█████████▎| 417/449 [00:02<00:00, 211.84it/s]
Epoch 49/150:  98%|█████████▊| 442/449 [00:02<00:00, 219.90it/s]
Epoch 49/150: 100%|██████████| 449/449 [00:02<00:00, 202.82it/s]

Epoch 50/150:   0%|          | 0/449 [00:00<?, ?it/s]
Epoch 50/150:   0%|          | 1/449 [00:00<00:53,  8.42it/s]
Epoch 50/150:   5%|▍         | 22/449 [00:00<00:03, 115.75it/s]
Epoch 50/150:  11%|█         | 49/449 [00:00<00:02, 180.85it/s]
Epoch 50/150:  15%|█▌        | 68/449 [00:00<00:02, 184.06it/s]
Epoch 50/150:  20%|██        | 90/449 [00:00<00:01, 195.70it/s]
Epoch 50/150:  25%|██▍       | 112/449 [00:00<00:01, 201.30it/s]
Epoch 50/150:  30%|██▉       | 133/449 [00:00<00:01, 202.89it/s]
Epoch 50/150:  36%|███▌      | 160/449 [00:00<00:01, 222.72it/s]
Epoch 50/150:  41%|████      | 183/449 [00:00<00:01, 207.87it/s]
Epoch 50/150:  47%|████▋     | 211/449 [00:01<00:01, 227.25it/s]
Epoch 50/150:  52%|█████▏    | 235/449 [00:01<00:00, 218.33it/s]
Epoch 50/150:  58%|█████▊    | 261/449 [00:01<00:00, 229.29it/s]
Epoch 50/150:  63%|██████▎   | 285/449 [00:01<00:00, 212.02it/s]
Epoch 50/150:  69%|██████▉   | 311/449 [00:01<00:00, 222.85it/s]
Epoch 50/150:  74%|███████▍  | 334/449 [00:01<00:00, 209.70it/s]
Epoch 50/150:  80%|███████▉  | 359/449 [00:01<00:00, 219.61it/s]
Epoch 50/150:  85%|████████▌ | 382/449 [00:01<00:00, 163.84it/s]
Epoch 50/150:  90%|████████▉ | 402/449 [00:02<00:00, 170.93it/s]
Epoch 50/150:  95%|█████████▍| 426/449 [00:02<00:00, 186.54it/s]
Epoch 50/150: 100%|██████████| 449/449 [00:02<00:00, 193.06it/s]

Epoch 51/150:   0%|          | 0/449 [00:00<?, ?it/s]
Epoch 51/150:   0%|          | 1/449 [00:00<00:53,  8.40it/s]
Epoch 51/150:   5%|▍         | 22/449 [00:00<00:03, 116.17it/s]
Epoch 51/150:  10%|█         | 46/449 [00:00<00:02, 167.32it/s]
Epoch 51/150:  15%|█▌        | 69/449 [00:00<00:02, 187.99it/s]
Epoch 51/150:  20%|██        | 90/449 [00:00<00:01, 193.54it/s]
Epoch 51/150:  26%|██▌       | 116/449 [00:00<00:01, 214.68it/s]
Epoch 51/150:  31%|███       | 138/449 [00:00<00:01, 202.19it/s]
Epoch 51/150:  37%|███▋      | 165/449 [00:00<00:01, 221.84it/s]
Epoch 51/150:  43%|████▎     | 193/449 [00:00<00:01, 237.26it/s]
Epoch 51/150:  49%|████▉     | 219/449 [00:01<00:00, 241.04it/s]
Epoch 51/150:  54%|█████▍    | 244/449 [00:01<00:00, 225.28it/s]
Epoch 51/150:  60%|██████    | 270/449 [00:01<00:00, 230.71it/s]
Epoch 51/150:  65%|██████▌   | 294/449 [00:01<00:00, 221.64it/s]
Epoch 51/150:  71%|███████▏  | 321/449 [00:01<00:00, 233.22it/s]
Epoch 51/150:  77%|███████▋  | 345/449 [00:01<00:00, 211.55it/s]
Epoch 51/150:  83%|████████▎ | 373/449 [00:01<00:00, 227.11it/s]
Epoch 51/150:  88%|████████▊ | 397/449 [00:01<00:00, 213.61it/s]
Epoch 51/150:  94%|█████████▍| 424/449 [00:01<00:00, 227.47it/s]
Epoch 51/150: 100%|█████████▉| 448/449 [00:02<00:00, 217.01it/s]
Epoch 51/150: 100%|██████████| 449/449 [00:02<00:00, 205.69it/s]

Epoch 52/150:   0%|          | 0/449 [00:00<?, ?it/s]
Epoch 52/150:   0%|          | 1/449 [00:00<00:54,  8.16it/s]
Epoch 52/150:   6%|▌         | 26/449 [00:00<00:03, 136.80it/s]
Epoch 52/150:  10%|█         | 47/449 [00:00<00:02, 166.71it/s]
Epoch 52/150:  16%|█▌        | 72/449 [00:00<00:01, 197.89it/s]
Epoch 52/150:  22%|██▏       | 97/449 [00:00<00:01, 216.10it/s]
Epoch 52/150:  27%|██▋       | 120/449 [00:00<00:01, 202.27it/s]
Epoch 52/150:  33%|███▎      | 147/449 [00:00<00:01, 221.95it/s]
Epoch 52/150:  38%|███▊      | 170/449 [00:00<00:01, 211.29it/s]
Epoch 52/150:  44%|████▍     | 197/449 [00:00<00:01, 228.22it/s]
Epoch 52/150:  49%|████▉     | 221/449 [00:01<00:01, 212.52it/s]
Epoch 52/150:  55%|█████▌    | 248/449 [00:01<00:00, 227.38it/s]
Epoch 52/150:  61%|██████    | 272/449 [00:01<00:00, 215.03it/s]
Epoch 52/150:  67%|██████▋   | 299/449 [00:01<00:00, 227.42it/s]
Epoch 52/150:  72%|███████▏  | 323/449 [00:01<00:00, 210.08it/s]
Epoch 52/150:  78%|███████▊  | 349/449 [00:01<00:00, 221.98it/s]
Epoch 52/150:  83%|████████▎ | 372/449 [00:01<00:00, 211.82it/s]
Epoch 52/150:  89%|████████▉ | 401/449 [00:01<00:00, 231.22it/s]
Epoch 52/150:  95%|█████████▍| 425/449 [00:02<00:00, 214.02it/s]
Epoch 52/150: 100%|██████████| 449/449 [00:02<00:00, 206.29it/s]

Epoch 53/150:   0%|          | 0/449 [00:00<?, ?it/s]
Epoch 53/150:   0%|          | 1/449 [00:00<00:54,  8.28it/s]
Epoch 53/150:   5%|▍         | 22/449 [00:00<00:03, 117.19it/s]
Epoch 53/150:  10%|█         | 46/449 [00:00<00:02, 168.49it/s]
Epoch 53/150:  16%|█▌        | 72/449 [00:00<00:01, 199.31it/s]
Epoch 53/150:  21%|██        | 93/449 [00:00<00:01, 190.34it/s]
Epoch 53/150:  27%|██▋       | 120/449 [00:00<00:01, 213.09it/s]
Epoch 53/150:  32%|███▏      | 142/449 [00:00<00:01, 198.38it/s]
Epoch 53/150:  38%|███▊      | 171/449 [00:00<00:01, 222.69it/s]
Epoch 53/150:  43%|████▎     | 194/449 [00:01<00:01, 206.62it/s]
Epoch 53/150:  49%|████▉     | 222/449 [00:01<00:01, 225.27it/s]
Epoch 53/150:  55%|█████▍    | 246/449 [00:01<00:00, 208.30it/s]
Epoch 53/150:  61%|██████    | 274/449 [00:01<00:00, 225.22it/s]
Epoch 53/150:  66%|██████▋   | 298/449 [00:01<00:00, 214.17it/s]
Epoch 53/150:  72%|███████▏  | 323/449 [00:01<00:00, 223.65it/s]
Epoch 53/150:  77%|███████▋  | 346/449 [00:01<00:00, 212.83it/s]
Epoch 53/150:  82%|████████▏ | 370/449 [00:01<00:00, 220.11it/s]
Epoch 53/150:  88%|████████▊ | 393/449 [00:01<00:00, 209.33it/s]
Epoch 53/150:  93%|█████████▎| 417/449 [00:02<00:00, 216.14it/s]
Epoch 53/150:  98%|█████████▊| 439/449 [00:02<00:00, 209.88it/s]
Epoch 53/150: 100%|██████████| 449/449 [00:02<00:00, 200.22it/s]

Epoch 54/150:   0%|          | 0/449 [00:00<?, ?it/s]
Epoch 54/150:   0%|          | 1/449 [00:00<00:53,  8.32it/s]
Epoch 54/150:   6%|▌         | 26/449 [00:00<00:03, 137.79it/s]
Epoch 54/150:  10%|█         | 47/449 [00:00<00:02, 168.24it/s]
Epoch 54/150:  15%|█▌        | 68/449 [00:00<00:02, 181.92it/s]
Epoch 54/150:  21%|██        | 93/449 [00:00<00:01, 197.30it/s]
Epoch 54/150:  25%|██▌       | 113/449 [00:00<00:01, 197.40it/s]
Epoch 54/150:  31%|███       | 140/449 [00:00<00:01, 219.07it/s]
Epoch 54/150:  36%|███▋      | 163/449 [00:00<00:01, 203.65it/s]
Epoch 54/150:  43%|████▎     | 191/449 [00:00<00:01, 224.19it/s]
Epoch 54/150:  48%|████▊     | 214/449 [00:01<00:01, 214.04it/s]
Epoch 54/150:  53%|█████▎    | 239/449 [00:01<00:00, 223.50it/s]
Epoch 54/150:  58%|█████▊    | 262/449 [00:01<00:00, 212.58it/s]
Epoch 54/150:  64%|██████▎   | 286/449 [00:01<00:00, 219.46it/s]
Epoch 54/150:  69%|██████▉   | 309/449 [00:01<00:00, 218.23it/s]
Epoch 54/150:  74%|███████▎  | 331/449 [00:01<00:00, 210.71it/s]
Epoch 54/150:  79%|███████▉  | 355/449 [00:01<00:00, 212.86it/s]
Epoch 54/150:  84%|████████▍ | 377/449 [00:01<00:00, 211.41it/s]
Epoch 54/150:  90%|████████▉ | 403/449 [00:01<00:00, 223.87it/s]
Epoch 54/150:  95%|█████████▍| 426/449 [00:02<00:00, 207.60it/s]
Epoch 54/150: 100%|██████████| 449/449 [00:02<00:00, 201.41it/s]

Epoch 55/150:   0%|          | 0/449 [00:00<?, ?it/s]
Epoch 55/150:   0%|          | 1/449 [00:00<00:53,  8.41it/s]
Epoch 55/150:   5%|▌         | 23/449 [00:00<00:03, 121.46it/s]
Epoch 55/150:  10%|█         | 46/449 [00:00<00:02, 166.82it/s]
Epoch 55/150:  16%|█▌        | 72/449 [00:00<00:01, 197.22it/s]
Epoch 55/150:  21%|██        | 93/449 [00:00<00:01, 193.34it/s]
Epoch 55/150:  27%|██▋       | 120/449 [00:00<00:01, 215.73it/s]
Epoch 55/150:  32%|███▏      | 142/449 [00:00<00:01, 204.94it/s]
Epoch 55/150:  37%|███▋      | 168/449 [00:00<00:01, 220.33it/s]
Epoch 55/150:  43%|████▎     | 191/449 [00:00<00:01, 211.18it/s]
Epoch 55/150:  48%|████▊     | 216/449 [00:01<00:01, 221.35it/s]
Epoch 55/150:  53%|█████▎    | 239/449 [00:01<00:00, 214.39it/s]
Epoch 55/150:  58%|█████▊    | 262/449 [00:01<00:00, 218.08it/s]
Epoch 55/150:  63%|██████▎   | 284/449 [00:01<00:00, 214.58it/s]
Epoch 55/150:  68%|██████▊   | 306/449 [00:01<00:00, 216.06it/s]
Epoch 55/150:  74%|███████▍  | 333/449 [00:01<00:00, 229.43it/s]
Epoch 55/150:  80%|███████▉  | 357/449 [00:01<00:00, 219.09it/s]
Epoch 55/150:  86%|████████▌ | 384/449 [00:01<00:00, 231.54it/s]
Epoch 55/150:  91%|█████████ | 408/449 [00:01<00:00, 215.13it/s]
Epoch 55/150:  97%|█████████▋| 435/449 [00:02<00:00, 228.84it/s]
Epoch 55/150: 100%|██████████| 449/449 [00:02<00:00, 203.61it/s]

Epoch 56/150:   0%|          | 0/449 [00:00<?, ?it/s]
Epoch 56/150:   0%|          | 1/449 [00:00<00:57,  7.85it/s]
Epoch 56/150:   6%|▌         | 26/449 [00:00<00:03, 134.05it/s]
Epoch 56/150:  11%|█         | 48/449 [00:00<00:02, 167.26it/s]
Epoch 56/150:  15%|█▌        | 69/449 [00:00<00:02, 181.29it/s]
Epoch 56/150:  22%|██▏       | 97/449 [00:00<00:01, 213.33it/s]
Epoch 56/150:  27%|██▋       | 119/449 [00:00<00:01, 199.39it/s]
Epoch 56/150:  33%|███▎      | 146/449 [00:00<00:01, 219.45it/s]
Epoch 56/150:  38%|███▊      | 169/449 [00:00<00:01, 209.46it/s]
Epoch 56/150:  43%|████▎     | 195/449 [00:00<00:01, 223.20it/s]
Epoch 56/150:  49%|████▊     | 218/449 [00:01<00:01, 211.35it/s]
Epoch 56/150:  54%|█████▍    | 243/449 [00:01<00:00, 221.65it/s]
Epoch 56/150:  59%|█████▉    | 266/449 [00:01<00:00, 214.58it/s]
Epoch 56/150:  65%|██████▍   | 290/449 [00:01<00:00, 220.55it/s]
Epoch 56/150:  70%|██████▉   | 313/449 [00:01<00:00, 217.30it/s]
Epoch 56/150:  75%|███████▍  | 335/449 [00:01<00:00, 216.76it/s]
Epoch 56/150:  81%|████████  | 362/449 [00:01<00:00, 231.34it/s]
Epoch 56/150:  86%|████████▌ | 386/449 [00:01<00:00, 213.90it/s]
Epoch 56/150:  92%|█████████▏| 413/449 [00:01<00:00, 227.45it/s]
Epoch 56/150:  97%|█████████▋| 437/449 [00:02<00:00, 213.39it/s]
Epoch 56/150: 100%|██████████| 449/449 [00:02<00:00, 203.73it/s]
Applying augmentations: ['dtwwarp', 'discdtw'] (this might take a while)...
Augmentations ['dtwwarp', 'discdtw'] applied successfully.
Fold 0 | Input Dim: 70 | Train: 14367, Val: 720, Test: 1347
Epoch 1, Train Loss: 0.1967, Train F1: 0.5813, Val F1: 0.6338, LR: 0.000040
✅ Model Saved (Best F1-score)
Epoch 2, Train Loss: 0.1804, Train F1: 0.6385, Val F1: 0.6525, LR: 0.000060
✅ Model Saved (Best F1-score)
Epoch 3, Train Loss: 0.1731, Train F1: 0.6666, Val F1: 0.6681, LR: 0.000080
✅ Model Saved (Best F1-score)
Epoch 4, Train Loss: 0.1666, Train F1: 0.6858, Val F1: 0.6698, LR: 0.000100
✅ Model Saved (Best F1-score)
Epoch 5, Train Loss: 0.1635, Train F1: 0.6948, Val F1: 0.6605, LR: 0.000100
Epoch 6, Train Loss: 0.1595, Train F1: 0.7053, Val F1: 0.6787, LR: 0.000100
✅ Model Saved (Best F1-score)
Epoch 7, Train Loss: 0.1549, Train F1: 0.7149, Val F1: 0.6598, LR: 0.000100
Epoch 8, Train Loss: 0.1512, Train F1: 0.7233, Val F1: 0.6748, LR: 0.000100
Epoch 9, Train Loss: 0.1475, Train F1: 0.7302, Val F1: 0.6646, LR: 0.000100
Epoch 10, Train Loss: 0.1428, Train F1: 0.7393, Val F1: 0.6787, LR: 0.000100
Epoch 11, Train Loss: 0.1391, Train F1: 0.7482, Val F1: 0.6431, LR: 0.000100
Epoch 12, Train Loss: 0.1353, Train F1: 0.7551, Val F1: 0.6569, LR: 0.000099
Epoch 13, Train Loss: 0.1301, Train F1: 0.7657, Val F1: 0.6488, LR: 0.000099
Epoch 14, Train Loss: 0.1264, Train F1: 0.7708, Val F1: 0.6460, LR: 0.000099
Epoch 15, Train Loss: 0.1223, Train F1: 0.7779, Val F1: 0.6581, LR: 0.000099
Epoch 16, Train Loss: 0.1167, Train F1: 0.7902, Val F1: 0.6573, LR: 0.000099
Epoch 17, Train Loss: 0.1124, Train F1: 0.7958, Val F1: 0.6439, LR: 0.000098
Epoch 18, Train Loss: 0.1081, Train F1: 0.8034, Val F1: 0.6483, LR: 0.000098
Epoch 19, Train Loss: 0.1036, Train F1: 0.8106, Val F1: 0.6341, LR: 0.000098
Epoch 20, Train Loss: 0.0980, Train F1: 0.8218, Val F1: 0.6118, LR: 0.000097
Epoch 21, Train Loss: 0.0934, Train F1: 0.8282, Val F1: 0.6343, LR: 0.000097
Epoch 22, Train Loss: 0.0902, Train F1: 0.8364, Val F1: 0.6262, LR: 0.000097
Epoch 23, Train Loss: 0.0846, Train F1: 0.8452, Val F1: 0.6260, LR: 0.000096
Epoch 24, Train Loss: 0.0805, Train F1: 0.8519, Val F1: 0.6223, LR: 0.000096
Epoch 25, Train Loss: 0.0759, Train F1: 0.8616, Val F1: 0.6205, LR: 0.000095
Epoch 26, Train Loss: 0.0725, Train F1: 0.8689, Val F1: 0.6150, LR: 0.000095
Epoch 27, Train Loss: 0.0687, Train F1: 0.8748, Val F1: 0.6227, LR: 0.000094
Epoch 28, Train Loss: 0.0659, Train F1: 0.8808, Val F1: 0.6108, LR: 0.000094
Epoch 29, Train Loss: 0.0629, Train F1: 0.8863, Val F1: 0.6213, LR: 0.000093
Epoch 30, Train Loss: 0.0599, Train F1: 0.8918, Val F1: 0.6021, LR: 0.000093
Epoch 31, Train Loss: 0.0560, Train F1: 0.9019, Val F1: 0.6147, LR: 0.000092
Epoch 32, Train Loss: 0.0550, Train F1: 0.9014, Val F1: 0.6119, LR: 0.000092
Epoch 33, Train Loss: 0.0510, Train F1: 0.9116, Val F1: 0.5998, LR: 0.000091
Epoch 34, Train Loss: 0.0491, Train F1: 0.9138, Val F1: 0.6146, LR: 0.000090
Epoch 35, Train Loss: 0.0457, Train F1: 0.9202, Val F1: 0.6133, LR: 0.000090
Epoch 36, Train Loss: 0.0429, Train F1: 0.9248, Val F1: 0.6138, LR: 0.000089
Epoch 37, Train Loss: 0.0408, Train F1: 0.9292, Val F1: 0.6238, LR: 0.000088
Epoch 38, Train Loss: 0.0390, Train F1: 0.9345, Val F1: 0.6100, LR: 0.000088
Epoch 39, Train Loss: 0.0362, Train F1: 0.9372, Val F1: 0.6102, LR: 0.000087
Epoch 40, Train Loss: 0.0345, Train F1: 0.9414, Val F1: 0.5958, LR: 0.000086
Epoch 41, Train Loss: 0.0339, Train F1: 0.9417, Val F1: 0.6049, LR: 0.000086
Epoch 42, Train Loss: 0.0326, Train F1: 0.9450, Val F1: 0.6040, LR: 0.000085
Epoch 43, Train Loss: 0.0293, Train F1: 0.9516, Val F1: 0.6119, LR: 0.000084
Epoch 44, Train Loss: 0.0282, Train F1: 0.9546, Val F1: 0.6110, LR: 0.000083
Epoch 45, Train Loss: 0.0260, Train F1: 0.9597, Val F1: 0.5991, LR: 0.000082
Epoch 46, Train Loss: 0.0253, Train F1: 0.9588, Val F1: 0.6099, LR: 0.000082
Epoch 47, Train Loss: 0.0229, Train F1: 0.9635, Val F1: 0.6024, LR: 0.000081
Epoch 48, Train Loss: 0.0221, Train F1: 0.9636, Val F1: 0.6137, LR: 0.000080
Epoch 49, Train Loss: 0.0218, Train F1: 0.9653, Val F1: 0.6238, LR: 0.000079
Epoch 50, Train Loss: 0.0199, Train F1: 0.9689, Val F1: 0.6002, LR: 0.000078
Epoch 51, Train Loss: 0.0190, Train F1: 0.9703, Val F1: 0.6158, LR: 0.000077
Epoch 52, Train Loss: 0.0188, Train F1: 0.9712, Val F1: 0.6026, LR: 0.000076
Epoch 53, Train Loss: 0.0171, Train F1: 0.9734, Val F1: 0.6175, LR: 0.000075
Epoch 54, Train Loss: 0.0172, Train F1: 0.9744, Val F1: 0.6155, LR: 0.000074
Epoch 55, Train Loss: 0.0161, Train F1: 0.9754, Val F1: 0.6086, LR: 0.000073
Epoch 56, Train Loss: 0.0138, Train F1: 0.9786, Val F1: 0.5936, LR: 0.000072
⏹️ Early Stopping Triggered
Fold 0 Test F1: 0.6651, Accuracy: 0.3563, cost 1.3138686805277642e-05 sec

✅ F1 scores from each Fold:
Fold 0: Macro F1 = 0.6651, Accuracy: 0.3563, cost time = 0.000013 sec
  - Correct: F1 = 0.3866
  - Far from the shins: F1 = 0.7150
  - Hips rise first: F1 = 0.7194
  - Collide with the knees: F1 = 0.5802
  - Lower back rounding: F1 = 0.6458

📊 Average F1 Score: 0.6651 ± 0.0000
  Average F1 Score per Class:
  - Correct: 0.3866 ± 0.0000
  - Far from the shins: 0.7150 ± 0.0000
  - Hips rise first: 0.7194 ± 0.0000
  - Collide with the knees: 0.5802 ± 0.0000
  - Lower back rounding: 0.6458 ± 0.0000
🏆 Best F1: 0.6651 from Fold 0
📁 Best model saved at: ./models/deadlift/TST_Deadlift_3D/dtwwarp_discdtw/PatchTST_model_fold0.pth

✅ 寫入完成：./models/deadlift/TST_Deadlift_3D/dtwwarp_discdtw/results_summary.txt
All dtwwarp combinations completed.
